n,i,j,pstar,E,F3,F3_sign,S_minus,S_plus,slope_left,slope_right,certified_by
100,45,56,0.5049700454140149,92.50176072076077,6.03618708913244,+,-0.3735748022887368,0.1068084690188007,-1.494446868584049,0.4272760932629305,double
100,45,57,0.5099476629070172,92.50322508905037,6.926366545795744,+,-0.09634997007049617,0.3710408160396192,-0.3855524912071182,1.484750964208168,double
100,46,57,0.5149101830749367,92.50528178996795,7.10772295863211,+,-0.2718238797668144,0.2085211118628122,-1.088263261784111,0.8348268207390134,double
100,46,58,0.5198954380744938,92.50832925186178,7.850746081459803,+,-0.0001611129554123933,0.4671094842675834,-0.0006454738092552514,1.87140095206931,double
100,47,57,0.5198665122893092,92.5083279446318,7.416127563502727,+,-0.4620245490804606,0.0227215568268902,-1.85102042678112,0.0910299374752865,double
100,47,58,0.52485046161289,92.51196006254435,8.176737129270506,+,-0.1692238771013263,0.311043924222611,-0.6785717038574691,1.247256647523036,double
100,48,58,0.529799961603272,92.51658058481259,8.620694980776108,+,-0.3536396594174498,0.1311095248518597,-1.419601275542019,0.5263076234775499,double
100,48,59,0.5347909762135947,92.52180370529427,9.241525776654555,+,-0.0659668454201294,0.4141835842228381,-0.2651511502442597,1.664794686930177,double
100,49,59,0.5397336444667671,92.52799824188493,9.821035151515176,+,-0.2446880338347119,0.2400638669057278,-0.9849722845748407,0.9663580671449292,double
100,50,59,0.5446724154625969,92.53481019941016,10.49479703447617,+,-0.3952165441217125,0.08458711464017543,-1.593586982684625,0.341071057875358,double
100,50,60,0.5496676416723353,92.54259487584251,11.01568573073146,+,-0.1353547758704945,0.3493978551152562,-0.546814797687322,1.411519587901594,double
100,51,60,0.5546001976798677,92.55098939162181,11.81638245842204,+,-0.2808864310545242,0.1990992115690138,-1.137105394879416,0.8060082743812457,double
100,51,61,0.5596020366000329,92.56038851483321,12.20313753940368,+,-0.02582945829561787,0.4589197830221043,-0.104807101329474,1.862139408841494,double
100,52,60,0.5595304538249167,92.56038784856256,12.68660423904043,+,-0.4344630834113244,0.03040844013069521,-1.762841492750524,0.1233827729880086,double
100,52,61,0.5645283345004445,92.57037005202872,13.13147864186537,+,-0.1664647519650987,0.3137362041522688,-0.6771371494925599,1.276200735978173,double
100,53,61,0.5694529581127773,92.58136150641981,14.12027491361977,+,-0.3158375739682814,0.1494663456963242,-1.288206042827764,0.6096280670669191,double
100,53,62,0.5744568972382903,92.59297638193293,14.43878053928811,+,-0.05212820340157525,0.4283196186155638,-0.2132415119849049,1.752132571743698,double
100,54,61,0.5743768697011097,92.59298320884886,15.15253658924919,+,-0.4291867860411214,0.01036399853873254,-1.755594365696114,0.04239407650108386,double
100,54,62,0.5793758255694696,92.60556894867726,15.54722696481166,+,-0.1976269829795996,0.2681740708321256,-0.8109454494769901,1.100429400531209,double
100,55,62,0.5842946659353992,92.61880065671438,16.68974700803346,+,-0.3074748815096529,0.132792674450336,-1.265878792362083,0.5467094727945941,double
100,55,63,0.5892991165903617,92.6330411229155,16.96634307830818,+,-0.07990365523053389,0.3864583789056583,-0.3301453765822339,1.596766088723469,double
100,56,63,0.5942128077445946,92.64789452784316,18.22049517608073,+,-0.1865389539461514,0.2545364474106445,-0.7736226798612925,1.055624921243204,double
100,57,63,0.5991280155772627,92.66378466015621,19.48050558973522,+,-0.2942790782180068,0.1104168066053108,-1.225276356191782,0.4597374141544037,double
100,57,64,0.6041313453632225,92.68030290634155,19.74384170773858,+,-0.06690041374883815,0.3750743309896382,-0.2797346849300132,1.568320641463059,double
100,58,64,0.6090419462830778,92.69784245818896,21.10721524982866,+,-0.1726146396607094,0.2331833205574919,-0.7249369851630648,0.9793098298471742,double
100,59,64,0.6139557072020447,92.71603410217121,22.44599244094529,+,-0.2351427411122038,0.1235554057480819,-0.9921044540844841,0.5212998189486782,double
100,59,65,0.6189562244833915,92.73527627447309,22.72735726390129,+,-0.05364071793044436,0.3533722714167685,-0.2274362968153236,1.498296143471909,double
100,60,64,0.6188736586644742,92.7352839378682,23.73838777564837,+,-0.2915259353537175,0.009859489139917299,-1.235965173493678,0.04180068984459748,double
100,60,65,0.6238659307102498,92.75514920384161,24.16072343422965,+,-0.115592178775235,0.2444362630368927,-0.4926001137043243,1.041673686241049,double
100,61,65,0.6287805010760464,92.77609804559327,25.53632923230382,+,-0.1725093573342047,0.1301940471582453,-0.7390652991332262,0.5577778730110388,double
100,62,65,0.6337010143196623,92.79770228414726,26.83022076658447,+,-0.1700208589577019,0.06618910684504026,-0.7324569219918019,0.2851454213695381,double
100,62,66,0.6386875306479001,92.82039039451456,27.33065849552882,+,-0.04682819478850394,0.2573177375993114,-0.2029252216363436,1.115060257375575,double
100,63,66,0.6436052775452472,92.84373836324531,28.69708786767868,+,-0.05327670397503041,0.1842117395494868,-0.2322664530739875,0.8030941137012043,double
100,64,66,0.6485308209901931,92.86819710722361,29.9428264931972,+,-0.05009012798067625,0.113058040618279,-0.2197527274098282,0.4960021821278349,double
200,92,109,0.5024934985222976,189.2023001112697,8.977208463354103,+,-0.1186647655029573,0.3477167778499933,-0.4746708671425225,1.390901703319397,double
200,93,109,0.5049856322428623,189.2028206893688,9.060340476762661,+,-0.3294260399039354,0.1471586294409638,-1.317835186849166,0.5886930492269289,double
200,93,110,0.5074804991311335,189.2035526190812,9.931363774802236,+,-0.05141135753367799,0.4149497286828122,-0.2056914703586838,1.660170513136,double
200,94,110,0.5099712707882632,189.2046333881039,10.12021582617288,+,-0.2589197927624645,0.2176452651363781,-1.036091229675607,0.8709274327092473,double
200,95,110,0.5124608884586693,189.2059274474402,10.40207636673355,+,-0.4516110679863098,0.03106723370344472,-1.807566942671723,0.1243461655911095,double
200,95,111,0.5149569219514211,189.2075686015845,11.17915998512639,+,-0.1880828161384253,0.2884494842135429,-0.7530050821583639,1.154831323872239,double
200,96,111,0.5174452632146879,189.2094236904294,11.56146947015795,+,-0.3777314792829709,0.1049293192860522,-1.512767482864046,0.4202288422355355,double
200,96,112,0.5199425920729543,189.2116272190492,12.23670501596861,+,-0.1169499632397042,0.3595363255075824,-0.4685452277863162,1.440436789083264,double
200,97,112,0.5224296573899883,189.2140431477166,12.71942166287077,+,-0.303568593251227,0.1790687016141858,-1.216722855125286,0.7177191143461918,double
200,97,113,0.5249282875317289,189.216810473655,13.29238015840416,+,-0.04555605293373929,0.4308708185066417,-0.1826782911584442,1.72777797385821,double
200,98,113,0.5274140765998988,189.2197872166507,13.87551628750755,+,-0.2291562544852506,0.2534513928456625,-0.919388816920057,1.016862388236112,double
200,99,113,0.529899084382094,189.2231173782725,14.52830509578951,+,-0.4247319960778224,0.05956584881931282,-1.705024847946873,0.2391184400135621,double
200,99,114,0.5323985265103794,189.2266576404417,15.02933292984657,+,-0.1545282884532587,0.3280433874676753,-0.6207193420942396,1.317706147433921,double
200,100,114,0.5348823385716162,189.2305493259156,15.77754255743343,+,-0.3473182494316384,0.1369859714726512,-1.396067813589718,0.5506238327506289,double
200,100,115,0.5373830128496966,189.2346565108984,16.18044655251346,+,-0.0797185299553195,0.4028106331759879,-0.3206666330239247,1.620299942299175,double
200,101,115,0.5398656269387019,189.2391101484833,17.02423037283766,+,-0.2697366624399216,0.2145744268379061,-1.085849473964233,0.8637888761599554,double
200,101,116,0.5423675414203745,189.2437862717518,17.32842660821363,+,-0.00476091518844249,0.4777189380041555,-0.01918138374629987,1.924695128990583,double
200,102,115,0.5423477450456692,189.2437848833482,17.91912157480895,+,-0.4416699171093132,0.03957630535360934,-1.779444201870482,0.1594490010862704,double
200,102,116,0.5448489545629133,189.2488024553889,18.26798960667054,+,-0.1920204453358101,0.2922977914008264,-0.7743116723035334,1.178674444142614,double
200,103,116,0.5473299523867983,189.2540412137046,19.25357099012986,+,-0.3614041011565378,0.1199082234385194,-1.458686965639704,0.4839695012952327,double
200,103,117,0.5498323266043477,189.2596292129702,19.50843531566483,+,-0.1142023844199417,0.3701230345052238,-0.4613925699628629,1.495345469012807,double
200,104,117,0.5523122001887855,189.2654328584404,20.58498584109097,+,-0.2810514477885833,0.2003336928297008,-1.136647839795876,0.8102034733672697,double
200,104,118,0.5548157483147894,189.2715937500031,20.74517571670738,+,-0.03631801508774756,0.448014344303299,-0.1470393356920585,1.813858257608755,double
200,105,117,0.554791861309052,189.2715946817566,21.69365729748061,+,-0.4562526501713121,0.01704895027434777,-1.847192785679334,0.0690246904612086,double
200,105,118,0.5572944930124247,189.2779633166522,21.9130240681436,+,-0.2006496913581777,0.2808147726153938,-0.8132776175667479,1.138204438313917,double
200,106,118,0.5597731055369206,189.2846922661939,23.10784251618384,+,-0.3735739520605006,0.09987796718392949,-1.515960854419381,0.4053041911372329,double
200,106,119,0.5622768355123091,189.2916364601551,23.23733657681709,+,-0.1202268493808461,0.3613232142904016,-0.4884855756370919,1.46806790024567,double
200,107,119,0.5647543940024666,189.2989338882391,24.51869221401536,+,-0.2908911114491738,0.1827235988246105,-1.183413275937889,0.7433624616404791,double
200,107,120,0.5672592324473616,189.3064565366867,24.55756644787593,+,-0.03982392050745305,0.4418177626430038,-0.1622312925369676,1.799839538298379,double
200,108,119,0.5672320236105896,189.3064575923434,25.81261031731424,+,-0.4395324196921218,0.02077572506454006,-1.79050301170305,0.08463311608374698,double
200,108,120,0.5697357307981489,189.3143239748483,25.9258978195724,+,-0.20824762911711,0.2655421837651439,-0.8495155378813284,1.083240236769133,double
200,109,120,0.5722123807431534,189.3224194320502,27.30153966897419,+,-0.354953721216766,0.1056067835479539,-1.450060999229249,0.4314260392932027,double
200,109,121,0.5747171201191752,189.3308673459044,27.3291430141916,+,-0.1256885229787092,0.3482885260458115,-0.5142373156825408,1.424974631511627,double
200,110,121,0.5771927836895544,189.3395364020266,28.78699633177408,+,-0.2704690255326327,0.1903615495142739,-1.1082921382001,0.7800383364667539,double
200,110,122,0.5796985662734839,189.3485692252459,28.72810297931247,+,-0.04326889395948414,0.4309073281546408,-0.1775876237751549,1.768564006880751,double
200,111,121,0.5796688038906692,189.3485704983886,30.23714353100512,+,-0.4196129462320888,0.02254894084158166,-1.722175183512775,0.09254534847070917,double
200,111,122,0.5821732361100581,189.3578139032799,30.26870285759611,+,-0.1862115400932464,0.2749067372306677,-0.7655227483236461,1.130152088920614,double
200,112,122,0.5846483438068311,189.3674255830103,31.79620191947178,+,-0.3336937617347876,0.1088325258888726,-1.374160363406199,0.4481754245221086,double
200,112,123,0.5871537417726957,189.377257785483,31.74637362966301,+,-0.1017801957710008,0.3596433277095878,-0.4198779771562527,1.483651232860663,double
200,113,123,0.5896279291832933,189.3874494519332,33.35179623304698,+,-0.2475185673215318,0.1953944748266184,-1.02294418996323,0.8075258552832548,double
200,113,124,0.592134304562838,189.3978743086682,33.21971413687768,+,-0.01801678569440505,0.4437294288463167,-0.07460018615350741,1.837303199094185,double
200,114,123,0.5921027625893388,189.397872111347,34.92838565664722,+,-0.3671477915539179,0.05166652727459403,-1.520173189598588,0.2139249407713451,double
200,114,124,0.5946075632723151,189.4086485784175,34.90367864958579,+,-0.162186304867189,0.2811358815298865,-0.6728342772507986,1.166299816826857,double
200,115,124,0.5970815505508528,189.4196559877665,36.55322780467689,+,-0.2804896717344316,0.1388022877401227,-1.165912794616055,0.5769601504308172,double
200,115,125,0.5995872494353889,189.4310298098774,36.45159302336596,+,-0.07750577995789468,0.366247974493611,-0.3228299387844976,1.525509597477127,double
200,116,125,0.6020603819372272,189.4426249007284,38.17474360839714,+,-0.1946201539634116,0.2251757509806437,-0.8123264290438873,0.9398626502770622,double
200,117,125,0.6045344556691746,189.4545946243119,39.84691347355104,+,-0.3125345075868192,0.07774180034107325,-1.307278944208003,0.3251807918921583,double
200,117,126,0.6070392596072013,189.4667862710702,39.79271408838244,+,-0.1075156394738132,0.3128106901010664,-0.4507188270346915,1.311341010631341,double
200,118,126,0.6095125538374008,189.4793498209375,41.53335452014156,+,-0.2241656248168607,0.166693212204107,-0.9418446696817853,0.7003710471435498,double
200,118,127,0.6120181865268495,189.4921486924031,41.40691204332904,+,-0.02301522551631021,0.397868189294308,-0.09692583216713919,1.675573646360958,double
200,119,126,0.6119870061225002,189.4921472295901,43.20572611848306,+,-0.3106885362352729,0.04529598614421371,-1.308388620303958,0.1907529435577757,double
200,119,127,0.6144906919497608,189.505309539247,43.21671986841609,+,-0.1390530967268837,0.2524177030881017,-0.5869897097009783,1.065539694884241,double
200,120,127,0.6169644418684093,189.5187066589633,44.95219938512163,+,-0.2252856295825992,0.1313368064863591,-0.9533102507797425,0.55575992201587,double
200,120,128,0.619468872478388,189.5324815653538,44.89681916412232,+,-0.05593535550302831,0.3361771686462182,-0.2372885192280388,1.426128105005376,double
200,121,127,0.6194395716183981,189.5324845426566,46.60132808862632,+,-0.3086071516293715,0.0080300568199142,-1.309131922229256,0.03406403145475231,double
200,121,128,0.6219419108706817,189.5464827591803,46.69609860923126,+,-0.136384566445292,0.2209069012807831,-0.5800385642932072,0.9395089576558892,double
200,122,128,0.624416417795402,189.5608683448283,48.40269551772016,+,-0.2188544648385864,0.09844637660974523,-0.9331995008049002,0.4197771773860003,double
200,122,129,0.6269194151293954,189.5754859258298,48.43726898479356,+,-0.05360698121001826,0.3043850949828434,-0.2291959729403474,1.301394639623824,double
200,123,128,0.6268925321231884,189.5754887275301,50.00398796666802,+,-0.2677051312105267,0.00485529560218656,-1.144536527392872,0.02075814962105579,double
200,123,129,0.629393290410731,189.5904827531609,50.20200604512725,+,-0.136658722542802,0.1813371314373769,-0.5858709578830049,0.7774122055158066,double
200,124,129,0.6318688644495204,189.6057167842658,51.85480004750681,+,-0.1776604432043825,0.09555412235714209,-0.7637676065800335,0.4107900555421432,double
200,124,130,0.6343701910180507,189.6213386130144,51.99913879565521,+,-0.04756830538224981,0.2711545022862988,-0.2050847261194291,1.16904830623179,double
200,125,129,0.6343462801684531,189.6213408474262,53.382378759587,+,-0.2199681533495267,0.004218848242406731,-0.9483385729003547,0.0181885262051084,double
200,125,130,0.6368452165066519,189.6371929616639,53.7040691798163,+,-0.09662997970538435,0.1772688191166322,-0.4178171171190031,0.7664903499330263,double
200,126,130,0.6393221781099401,189.6534396076351,55.27680055871284,+,-0.1404526511455872,0.08433956725776404,-0.6091029915708368,0.3657565898933755,double
200,126,131,0.6418215894331574,189.669924020863,55.55170632709027,+,-0.007288777326466048,0.267324972555649,-0.0317059635516688,1.162855641854235,double
200,127,130,0.6418012233644872,189.6699228158342,56.70335420551234,+,-0.1485113471371597,0.02354427070181422,-0.6460036900102103,0.1024143006252859,double
200,127,131,0.6442980894549276,189.686800728816,57.17016884268571,+,-0.05057554292413427,0.1748490735792409,-0.2206823053640834,0.7629398404308206,double
200,128,131,0.6467767711095546,189.7039175808349,58.63508234518869,+,-0.05817361100217073,0.1143964071343119,-0.2546374945252149,0.5007358833935996,double
200,129,131,0.6492577871619841,189.7214325260511,59.93169933846377,+,-0.05882945587073984,0.05797803423091093,-0.2583387932910163,0.254599930917403,double
200,130,131,0.651741293532325,189.7391875110872,61.04477612046367,+,-0.003604830114440611,0.05537590761073616,-0.01588208739951064,0.2439740505323132,double
500,237,264,0.5009989705412512,482.6498880810287,13.98744871755838,+,-0.05471984195743468,0.4103089421918498,-0.2188802415490073,1.641242320226908,double
500,238,264,0.5019978001425973,482.6500202154136,14.04383233756809,+,-0.2744902588183199,0.1976615971359128,-1.097978564305222,0.7906590112737435,double
500,238,265,0.5029969117165718,482.6502059120317,14.96230220325859,+,-0.01248756395378818,0.4525378318353464,-0.04995205038848623,1.810216361028374,double
500,239,265,0.5039956004572458,482.6504803612631,15.08758303688816,+,-0.2309533346379374,0.2411945604134896,-0.9238723363851012,0.9648398556440871,double
500,240,265,0.504994161679425,482.6508085403929,15.27612143340326,+,-0.4417165927852034,0.03599755365008434,-1.767042662985576,0.1440045814483199,double
500,240,266,0.5059934011160366,482.6512253602473,16.13117044061588,+,-0.1873231124152253,0.2848181791540181,-0.7494001260397675,1.139436434748721,double
500,241,266,0.5069918269077536,482.6516959719414,16.38630536316745,+,-0.3968304531881503,0.08087800983444854,-1.587632262451817,0.3235753120872129,double
500,241,267,0.5079912022912074,482.6522552482786,17.17451282208833,+,-0.14360319585992,0.3285288466794389,-0.5745595473540004,1.314451146512077,double
500,242,267,0.5089894926928565,482.6528682669635,17.49622454672686,+,-0.3518553925909513,0.1258454875377438,-1.407876657927254,0.5035447179172238,double
500,242,268,0.5099890041551162,482.6535700750401,18.21752839738065,+,-0.09979718532172911,0.372322958482639,-0.3993481294382234,1.489886478637723,double
500,243,268,0.5109871591941151,482.6543254818544,18.60580319828637,+,-0.3067949497053902,0.1708964437510685,-1.227772654224028,0.6839160179891653,double
500,243,269,0.5119868068803728,482.655169903999,19.26013526310805,+,-0.05590867969597983,0.4161969103197526,-0.2237633232087952,1.665745001827996,double
500,244,269,0.5129848265711474,482.6560676867892,19.71496541939376,+,-0.2616526609965422,0.2160273366331701,-1.047316978523633,0.8646925149526744,double
500,244,270,0.5139846106398631,482.6570548124213,20.30225138493574,+,-0.01194127621015312,0.4601470984205216,-0.04780249965283817,1.842029371517186,double
500,245,269,0.5139827481102676,482.6570548396342,20.22052545748505,+,-0.4769445392899638,0.004641629906221412,-1.909271339046351,0.01858105128869315,double
500,245,270,0.514982494983847,482.6580949657398,20.82363518074925,+,-0.2164320606943633,0.2612346254952453,-0.8665062793061378,1.045877596126924,double
500,246,270,0.5159802864884478,482.6592245369276,21.39348825459496,+,-0.4305219191752217,0.05105552331835633,-1.723848550458398,0.2044309150016187,double
500,246,271,0.5169801645924372,482.6604074164957,21.93173629612238,+,-0.1711366813416451,0.3065147702516795,-0.6853371273883981,1.227474732474449,double
500,247,271,0.5179778260420886,482.6616794121404,22.5658909447713,+,-0.3840255096017373,0.09754202099763121,-1.538090495514393,0.3906731497220392,double
500,247,272,0.5189778355575375,482.663005150689,23.03919239089026,+,-0.1257700546108622,0.3518642305978048,-0.5038060180033659,1.409487476520409,double
500,248,272,0.5199753669193282,482.66441958362,23.73766294012859,+,-0.3374587810490925,0.144097644326444,-1.351992987657745,0.5773120025553888,double
500,248,273,0.5209755080402005,482.6658882938206,24.14592688463085,+,-0.0803357110554265,0.3972794662531693,-0.3219093685761307,1.591919464577658,double
500,249,273,0.521972909268726,482.6674451835867,24.9087334520749,+,-0.2908252027541827,0.1907189149557333,-1.165551765341722,0.7643518027514402,double
500,249,274,0.5229731822019503,482.6690569852916,25.25186297263508,+,-0.03483718060912631,0.4427569364588539,-0.1396435194579681,1.774774416025652,double
500,250,274,0.5239704532393173,482.6707563581655,26.07903146530941,+,-0.2441282430710169,0.2374023544427739,-0.9787624919853496,0.9517969617714609,double
500,251,274,0.5249676605414503,482.6725110585834,26.94209145748169,+,-0.4445273710077201,0.03916701156491037,-1.782554347989435,0.1570596802723559,double
500,251,275,0.5259679989806625,482.6743532674224,27.24848571431187,+,-0.1973713701210041,0.2841444835919692,-0.7916207570581867,1.139651972203869,double
500,252,275,0.5269650812903366,482.67625064678,28.17368386428763,+,-0.3966231979994459,0.08706524064589966,-1.591120506221242,0.3492768210975185,double
500,252,276,0.5279655466428981,482.6782360854037,28.4170246590736,+,-0.1505580519397682,0.33094182230349,-0.6041220751115525,1.327921408754453,double
500,253,276,0.5289625038715156,482.6802761871438,29.4044013513311,+,-0.3486634447872694,0.1350185403060106,-1.39934902405609,0.5418923762483067,double
500,253,277,0.529963096376768,482.6824050001788,29.5845764700378,+,-0.1036917568078355,0.3777908892349922,-0.4162618855095376,1.516609928528083,double
500,254,277,0.5309599284236707,482.6845878745289,30.63417769723907,+,-0.3006515195375502,0.1830234906307891,-1.207234698888957,0.7349116643119789,double
500,254,278,0.5319606483336967,482.6868602138857,30.7510689935379,+,-0.0567759541426795,0.4246882009020288,-0.2280355543777158,1.705722269096478,double
500,255,278,0.532957355086113,482.6891859178705,31.86294638103698,+,-0.2525908305606246,0.2310766706866791,-1.014772252991251,0.9283400874290979,double
500,255,279,0.5339582026658439,482.6916019427826,31.91642972536175,+,-0.009814115017667135,0.4716302711516848,-0.03943837502241876,1.895263248099428,double
500,256,278,0.5339540270777264,482.6916017961619,32.99804330789999,+,-0.4567107989207853,0.02729000184431396,-1.835306719630082,0.109665731316053,double
500,256,279,0.5349547839988549,482.694070540237,33.09064054680897,+,-0.2044847878787944,0.2791746569422924,-0.8219563379309138,1.122183126890694,double
500,257,279,0.535951335820843,482.6966294063135,34.2858097266589,+,-0.4075167774138776,0.07648796450452838,-1.638538343369532,0.3075418475830575,double
500,257,280,0.5369522153026143,482.6992419788836,34.3171930016893,+,-0.1563368039302162,0.3273140225591387,-0.6287815354961466,1.316446342257465,double
500,258,280,0.5379486468149876,482.7019439087484,35.57249902844819,+,-0.3582819170194899,0.1257269130125686,-1.441430885368574,0.5058213851426558,double
500,258,281,0.5389496491389242,482.7047004853138,35.54253616369402,+,-0.1081502984473945,0.3754913325028365,-0.4352423753887112,1.511135353693924,double
500,259,281,0.5399459601899433,482.707545561832,36.85804911212091,+,-0.3090095632817064,0.1750034885699207,-1.243978216452394,0.7045106477358172,double
500,259,282,0.5409470856501197,482.7104463253397,36.76660206785522,+,-0.05992870741494351,0.4237031345754846,-0.2413333693788851,1.706255807846766,double
500,260,282,0.5419432760762518,482.7134346382613,38.14239751352454,+,-0.2597031218837457,0.2243142714637555,-1.046174368054002,0.9036157882581695,double
500,260,283,0.542944524979415,482.7164797791517,37.9893223293069,+,-0.01167541584652977,0.4719460266292843,-0.04704873858563315,1.901813650604076,double
500,261,282,0.5429394606661079,482.7164795588783,39.52861060129351,+,-0.449181596247913,0.03326260179675367,-1.810076038110926,0.1340389699410107,double
500,261,283,0.5439405946053076,482.7196114251296,39.42548136029535,+,-0.2103660227529047,0.2736558169539194,-0.8480133860914646,1.103142954940497,double
500,262,283,0.5449366636401595,482.7227998554067,40.86978454351555,+,-0.3988127326484039,0.08365072998087941,-1.608241039168743,0.3373275873573386,double
500,262,284,0.5459379159093407,482.7260762240111,40.70723738045342,+,-0.1610015047220807,0.3230248706002317,-0.6494884604034514,1.303099161963269,double
500,263,284,0.5469338692017433,482.7294082718375,42.20971776409834,+,-0.3484174926896024,0.1340660107667346,-1.4060589705086,0.5410311509439757,double
500,263,285,0.5479352401215194,482.7328293510207,41.98760185295384,+,-0.1116130514712409,0.372417932310327,-0.4505936795238287,1.503490534739169,double
500,264,285,0.5489310774725545,482.7363051312876,43.54835191010079,+,-0.297999337221643,0.1845049696863589,-1.203523495048077,0.7451562410875684,double
500,264,286,0.5499325673759636,482.7398711369126,43.26651060137641,+,-0.06220500029070231,0.4218306475665373,-0.25132649160825,1.704319849052074,double
500,264,340,0.604637307024695,483.0487058351532,-232.5368319830357,-,-0.006489073086693252,2.288497988929637e-05,-0.02714513708095328,9.573261202184616e-05,double
500,265,286,0.5509282885751748,482.7434907715691,44.88562820365422,+,-0.2475628061930162,0.2349630525010631,-1.00063254963294,0.9497051754631053,double
500,265,287,0.5519298978077938,482.7472019271996,44.54389897069717,+,-0.01277959537015518,0.4712607541241594,-0.05167580096348335,1.905598434586856,double
500,266,286,0.5519240328923282,482.7472016142391,46.50219523634121,+,-0.4398055716255257,0.03917255283667076,-1.778401314571408,0.1583984468463473,double
500,266,287,0.5529255026331356,482.7509655452221,46.2214874114897,+,-0.197109774237955,0.285438369604029,-0.7973732135456071,1.154691140610911,double
500,267,287,0.5539211358319314,482.7548205120434,47.89423275699227,+,-0.3883852567371514,0.09063232053257442,-1.571821238092144,0.3667950927578251,double
500,267,288,0.5549227197709332,482.7587298196531,47.55586983752431,+,-0.1466446317525016,0.3359265149315728,-0.5937426379030043,1.360117262619349,double
500,268,288,0.5559182416201911,482.762729052632,49.28490149817117,+,-0.3369543749461354,0.1421040331705554,-1.364888707416376,0.5756155864835366,double
500,268,289,0.5569199401141156,482.7667839772328,48.88871528154039,+,-0.09617126604344177,0.3864235848051909,-0.3897358531061011,1.565988799776636,double
500,269,289,0.5579153503713812,482.770927625557,50.67414655131563,+,-0.2855168903096194,0.1935837138516784,-1.157598776046119,0.7848651965008286,double
500,269,290,0.5589171637892827,482.7751284153972,50.21996303896748,+,-0.04569385947036251,0.4369253797743356,-0.1853489954786473,1.772309916014567,double
500,270,289,0.5589108075346391,482.7751288688145,52.44617207129846,+,-0.4629783597828881,0.01052202313394524,-1.877983479932896,0.04268058150771316,double
500,270,290,0.5599124622007552,482.7794166354798,52.06191253714661,+,-0.2340771242471908,0.2450670277461419,-0.9499478602479879,0.9945478413300168,double
500,271,290,0.5609078127942069,482.7837626424434,53.88813958940284,+,-0.4106295240696787,0.06293273816133838,-1.667258624768422,0.2555226653940736,double
500,271,291,0.561909577224629,482.7881965022681,53.44814356579093,+,-0.1826399210442635,0.2965491165810674,-0.741934416496691,1.204665412223107,double
500,272,291,0.562904820987857,482.7926874415132,55.32869434687132,+,-0.3582855908047497,0.1153405132144818,-1.456191051308184,0.4687819647420641,double
500,272,292,0.563906695560372,482.7972676610748,54.83278324126064,+,-0.131210879767476,0.3480243667111025,-0.5335598937943881,1.415216820962613,double
500,272,345,0.6176533184281107,483.154450855267,-242.7936280173035,-,-0.001752421497696663,0.007649397044854143,-0.007420556358992937,0.03239105543858124,double
500,273,292,0.564901832221946,482.8019037085191,56.7677851329762,+,-0.3059525985201259,0.1677392992598132,-1.244783744566905,0.682455890401349,double
500,273,293,0.5659038173264882,482.8066305624743,56.21577462239509,+,-0.07976541625358639,0.3995173471179232,-0.3247028089182907,1.626323924749039,double
500,274,293,0.5668988466038914,482.8114119014998,58.20536022626362,+,-0.2535995205305079,0.2201601120337242,-1.032888672005083,0.8966928851888247,double
500,274,294,0.5679009426426491,482.8162856737341,57.59706020707381,+,-0.02835859586967189,0.4509729766373617,-0.115565663007285,1.837784609752209,double
500,275,293,0.5678939520048124,482.8162856029976,60.16815767802819,+,-0.4327486656808221,0.03332469008512345,-1.763510902571408,0.1358027394433927,double
500,275,294,0.5688958642421494,482.8212124953631,59.64136740506365,+,-0.201293219612097,0.2725360773533734,-0.820756215947914,1.111242991636267,double
500,276,294,0.5698908672788433,482.8262318658577,61.65653795810664,+,-0.3796072633022604,0.08655526910775135,-1.548688780008802,0.3531206778071647,double
500,276,295,0.5708928852462941,482.8313059787533,61.0757539093911,+,-0.1490173511487006,0.3248835279584168,-0.6082981467665038,1.326194878976627,double
500,277,295,0.5718877856213593,482.8364712230746,63.14343769414501,+,-0.3265016574221958,0.1397525565465675,-1.333573480382974,0.5708096696894585,double
500,277,296,0.5728899097270704,482.8416928563124,62.50846641560082,+,-0.09678353612453301,0.3771908305058689,-0.3955400653605002,1.541523400836504,double
500,278,296,0.5738847071322281,482.8470041865941,64.62880869995496,+,-0.273445032128268,0.1929033606698857,-1.118196851081398,0.7888383591584235,double
500,278,297,0.5748869377964113,482.8523736506213,63.93945102795772,+,-0.04448321293154807,0.4295665337513186,-0.1820158706535226,1.757695127927914,double
500,278,349,0.6276661702154309,483.2447245016976,-250.620107527594,-,-0.007263583907150555,0.004540203427204912,-0.03108062464668828,0.01942737364149495,double
500,279,296,0.5748796047803326,482.8523740172623,66.71108870915401,+,-0.4365502314505585,0.0199657705828834,-1.78626291034326,0.08169533056968792,double
500,279,297,0.5758816319123675,482.8578312887429,66.11260228266269,+,-0.2203051121976647,0.246139948724244,-0.9019952837644616,1.007770862330665,double
500,280,297,0.5768764316282785,482.8633476403149,68.24530772734028,+,-0.3826231542416323,0.07400895254915607,-1.567549395256737,0.3032035242141943,double
500,280,298,0.5778785600638719,482.8689530744076,67.59476918176625,+,-0.1673361840460005,0.2992080259747049,-0.6859869725368472,1.226589509419495,double
500,281,298,0.5788732615271946,482.8746161783333,69.77805160136268,+,-0.3288991644421524,0.1278520670282008,-1.34916934115582,0.5244588849303268,double
500,281,299,0.5798754916899744,482.8803700998191,69.07525958734703,+,-0.1144588760183898,0.3521869554015519,-0.4698256311597782,1.445641127746088,double
500,282,299,0.5808700945696467,482.8861801984571,71.30927557584312,+,-0.2750225766981909,0.1818507958034528,-1.129641605558617,0.7469431324867515,double
500,282,300,0.58187242689514,482.8920829557654,70.55402309497987,+,-0.06139381010137688,0.4053561059779943,-0.2523411052891513,1.666096429742506,double
500,283,299,0.5818648220356401,482.89208383052,73.4937237324047,+,-0.4394423218667822,0.005422906906749625,-1.806188498423026,0.02228914147681769,double
500,283,300,0.582866930849292,482.8980402997812,72.8389343673299,+,-0.2214320636838774,0.2355664624281724,-0.9107443182056058,0.9688787325874214,double
500,283,301,0.5838693657850802,482.9040922257543,72.03100869882144,+,-0.00866747591162101,0.4581889786679497,-0.03567362687464497,1.885815758790863,double
500,284,300,0.5838615648008021,482.9040914044817,75.07185401140333,+,-0.3851834162429426,0.05982564486974612,-1.585330678712903,0.2462292668539295,double
500,284,301,0.5848637704609352,482.9101970676647,74.36698213785832,+,-0.1679838356609829,0.2891428526576431,-0.6918662364569287,1.190877541755813,double
500,285,301,0.5858583105576177,482.9163959086246,76.64853483419728,+,-0.3306508435735715,0.1145055423367194,-1.362787336603551,0.4719380158867852,double
500,285,302,0.5868606135005539,482.9226511418586,75.89337248219817,+,-0.1142022431174344,0.3430556117990092,-0.471024037373975,1.41492351553207,double
500,286,302,0.5878550593915789,482.9289979992922,78.22372477999983,+,-0.2765896938419032,0.1687175104953608,-1.141604732204027,0.6963697949544004,double
500,286,303,0.5888574600653479,482.9354031423191,77.4180584042727,+,-0.0609766057243505,0.3964154157448968,-0.251860841299772,1.637374185192432,double
500,287,302,0.5888496544837432,482.9354040054108,80.49274814269307,+,-0.4236706830642609,0.007435800664949588,-1.749940687042308,0.03071302935152086,double
500,287,303,0.589851811389275,482.9418982839469,79.79738189626966,+,-0.2227465755536404,0.2227149419452817,-0.9207194565846624,0.9205886995634804,double
500,287,304,0.5908543102537652,482.948453737022,78.94099230451599,+,-0.007273169867383503,0.450256013432012,-0.03008606174106224,1.862520808175947,double
500,288,303,0.5908463173905018,482.9484528202601,82.11290691138527,+,-0.3685493444924834,0.06272865083546958,-1.524525333827734,0.259480633420196,double
500,288,304,0.5918485666383982,482.9550974729332,81.36946369606693,+,-0.1683283455495007,0.2772909808781413,-0.6968275756318866,1.147899370834612,double
500,289,304,0.5928429831914829,482.961800826918,83.73166053507231,+,-0.314194696015614,0.1172587283923439,-1.301659048398642,0.4857844093206083,double
500,289,305,0.5938453252278376,482.9685961904204,82.93992711266634,+,-0.1148109498724194,0.3309696822009587,-0.4760126692054577,1.372218956690358,double
500,290,305,0.5948396519652789,482.9754486761349,85.34897085709218,+,-0.2591617918697708,0.1724709855580989,-1.075335857246184,0.7156310880826467,double
500,290,306,0.5958420872476878,482.9823952014917,84.50872849526075,+,-0.06048269913817447,0.385462736158418,-0.2511590904973904,1.600663852864981,double
500,291,305,0.5958341528393974,482.9823960516955,87.68464363313507,+,-0.4063619753784847,0.008874196062981343,-1.687438904816611,0.03685055343009826,double
500,291,306,0.5968363237915361,482.9893971187716,86.96479920923599,+,-0.2051791546021167,0.2266369063184648,-0.8527006475094607,0.9418765621783207,double
500,291,307,0.5978388527892777,482.9964951413398,86.07582359491551,+,-0.006209542237012997,0.4399041946215607,-0.02582708182794578,1.8296745874802,double
500,292,306,0.5978307400249157,482.9964941899229,89.34497787856111,+,-0.35196124299986,0.06347317959265536,-1.463887587703908,0.2639995215547814,double
500,292,307,0.5988329987510217,483.0036468355302,88.57910637896214,+,-0.1502448256605451,0.2817584558273777,-0.6254154387048119,1.172859614201974,double
500,293,307,0.5998273299727748,483.0108939748485,91.00396824505719,+,-0.2964277743437282,0.1192091887995724,-1.234938182505896,0.496633553586781,double
500,293,308,0.6008296769256354,483.0181986050958,90.19185260404242,+,-0.09673820511123687,0.3354562406832433,-0.4033558907579465,1.398705409259083,double
500,294,308,0.6018239227547741,483.0255960928891,92.66157980239228,+,-0.2425670706812304,0.1732767345558414,-1.012248711728862,0.7230954755488445,double
500,294,309,0.6028263583984834,483.0330531719128,91.80299753629896,+,-0.04190989807003139,0.390479662492235,-0.175042679304709,1.630894120105602,double
500,295,308,0.6028183680282831,483.0330534084346,95.0455862119386,+,-0.3695266945022198,0.02773549647159085,-1.543370462472356,0.1158404701287485,double
500,295,309,0.6038205184437675,483.0406014236535,94.3177771071264,+,-0.1871421867038707,0.2289127745307228,-0.7822973403410688,0.9569079951430067,double
500,296,309,0.6048148835750142,483.0482097056457,96.74425718053948,+,-0.3154408003238964,0.08204451841964128,-1.319759559048187,0.343262625952778,double
500,296,310,0.6058171171136574,483.0559106199511,95.97252420570794,+,-0.1317832106060292,0.2844872331048798,-0.5518496641247533,1.191306413880356,double
500,297,310,0.6068114017214294,483.0636702881108,98.44166080315114,+,-0.2595328142053462,0.1381802343543595,-1.087771379744159,0.5791502883257245,double
500,297,311,0.6078137188394924,483.071524625287,97.6257845869635,+,-0.07865807379415868,0.3378321916583648,-0.3299745239848222,1.417222813273322,double
500,298,311,0.6088079225326432,483.0794359509588,100.1377653364659,+,-0.2062268082193063,0.1917185902544756,-0.8659140255301627,0.8049962935937992,double
500,298,312,0.6098103236974399,483.087444165413,99.27752119548262,+,-0.02341738092966989,0.3932970585253823,-0.09841646772018987,1.652913593584974,double
500,299,311,0.6098023514038646,483.087443789587,102.5513392121541,+,-0.3313529910578539,0.0458514837677319,-1.392570377263353,0.1926990845764435,double
500,299,312,0.6108044460747659,483.0955076471282,101.8325385516209,+,-0.1504368250885905,0.2477455618099883,-0.6328256869359173,1.042163414745059,double
500,300,312,0.6117987993732219,483.1036678963159,104.2865061811173,+,-0.2780205411218856,0.0994291332478362,-1.170607735579657,0.418647169206359,double
500,300,313,0.6128009724149714,483.1118860546734,103.5259477014437,+,-0.09473119572723768,0.3036928368812295,-0.3992448432774635,1.279914162745788,double
500,301,313,0.613795249752608,483.1201991953438,106.0204958509846,+,-0.2218290644993473,0.1558706580963469,-0.9357876588665021,0.6575416010303312,double
500,301,314,0.6147975016214744,483.1285722226378,105.2179595312597,+,-0.04245192889289467,0.3562184258474109,-0.179257047464059,1.504164002319087,double
500,302,313,0.6147897726526577,483.1285725147677,108.4062865240613,+,-0.3302871641023201,0.02454983725095222,-1.394656492049054,0.1036630956999025,double
500,302,314,0.6157917026005203,483.1370384798075,107.7532796458078,+,-0.1696090520564567,0.2083455914306462,-0.7168832850466752,0.8806102634196534,double
500,303,314,0.6167861549741204,483.1455653812869,110.1771401680954,+,-0.2737367807497328,0.08135874816397026,-1.158130096298234,0.3442139364237942,double
500,303,315,0.6177881579764382,483.1541869580878,109.4848285099742,+,-0.113545355648191,0.2646691058832732,-0.4808677560635793,1.120881063949278,double
500,304,315,0.6187825394417661,483.1628676650738,111.9469432555127,+,-0.2217311884467436,0.1336278609774317,-0.9399742364689181,0.5664820879422874,double
500,304,316,0.6197846159408205,483.1716452309886,111.215112909206,+,-0.05756172853056894,0.3209174731938572,-0.2442661851101706,1.361829967816711,double
500,305,315,0.6197771871733434,483.1716460329979,114.2896914750868,+,-0.3237620473317601,0.006679818926067838,-1.373890690267212,0.02834594453188417,double
500,305,316,0.6207789261067047,483.1804804142112,113.7156707680413,+,-0.1653127335183229,0.1903148584478027,-0.7022259562317975,0.8084315745938263,double
500,305,317,0.6217810765551165,483.1894143210075,112.944102825618,+,-0.006793195217570995,0.3719556943558819,-0.02888639466569484,1.581650260473216,double
500,306,316,0.621773508468506,483.1894134876293,116.0940961978306,+,-0.2721228869484527,0.05858600938132807,-1.157126690376388,0.2491206671293977,double
500,306,317,0.6227753150209315,483.1984043321261,115.4832972540094,+,-0.1089773778659149,0.2469238083888874,-0.4638791571591201,1.051069592249595,double
500,307,317,0.6237698316406495,483.2074927186198,117.8975802614204,+,-0.2153976205573113,0.115583352477345,-0.9178314143288979,0.4925125523795215,double
500,307,318,0.6247717062373348,483.2166406003262,117.2497968246168,+,-0.05859035184817372,0.2975895107994964,-0.2499246967953322,1.269406410952517,double
500,308,317,0.6247646355784803,483.2166414477434,120.181613176963,+,-0.3016977791031049,0.002397010841286851,-1.286921073217829,0.0102246817114601,double
500,308,318,0.6257661567337676,483.2258845445954,119.7001220869843,+,-0.1587958693571693,0.1724622605074358,-0.6780848947944055,0.7364426684749292,double
500,308,319,0.6267680998097171,483.2351902406344,119.0151431434726,+,-0.002384112878380848,0.3540795392726374,-0.01019157191735414,1.513614192383154,double
500,309,318,0.6267609005843466,483.2351893595231,122.0173627936527,+,-0.2447191564107042,0.0596457140115825,-1.046113816651563,0.2549706628885508,double
500,309,319,0.6277624837926146,483.2445903067202,121.5016997225373,+,-0.108922185642269,0.2226182154165969,-0.4661233378929321,0.9526759404787711,double
500,310,319,0.6287571671966908,483.2540513417117,123.8523228264572,+,-0.1878738669002289,0.1167660880921844,-0.8048692726950091,0.5002368767344686,double
500,310,320,0.6297588128627373,483.2636108553102,123.3022908273678,+,-0.05246100752052763,0.2793668140953811,-0.2249974745591839,1.198162799723401,double
500,311,319,0.6297521593487071,483.2636115357047,126.0615207617553,+,-0.2711143657926857,0.004774119986011294,-1.162760663155864,0.02047534037781305,double
500,311,320,0.6307534354526191,483.2732288931305,125.6864750377119,+,-0.1386729611545099,0.1662471194977376,-0.5954094200545653,0.7138024614301014,double
500,312,320,0.631748372942184,483.2829460983939,127.9263259743774,+,-0.2140509755011915,0.06210463745015166,-0.920085962727235,0.2669532572993605,double
500,312,321,0.6327497053899396,483.2927227038163,127.5198008447114,+,-0.08196944865085871,0.2232358365885922,-0.3527425981695244,0.9606602252287133,double
500,313,321,0.6337445878745747,483.3025979101289,129.7904717719717,+,-0.1657387781913707,0.1106888224733931,-0.7140453881354898,0.4768759856188524,double
500,313,322,0.6347459770471026,483.3125337364706,129.3522813491005,+,-0.02534165509840193,0.2801539523473319,-0.1093049955241533,1.20837515894256,double
500,314,321,0.6347398009464926,483.3125337058965,131.9082329058701,+,-0.2182955574326397,0.02763721916291934,-0.9415574295949817,0.1192054906761958,double
500,314,322,0.6357408041764655,483.3225675205319,131.653943090726,+,-0.1088028908734958,0.1679015974300256,-0.4698398219347107,0.7250437557840057,double
500,315,322,0.6367359681703254,483.3326622094355,133.7997079444398,+,-0.1709880767515376,0.07520241147908371,-0.7392375950804696,0.3251247154901392,double
500,315,323,0.63773702187898,483.3428559742283,133.516724602384,+,-0.05198858285111811,0.2249977333068058,-0.2250310241803122,0.973895951526025,double
500,316,323,0.6387321364731644,483.3531101271429,135.6906504933884,+,-0.1138925787069813,0.132560233453037,-0.4935683786916557,0.5744671009050768,double
500,316,324,0.639733241013834,483.3634649020574,135.3788006867532,+,-0.006381136073643138,0.270891989367835,-0.02768693592425069,1.175365807195211,double
500,317,323,0.6397276039367022,483.3634644685231,137.6998533007223,+,-0.1725230816161643,0.04183149567809161,-0.7485505405234785,0.1815002862655057,double
500,317,324,0.640728305879381,483.3738785661455,137.581048525492,+,-0.05700592642740369,0.1897138624044011,-0.2476413116239354,0.8241422017568364,double
500,318,324,0.6417237300274017,483.3843934123432,139.6155014498873,+,-0.115317634842452,0.09927842898459134,-0.5015677256119291,0.4318060797566399,double
500,318,325,0.642724476413846,483.3949692028138,139.4708897670033,+,-0.01260585228759982,0.2343856073470632,-0.05489643098992193,1.020711097131924,double
500,319,324,0.6427195232870434,483.3949690186649,141.4762112699736,+,-0.1514027523602606,0.02968050494051497,-0.6593302367209747,0.1292529629967561,double
500,319,325,0.6437198569498506,483.4056446142903,141.5307382989231,+,-0.05834211907908602,0.156499688323751,-0.2543862745736508,0.6823778997579767,double
500,320,325,0.6447156131151807,483.416381666212,143.4137014279905,+,-0.0941124333918424,0.08718530029680126,-0.4108683542111854,0.380626443853695,double
500,320,326,0.645715984722693,483.4272197219938,143.4455546283355,+,-0.01542872751009787,0.1996631205139562,-0.0674430206515946,0.8727799458102656,double
500,321,325,0.6457117548842374,483.4272196740437,145.1136999761341,+,-0.1259410078613129,0.02061548212069425,-0.5505182601973182,0.09011520189445628,double
500,321,326,0.6467117035328523,483.4381183649945,145.3508994716796,+,-0.03707593409310136,0.1444400331221146,-0.1622751915418666,0.6321899802267137,double
500,322,326,0.647707814574694,483.4491189389183,147.0700636644299,+,-0.06875005943413308,0.0779879598649794,-0.3012943109464346,0.3417790300552263,double
500,323,326,0.6487043279750669,483.4601803488536,148.5968324042087,+,-0.07733216573369302,0.03363742997921641,-0.3393443153078735,0.1476057283113235,double
500,323,327,0.6497038746459448,483.4713441030667,149.0262382884171,+,-0.01155916513594232,0.1353635428316157,-0.05078970353415582,0.5947725574378425,double
500,324,326,0.6497012539475384,483.4713441079212,149.9249071521266,+,-0.06371804970949436,0.01071598578374698,-0.2799691551320728,0.04708470362732878,double
500,324,327,0.6507003638413784,483.4825690949328,150.5689889142649,+,-0.02014436537595532,0.09096825108808694,-0.08862870572051346,0.4002309432502281,double
500,325,327,0.6516972724262976,483.493895981058,151.9096954906669,+,-0.02417699962511134,0.05035481461272729,-0.10651226619044,0.2218391653706438,double
1000,482,519,0.5004997280033037,975.2623845883617,19.02413763379462,+,-0.2751833096596252,0.1957809748180858,-1.10073433817558,0.783124681545227,double
1000,482,520,0.5009994809752177,975.2624313740019,19.99912270583076,+,-0.02702936667999246,0.4388700371504388,-0.1081178987427544,1.755487163263169,double
1000,483,520,0.5014991840153704,975.2624970537692,20.07240238120556,+,-0.2446094728296781,0.2263541188845727,-0.9784466877607385,0.9054246154964907,double
1000,484,520,0.501998863427683,975.2625942545653,20.19244799953719,+,-0.4698433819972644,0.005416043600944775,-1.879403564278548,0.02166452064224861,double
1000,484,521,0.5024986400438174,975.2627103346753,21.12063556391917,+,-0.2140012117752832,0.2569609943362063,-0.8560262244799144,1.027869646136429,double
1000,485,521,0.5029982951673652,975.2628579405748,21.28862215263956,+,-0.4386049035109729,0.03665312092218315,-1.754482703655236,0.146617755930641,double
1000,485,522,0.5034980960995669,975.2630244336437,22.16881613467797,+,-0.1833591674948613,0.2876009600240739,-0.7334725710452166,1.150460151330267,double
1000,486,522,0.503997726938055,975.2632224403951,22.38473649191354,+,-0.4073327067030797,0.0679233558522907,-1.62943499216368,0.2717107931418445,double
1000,486,523,0.5044975521935405,975.2634393544532,23.21692304742942,+,-0.1526839803820587,0.3182733753284823,-0.6107853413324863,1.273196518067016,double
1000,487,523,0.5049971587501045,975.2636877584006,23.48077104838512,+,-0.3760274251474103,0.09922611457107794,-1.504259955674645,0.3969441075951927,double
1000,487,524,0.5054970083366769,975.2639551020959,24.26493522369793,+,-0.1219762914920735,0.3489775988925746,-0.487964145415083,1.396079137425561,double
1000,488,524,0.5059965906138463,975.2642539001787,24.57670589058091,+,-0.3446896909752587,0.1305607646289528,-1.378957108121651,0.5223181868813569,double
1000,488,525,0.5064964645398925,975.2645716827776,25.31283162717978,+,-0.09123674013328494,0.3797129910308918,-0.3650085798967818,1.519108414242672,double
1000,489,525,0.5069960225396386,975.2649208725317,25.67252103713633,+,-0.3133201371299744,0.1619266726956626,-1.253525960479886,0.6478335218969369,double
1000,489,526,0.5074959208141293,975.2652891039195,26.36059117282713,+,-0.06046596662099384,0.4104789109755335,-0.2419182388940606,1.642284756130486,double
1000,490,526,0.5079954545378218,975.2656886834759,26.76819654177513,+,-0.2819193950075706,0.1933232069157033,-1.127966011286274,0.7734906163086834,double
1000,490,527,0.5084953771703341,975.266107374158,27.40819276617196,+,-0.02966461094365465,0.4412747182098676,-0.1186927086662294,1.76560857884636,double
1000,491,527,0.5089948866187728,975.2665573422433,27.86371238727685,+,-0.2504880977892464,0.2247497335789836,-1.002276759930359,0.8992899732756318,double
1000,492,527,0.5094943781137347,975.2670264907539,28.35586237832672,+,-0.466078499857579,0.01264886083278921,-1.864986462938838,0.05061369325544431,double
1000,492,528,0.5099943187928451,975.2675268592811,28.95904860181656,+,-0.2190268764973113,0.2562056210630741,-0.8764576908317161,1.025232111264684,double
1000,493,528,0.5104937866783779,975.2680464252313,29.49792405229971,+,-0.4340044568720466,0.04471860635341551,-1.736782842529946,0.1789532504256295,double
1000,493,529,0.5109937510704101,975.2685972462525,30.05418517891962,+,-0.1875363626455712,0.2876902371829509,-0.7505082840001065,1.15131755349132,double
1000,494,529,0.5114931953457391,975.2691672298456,30.63978737772317,+,-0.4019011677976844,0.07681716569821412,-1.608454537000832,0.307431101441923,double
1000,494,530,0.5119931834618623,975.2697685160382,31.14910206759311,+,-0.1560171885307515,0.3192029489004096,-0.6244280161583806,1.277546826800441,double
1000,495,530,0.5124926041256271,975.2703889180741,31.78143341393979,+,-0.369769256078962,0.1089439147012213,-1.480000930631215,0.4360478663212173,double
1000,495,531,0.5129926159775807,975.2710406827358,32.24377924677879,+,-0.1244699847567641,0.350743124797841,-0.4982163507894155,1.403920471612017,double
1000,496,531,0.5134920130278703,975.2717115046125,32.92284318253326,+,-0.3376093456228105,0.1410982286701357,-1.351421403312466,0.5648041698683783,double
1000,496,532,0.5139920486279715,975.272413761663,33.33819664278599,+,-0.09289538293655571,0.3823101323790711,-0.3718727489027679,1.530439031165671,double
1000,497,532,0.514491422062297,975.2731350053747,34.06399770442863,+,-0.3054220596676386,0.1732794835129937,-1.222715325967964,0.6937006462392072,double
1000,497,533,0.5149914814234439,975.273887769355,34.43233417688009,+,-0.06129401381053275,0.4139033399471939,-0.2453966614570426,1.657103059083837,double
1000,498,533,0.5154908312387568,975.2746594374941,35.2048779604869,+,-0.2732080218269636,0.2054870546984231,-1.093882064676451,0.8227379348332513,double
1000,498,534,0.5159909143744229,975.2754627235694,35.52617173819874,+,-0.02966650880061661,0.4455221150541867,-0.118787535532914,1.78391311321399,double
1000,499,534,0.5164902405671069,975.2762848193255,36.34546491664105,+,-0.2409678554006206,0.2377203179415328,-0.9649209778602318,0.9519166830946459,double
1000,500,534,0.5169895544537765,975.2771386052452,37.19124085009594,+,-0.4593708567086522,0.02196889729252316,-1.839607400456649,0.08797716583233225,double
1000,500,535,0.5174896500572114,975.278011170445,37.4857395247742,+,-0.208702183442836,0.2699786491369967,-0.835831416501672,1.081237546300955,double
1000,501,535,0.5179889409799218,975.2789153998829,38.37708581131153,+,-0.426510800389074,0.05482367988301129,-1.70825437967484,0.2195789442720161,double
1000,501,536,0.5184890597189562,975.2798385116515,38.62568269549797,+,-0.1764116292023208,0.3022614239178921,-0.70661272584908,1.210701185853774,double
1000,502,536,0.5189883276726754,975.280793189432,39.5626087182668,+,-0.3936259400994401,0.08770295840718206,-1.576777830935554,0.3513185144479364,double
1000,502,537,0.5194884695622343,975.2817668649691,39.76527532559362,+,-0.1440968155755482,0.3345680182032917,-0.5772642431699745,1.340308271529731,double
1000,503,537,0.519987714541379,975.2827719965153,40.74779151421649,+,-0.3607168910839142,0.1206061165036748,-1.44517700767446,0.4831966311094398,double
1000,503,538,0.5204878795969512,975.2837962536464,40.90449828725514,+,-0.1117583653444057,0.366897807960459,-0.4477852986442891,1.470059480587536,double
1000,504,538,0.5209871015953822,975.2848518449811,41.93261612615333,+,-0.3277842682076627,0.1535325381290311,-1.313451155383509,0.6152140573957675,double
1000,504,539,0.5214872898330456,975.2859267021598,42.04333238901302,+,-0.07939690226712616,0.3992501681120581,-0.318175219676942,1.599955493448852,double
1000,505,539,0.5219864888440696,975.2870327599052,43.11706441338504,+,-0.2948286875850201,0.1864816059277777,-1.181599518069414,0.7473715583716082,double
1000,505,540,0.5224867002804439,975.288158236214,43.18175846288739,+,-0.04701304843202198,0.431624475184578,-0.1884333202350296,1.729997004370689,double
1000,506,540,0.5229858762968209,975.2893147675919,44.30111824510834,+,-0.2618507640089096,0.2194527038054634,-1.049621327887582,0.87966991140409,double
1000,506,541,0.5234861109491044,975.2904908827437,44.31975727943018,+,-0.01460742672016359,0.464020104844367,-0.05855891065386836,1.860184711635206,double
1000,507,540,0.5234850449759552,975.2904908878066,45.437971526816,+,-0.4708462641118694,0.0122378505139919,-1.88754934771618,0.04905963690442545,double
1000,507,541,0.5239852639630286,975.2916978955766,45.48475946568749,+,-0.2288511120959273,0.2524452157813862,-0.9175158096611219,1.012109901636162,double
1000,508,541,0.5244844103011144,975.2929245281221,46.666067343647,+,-0.4372702680870724,0.04580963978209873,-1.753285354884446,0.1836790113671581,double
1000,508,542,0.5249846518521368,975.2941821726272,46.66796981949744,+,-0.1958303482741894,0.2854585240008806,-0.7852821887832282,1.144692314085959,double
1000,509,542,0.5254837758406479,975.2954593262547,47.89374834627006,+,-0.4036732277593868,0.07940228688823042,-1.618898309130237,0.3184363468886032,double
1000,509,543,0.5259840399735759,975.2967676287444,47.85073107772348,+,-0.1627890873917517,0.3184920121263888,-0.6529196775523779,1.277417947310799,double
1000,510,543,0.5264831416034601,975.2980953128094,49.12099730465593,+,-0.3700557510106606,0.1130151825731097,-1.484387344610357,0.4533325216597436,double
1000,510,544,0.5269834283368,975.2994542951657,49.03302496562173,+,-0.1297279443921587,0.3515450636642434,-0.5204274818179223,1.410287606772268,double
1000,511,544,0.5274825075984633,975.300832519627,50.34779697359647,+,-0.3364184452937191,0.1466477179482872,-1.349751587090554,0.5883684227572404,double
1000,511,545,0.5279828169512892,975.3022422043657,50.21483315790431,+,-0.09664753490215872,0.3846170613729328,-0.3878048032678748,1.543302102533676,double
1000,512,545,0.5284818738345878,975.3036709797864,51.5741300726861,+,-0.3027619181463027,0.1802992839832891,-1.214990155928943,0.7235449441659194,double
1000,512,546,0.5289822058265372,975.3051313900593,51.39613730357178,+,-0.06354847394883377,0.4177073885479086,-0.2550508342114939,1.676462254486661,double
1000,513,546,0.529481240320799,975.3066107276072,52.79997925398413,+,-0.2690867776919421,0.213969271005385,-1.080102166008754,0.8588629848502256,double
1000,513,547,0.5299815949720753,975.3081218872027,52.57691897844575,+,-0.03043137773523409,0.4508154272460386,-0.1221647646321258,1.809768885300187,double
1000,514,546,0.5299802724400359,975.3081219604159,54.21228365059164,+,-0.4810839332014515,0.002851625435590865,-1.931279197059374,0.01144765913281055,double
1000,514,547,0.530480607066064,975.3096517986514,54.02532716603014,+,-0.2353936314774869,0.2476570698593858,-0.9450867229948773,0.9943234534886116,double
1000,515,547,0.5309796174458511,975.3112136227588,55.4810073864378,+,-0.4468342008509953,0.03709976412470173,-1.79422473669452,0.14897094804135,double
1000,515,548,0.5314799740793856,975.3127942297253,55.25015638872867,+,-0.2016830875962454,0.2813620707873872,-0.8099429277616387,1.129927264059082,double
1000,516,548,0.5319789627078995,975.3144066579807,56.74923479880954,+,-0.412567179900772,0.07136512313355603,-1.657047063202917,0.286632998126549,double
1000,516,549,0.5324793413697806,975.3160380588822,56.47444947448628,+,-0.1679557540533351,0.3150836640603109,-0.6746698737653238,1.265675338455988,double
1000,517,549,0.532978308234684,975.3177011047432,58.01694941721507,+,-0.3782834721980753,0.1056470990468078,-1.519745198725876,0.4244348044146987,double
1000,517,550,0.53347870894629,975.3193833254244,57.69818892885291,+,-0.1342122386563664,0.3488212400889108,-0.5392666465227478,1.401568607020103,double
1000,518,550,0.5339776540347076,975.3210970029569,59.28413477138281,+,-0.3439836782070386,0.1399450897797272,-1.382318152856459,0.5623773750369921,double
1000,518,551,0.5344780768179721,975.322830069906,58.92135722394096,+,-0.100453150630612,0.3825741878071579,-0.4037323300189734,1.537608002127022,double
1000,519,551,0.5349770001165056,975.3245943937861,60.55077432872133,+,-0.3096683978832728,0.1742584937035308,-1.24476492605916,0.7004617278118865,double
1000,519,552,0.5354774449939297,975.326378334135,60.14393674606902,+,-0.06667909757974386,0.4163418977122126,-0.2680659944129449,1.673794470486377,double
1000,520,552,0.535976346488644,975.3281933196489,61.81685149652151,+,-0.2753382333270968,0.2085867069915643,-1.107084520245297,0.8386888796695733,double
1000,520,553,0.5364768134832653,975.330028161176,61.36590988177568,+,-0.03289069205494718,0.4501237552943821,-0.1322667223607484,1.810128946816868,double
1000,521,552,0.5364752505705009,975.3300282444011,63.48914379860889,+,-0.477467520729134,0.006407413468295597,-1.920088362345219,0.02576677888879427,double
1000,521,553,0.5369756931596855,975.3318938242214,63.08234968912097,+,-0.2409937893558544,0.2429291230470879,-0.9692759409964808,0.9770598444311981,double
1000,522,553,0.5374745760843517,975.3337794590111,64.79697244200599,+,-0.4425852070806351,0.04129221524659749,-1.780341675875439,0.1661019178152131,double
1000,522,554,0.5379750401382375,975.33569595244,64.34725223387386,+,-0.206635660837977,0.2772851451680531,-0.8313381465320487,1.115575683839143,double
1000,523,554,0.5384739018907808,975.3376323141455,66.10423377606685,+,-0.4076893131300385,0.07619064385139412,-1.640470419649363,0.3065778117475076,double
1000,523,555,0.5389743874329423,975.3395997505041,65.61154239074961,+,-0.172264453672445,0.3116541655691226,-0.6932701319864802,1.254237423287997,double
1000,524,555,0.5394732279979099,975.3415868566184,67.41091205286557,+,-0.3727804527929878,0.1111020836803392,-1.500473577133207,0.4471954998653493,double
1000,524,556,0.5399737350524338,975.3436052658786,66.87520343557287,+,-0.1378807916525371,0.3460355585154964,-0.5550709570156398,1.393046024211043,double
1000,525,556,0.5404725544138546,975.3456431345118,68.71699153593909,+,-0.337859193325501,0.1460259657442986,-1.360349936599981,0.5879562171653779,double
1000,525,557,0.5409730830054058,975.347712547298,68.13821852899775,+,-0.1034852453152137,0.3804287514740523,-0.4167394592943042,1.53200267058744,double
1000,526,557,0.5414718811467893,975.349801197177,70.0224563755188,+,-0.3029261454154734,0.1809616775742791,-1.220098453588028,0.7288610319992381,double
1000,526,558,0.5419724313005708,975.3519216447683,69.40057079424241,+,-0.06907843613418085,0.414833120921662,-0.2782746737996432,1.671108349666931,double
1000,527,558,0.5424712082048823,975.3540610952385,71.32729073329892,+,-0.2679819078850624,0.215908618517421,-1.079718028287948,0.8699110686830021,double
1000,527,559,0.5429717799466542,975.3562326095705,70.66224333074217,+,-0.03466097153620174,0.4492480573256803,-0.1396755711859205,1.810364113584965,double
1000,528,558,0.5429699926649496,975.3562326975436,73.24423733285266,+,-0.4726526970868501,0.01023182929788063,-1.904678133599365,0.04123184242998954,double
1000,528,559,0.5434705355963588,975.3584228805971,72.63147866031341,+,-0.2330270833488655,0.2508661840797048,-0.9392075684722919,1.011107444574077,double
1000,528,560,0.5439711289524283,975.3606454942636,71.92321914654462,+,-0.0002334629295852855,0.483672947116813,-0.0009411302699507981,1.949771006885516,double
1000,529,559,0.5439692994640897,975.3606453265639,74.58974020197263,+,-0.4371810844568018,0.04571139089172671,-1.762352960776204,0.1842705641744048,double
1000,529,560,0.5444698633294511,975.3628866064331,73.93500419414943,+,-0.1980622767544568,0.2858337673850108,-0.7985659835358003,1.152451276032391,double
1000,530,560,0.5449686065869601,975.3651599171516,75.93461471032276,+,-0.4016996405413757,0.08120094173270009,-1.619901462875895,0.3274524321765048,double
1000,530,561,0.5454691914124216,975.36745232721,75.23785131463922,+,-0.163088097213935,0.3208107573431741,-0.6577921917974395,1.293943671119929,double
1000,531,561,0.5459679140413166,975.3697765243935,77.2788458044995,+,-0.3662089702885855,0.1166998751429505,-1.477322501206606,0.4707786139176829,double
1000,531,562,0.5464685198535731,975.3721200986769,76.54000392159571,+,-0.128105161093411,0.3557965355601978,-0.5168851328944631,1.435585717208715,double
1000,532,562,0.5469672218349462,975.3744952046642,78.62241836953342,+,-0.3307096864514683,0.1522075765960778,-1.334614960752487,0.6142502538848861,double
1000,532,563,0.5474678486612321,975.3768899778737,77.84144587096455,+,-0.0931140922047594,0.3907904761453984,-0.3758437685093627,1.577378480252717,double
1000,533,563,0.5479665299756556,975.3793160156297,79.96531725227987,+,-0.2952024106246595,0.1877234226795055,-1.191777754311803,0.7578684694318613,double
1000,533,564,0.5484671778437433,975.3817620231331,79.14216098165764,+,-0.0581155254314118,0.4257919420871614,-0.2346670969675481,1.719322990199819,double
1000,534,564,0.5489658384712756,975.3842390162505,81.30752725413697,+,-0.2596877771973698,0.2232467771432989,-1.048809838426222,0.9016343348608303,double
1000,534,565,0.5494665074094953,975.3867362940855,80.44213298859972,+,-0.02311011138152028,0.4608002805973106,-0.09335417202242448,1.861420222200284,double
1000,534,647,0.5908099101943778,975.6847994659038,-493.5905950206572,-,-0.001252536586459374,0.002649192256920552,-0.005181047118267132,0.01095823471891774,double
1000,535,564,0.5494645116361566,975.386736278572,83.45389094761367,+,-0.4539894129334904,0.02695864854873037,-1.833906001089223,0.1089003971156808,double
1000,535,565,0.5499651473296774,975.3892642667864,82.64903309618035,+,-0.2241664393307079,0.258776984920046,-0.9057102375307083,1.045548857265133,double
1000,536,565,0.5504638004515315,975.3918125434177,84.83572267432794,+,-0.4179707173480768,0.06299203145327192,-1.689088568458352,0.2545611829143613,double
1000,536,566,0.5509644565587588,975.3943918287986,83.98981944917375,+,-0.188639073674217,0.294313367408844,-0.7624780630716833,1.189612957417061,double
1000,537,566,0.5514630896169183,975.3969911450005,86.2168743277507,+,-0.381946185763081,0.09903151640612468,-1.544143083536326,0.4003674779605896,double
1000,537,567,0.5519637661664405,975.3996217651544,85.32987093908571,+,-0.1531048311876553,0.3298567716546055,-0.6191062492350217,1.333833734048241,double
1000,538,567,0.5524623791397336,975.4022721468224,87.59733149767192,+,-0.3459147021045761,0.1350782177793786,-1.399061361616015,0.5463275025354347,double
1000,538,568,0.5529630761606986,975.4049541400497,86.66917208397899,+,-0.1175669740228464,0.3654039334630296,-0.4756043431621992,1.478201673624743,double
1000,539,568,0.5534616690274217,975.4076556137176,88.97707971976263,+,-0.3098800025722405,0.171128397631819,-1.253854831310238,0.6924298643472948,double
1000,539,569,0.5539623865495042,975.4103890189684,88.00770741228769,+,-0.08202513636808675,0.400955216557643,-0.3319672188528148,1.622721936454532,double
1000,540,569,0.5544609592874755,975.4131416118061,90.35610443515145,+,-0.273841539383714,0.2071826019672675,-1.108517592904393,0.8386805001947158,double
1000,540,570,0.5549616973408924,975.4159264687207,89.3454613277695,+,-0.04648012826054021,0.4365098087687176,-0.188194495872784,1.767394937988912,double
1000,541,569,0.5549595488971212,975.4159266388885,92.67739509930345,+,-0.4706723888458608,0.007356107158787983,-1.905714798076636,0.02978428860701804,double
1000,541,570,0.5554602499274092,975.4187302085363,91.73439104388081,+,-0.2378001502816636,0.2432399912224067,-0.9630493412581679,0.9850797530486005,double
1000,541,571,0.5559610085429333,975.4215665574347,90.68241816643763,+,-0.01093283608396965,0.4720668215304982,-0.04428609579366041,1.912220792367134,double
1000,542,570,0.5559588200524532,975.4215664113318,94.0949979784599,+,-0.4341561662396422,0.04389454758333661,-1.758652772556164,0.177805300973023,double
1000,542,571,0.556459540954759,975.4244214726749,93.11192490313977,+,-0.2017519492482709,0.2793044495553099,-0.8174306252460546,1.131647112628622,double
1000,543,571,0.5569580915723931,975.4273088801867,95.51189169547308,+,-0.3976327093762269,0.08044059461963549,-1.611442358663877,0.3259927527831794,double
1000,543,572,0.5574588323770887,975.4302154744062,94.48869131666117,+,-0.1657058201467975,0.315367091202697,-0.6716937145805572,1.27835034858007,double
1000,544,572,0.5579573634640148,975.4331541162688,96.92806249109503,+,-0.3611123237030493,0.1169839412534675,-1.464121559935837,0.4743086826810029,double
1000,544,573,0.5584581242020272,975.4361122851116,95.8646754611641,+,-0.1296593055291962,0.3514303716717044,-0.5258249383353681,1.425203171953123,double
1000,545,573,0.5589566357344375,975.4391021916036,98.34349651895616,+,-0.3245920084110932,0.153527586692481,-1.316674469252787,0.6227690407829373,double
1000,545,574,0.5594574164372144,975.4421119775441,97.23986249260361,+,-0.09361359628041731,0.3874930980950803,-0.379825396338601,1.572204523812577,double
1000,546,574,0.559955908390796,975.4451531795934,99.75817990172993,+,-0.2880626184600394,0.1900806743412486,-1.169060207967838,0.771414749556868,double
1000,546,575,0.5604567090903214,975.4482146259542,98.61423750552638,+,-0.0575579402619323,0.4235660205877863,-0.2336477032488519,1.719401831167434,double
1000,546,655,0.6008163425792722,975.7833144894145,-509.5388188422354,-,-0.004700057436484002,0.001001332824679909,-0.0195969585939171,0.004175071936708454,double
1000,547,575,0.5609551814402524,975.4513071551976,101.1720987092419,+,-0.2515427904011489,0.2266245659781202,-1.021350613922383,0.9201740158106695,double
1000,547,576,0.5614560021690675,975.4544203057409,99.9877855017038,+,-0.02151398104161811,0.4596274935159986,-0.08737594407983744,1.866711051446999,double
1000,548,575,0.5614536756855872,975.4544202340247,103.6934401617217,+,-0.4374539114001386,0.03669414453582642,-1.77665416904962,0.1490278248070196,double
1000,548,576,0.561954454890033,975.4575641943677,102.5852388857211,+,-0.2150263690096786,0.2631654151227642,-0.8735169467854332,1.069075625358353,double
1000,549,576,0.562452930177001,975.4607286696412,105.1449453790376,+,-0.4004840516023829,0.07369506413857846,-1.627324873025485,0.299452151495372,double
1000,549,577,0.5629537287473584,975.4639243746145,103.9975863880002,+,-0.1784961775004354,0.2997203968195702,-0.7254856068691253,1.218193224205995,double
1000,550,577,0.5634521850506676,975.4671402797771,106.5957063501933,+,-0.363498303236632,0.1107123458734384,-1.477792648513987,0.4500980867715288,double
1000,550,578,0.5639530030195012,975.4703877749803,105.4091270700908,+,-0.1419857764209314,0.3362559487441013,-0.5773891614051982,1.367394292279579,double
1000,551,578,0.5644514403133633,975.4736551439441,108.0457098817249,+,-0.3265355405981127,0.1477071140450485,-1.328211664497492,0.6008115118021817,double
1000,551,579,0.5649522777137903,975.4769544753493,106.8198466778764,+,-0.1054832821869636,0.3727839526674746,-0.4291755491949304,1.516730938780867,double
1000,552,579,0.5654506959719047,975.4802733427781,109.4949427015899,+,-0.2895524564884811,0.1847226744217314,-1.178401948876335,0.7517724497318387,double
1000,552,580,0.5659515528375462,975.4836245577346,108.2297309727189,+,-0.06895737711441532,0.4093357244246822,-0.2807134821262682,1.6663345006768,double
1000,553,580,0.5664499520331367,975.4869949590877,110.9433914828517,+,-0.2526008095483337,0.2217072669036735,-1.028570241280945,0.90277421288001,double
1000,553,581,0.5669508283981615,975.490398104758,109.6387655760108,+,-0.03246790548856919,0.4458514178438296,-0.1322426875453704,1.815965300328348,double
1000,554,580,0.5669483775054176,975.4903981232404,113.6122419410491,+,-0.4404753614310525,0.02876496081229551,-1.794066074081232,0.1171603336630519,double
1000,554,581,0.5674492085039362,975.4938200758269,112.391042836153,+,-0.2156616433577698,0.2586798464223411,-0.878635617937252,1.053897777882339,double
1000,555,581,0.567947615561015,975.4972748445643,115.097271581712,+,-0.4030644177485498,0.06621614275365395,-1.642592266410419,0.2698479925522318,double
1000,555,582,0.5684484653912129,975.5007487787028,113.83788330861,+,-0.1786866362939593,0.2956887330800609,-0.7283972706442408,1.205344006708189,double
1000,556,582,0.5689468540059638,975.504255189483,116.5815423765257,+,-0.3657018703617146,0.1036195008383748,-1.491161430996275,0.4225119302683411,double
1000,556,583,0.5694477227019235,975.5077811535455,115.2838993550364,+,-0.1417672268908593,0.3326424867934107,-0.5782239724962341,1.356744180957903,double
1000,557,583,0.5699460928466957,975.5113392439237,118.0650417900696,+,-0.3283579659411515,0.1410047872552064,-1.339648549590297,0.5752772228025677,double
1000,557,584,0.570446980443057,975.5149172886182,116.7290773680471,+,-0.1048004368652884,0.369644084264054,-0.4276919057648188,1.508522173975286,double
1000,558,584,0.5709453320897214,975.5185270977853,119.5477571329279,+,-0.2909589992217098,0.1784457061049619,-1.187748898643696,0.7284486524246012,double
1000,558,585,0.5714462386216204,975.5221572728378,118.1734037050627,+,-0.06790680361377063,0.4065729864825856,-0.2772889728117007,1.660190139944678,double
1000,559,585,0.5719445717415471,975.5258188394113,121.0296757247696,+,-0.2536435981884964,0.2158036282135912,-1.036024329161366,0.8814644278324028,double
1000,559,586,0.5724454972446912,975.5295011970451,119.6168645862678,+,-0.03095042725922081,0.4435650916815128,-0.1264564601227534,1.812306849862879,double
1000,560,585,0.5724429355483681,975.5295011865765,123.8327451337301,+,-0.4303642917882547,0.03295080578816673,-1.758368694457165,0.1346293511348229,double
1000,560,586,0.572943811808763,975.5332145617912,122.510784721076,+,-0.2162554068140324,0.2532349083955866,-0.8838324080357453,1.034967042828451,double
1000,561,586,0.5734421577390926,975.5369487461245,125.3502510304892,+,-0.3926527719156441,0.07071231749270773,-1.60524423546757,0.2890863076756983,double
1000,561,587,0.5739430522979526,975.5407143557643,123.9910712904014,+,-0.1789761725815196,0.2905577979296446,-0.7319118213839247,1.188217872986,double
1000,562,587,0.5744413803229199,975.5445004185666,126.8669899831966,+,-0.354858100894783,0.1085576474905026,-1.451608876872242,0.4440739674597576,double
1000,562,588,0.5749422932157444,975.5483183177428,125.4705225142208,+,-0.1416008751688256,0.3279773158739612,-0.5794204056269533,1.342059144574891,double
1000,563,588,0.5754406033059983,975.5521563005784,128.3829499971887,+,-0.3171874693616389,0.1462796043221907,-1.298305993208615,0.5987490216997002,double
1000,563,589,0.5759415345688191,975.5560265404839,126.9491253714198,+,-0.1042332016417688,0.3653897738736895,-0.4267779187705464,1.49607116329203,double
1000,564,589,0.5764398266945314,975.5599164866304,129.8981189691182,+,-0.2794071975488202,0.1841118669121409,-1.144375346415314,0.7540717752624736,double
1000,564,590,0.5769407763639017,975.5638391246531,128.4268667555773,+,-0.06700662038416079,0.4026617022292753,-0.2745271561906285,1.649711198477497,double
1000,565,590,0.5774390504947432,975.5677810760583,131.4124847559351,+,-0.2417873633645029,0.2217843564903739,-0.9909188479766893,0.9089403845368927,double
1000,565,591,0.5779400186077188,975.5717561647585,129.9037335560623,+,-0.02965506419681265,0.4400591667982057,-0.1215743413768677,1.804073092382489,double
1000,566,590,0.577937359756195,975.5717561281361,134.3363961512608,+,-0.4199781296688391,0.03638394596016031,-1.721745649060076,0.1491599114981032,double
1000,566,591,0.5784382747128615,975.5757501668777,132.92603520727,+,-0.2040235239409041,0.259601515045457,-0.836685127392357,1.064606288978573,double
1000,567,591,0.5789365666334485,975.5797773106202,135.8853648751214,+,-0.3818245693299746,0.07459768401372135,-1.566337559057905,0.3060179037050051,double
1000,567,592,0.5794374993552076,975.5838238600116,134.4387579899878,+,-0.1664664321909705,0.2972125887638579,-0.6831082451504374,1.219635498129636,double
1000,567,670,0.618827452788398,975.987822072522,-536.2777551743691,-,-0.003868303552527463,0.005755646359367239,-0.01639945291902979,0.02440073541471591,double
1000,568,592,0.5799357739044739,975.5879031383987,137.4335645625193,+,-0.3436808225076669,0.1128023659346042,-1.410781325496467,0.4630443740538019,double
1000,568,593,0.5804367244280916,975.5920022584937,135.9506407933554,+,-0.1287209879147492,0.3350126769255946,-0.5285633110354987,1.375652973328122,double
1000,569,593,0.5809349815751168,975.5961337198684,138.9809837968739,+,-0.3057710011534224,0.1507738793165116,-1.255993399182472,0.619322945852721,double
1000,569,594,0.5814359499378888,975.6002854629364,137.4616711788813,+,-0.09124100890279976,0.3725479608010173,-0.3749093518787306,1.530799759968089,double
1000,570,594,0.5819341896512704,975.6044691535575,140.5276110687956,+,-0.2676471889482395,0.1889601400114273,-1.100130387373757,0.7766970871088547,double
1000,570,595,0.5824351758910098,975.6086735838682,138.9718366399802,+,-0.05351593326582788,0.4103290013186324,-0.2200450488283349,1.687177250228294,double
1000,571,594,0.5824324682871616,975.6086738048845,143.5244985991599,+,-0.4344920012448747,0.01381132931923773,-1.786526597020691,0.0567888640028697,double
1000,571,595,0.582933398138847,975.6129095493073,142.0734348318158,+,-0.2298230990796375,0.2268474343501242,-0.9452992753519313,0.9330598889553338,double
1000,571,596,0.5834344022938819,975.6171667212889,140.4811246363531,+,-0.01580259328017933,0.4480989652215507,-0.06502089274986873,1.843735027689517,double
1000,572,595,0.5834316599992626,975.6171665158854,145.1047014416317,+,-0.3963369547328757,0.0520361776298302,-1.630753487690539,0.2141061466577675,double
1000,572,596,0.5839326070438056,975.6214550125235,143.6184434477673,+,-0.1917210717048823,0.2650134216825831,-0.789120706216872,1.09079078588201,double
1000,573,596,0.5844308520973215,975.6257643474901,146.6841497365405,+,-0.3578644693699871,0.09057930763897409,-1.473472888849108,0.372951677297597,double
1000,573,597,0.5849318163721383,975.6301056500944,145.162625213872,+,-0.1540018858273753,0.3027973224961019,-0.6343096956240366,1.247174840985837,double
1000,574,597,0.585430044586875,975.6344674011351,148.2628326594883,+,-0.319404794433034,0.1291104700401291,-1.316038513890038,0.5319718240950818,double
1000,574,598,0.5859310261298812,975.6388615786193,146.7059683418704,+,-0.1159233173234182,0.3409413603937286,-0.4778060177991018,1.405272359988157,double
1000,575,598,0.5864292374734851,975.6432757940701,149.8407393367361,+,-0.2813763023383317,0.1672112923791312,-1.160171185112194,0.6894458475411225,double
1000,575,599,0.5869302363231016,975.6477229014182,148.2484609826663,+,-0.07785858442311537,0.3790723166089325,-0.321141634883344,1.563551461881795,double
1000,575,676,0.6258318663520367,976.0769431112537,-546.5275673140968,-,-0.00701076642493386,0.004295940527990182,-0.02993925763501549,0.01834567898236831,double
1000,576,599,0.5874284307627199,975.6521896360275,151.417858882543,+,-0.2429415091983528,0.2057192584993923,-1.002414790858126,0.8488299433251205,double
1000,576,600,0.5879294469578934,975.6566897385799,149.7900912340984,+,-0.04027871791420583,0.4167191598027065,-0.1662565809641719,1.720072194915253,double
1000,577,599,0.5879266686430361,975.6566898051212,154.5094655783067,+,-0.4105881168486559,0.02867397418839435,-1.694761957697883,0.1183559841027115,double
1000,577,600,0.588427624460214,975.6612090367544,152.9941802815918,+,-0.2050545906555892,0.2436801927078102,-0.8467012987846227,1.006192229074908,double
1000,577,601,0.5889286580404229,975.6657622021903,151.3308470539043,+,-0.002240289706808778,0.4548253174998396,-0.009253889184866826,1.878731609498325,double
1000,578,600,0.5889258461001484,975.6657618230644,156.1191820095435,+,-0.3718209593589699,0.06752144267885291,-1.535865132106091,0.2789079713492715,double
1000,578,601,0.5894268185716464,975.6703341243051,154.5696924314401,+,-0.1666464017599852,0.2821632398960696,-0.6886134019038455,1.165950098321887,double
1000,579,601,0.5899250239384639,975.6749395735272,157.728152426075,+,-0.333668823843821,0.105754811833256,-1.379289859973209,0.4371596300925614,double
1000,579,602,0.5904260131026915,975.6795650022617,156.1443842380916,+,-0.1282536717039908,0.320631670804122,-0.5303614606260358,1.325893278463926,double
1000,579,679,0.629333579178223,976.1235436576862,-550.7760999795802,-,-0.000353524629200665,0.01188295727556048,-0.001515498553038217,0.05094016956511662,double
1000,580,602,0.5909242021632241,975.6842231766282,159.3363665704463,+,-0.2949295129006771,0.1445762794782623,-1.220064160755,0.5980830312703559,double
1000,580,603,0.5914252080590862,975.688901793944,157.7182444866414,+,-0.09055136183912753,0.3584105240076582,-0.3747344209154192,1.483232912638168,double
1000,581,603,0.5919233807796789,975.6936127425479,160.9438141685162,+,-0.2562065086654874,0.1833823639031582,-1.060676510094008,0.7591897909648724,double
1000,581,604,0.5924244034466337,975.6983446254035,159.2912618310529,+,-0.0521875152740298,0.396851756314657,-0.216135202423257,1.643566171577768,double
1000,582,603,0.5924216008030744,975.6983448281508,164.0840267772546,+,-0.411833067939445,0.01725272019014873,-1.705607788732917,0.07145218833538181,double
1000,582,604,0.5929225597931402,975.7031084038288,162.5504848246662,+,-0.2182574845634807,0.2214153921048143,-0.904261698152129,0.9173452120652715,double
1000,582,605,0.5934235992711236,975.7078936065518,160.8634249532937,+,-0.0138413709459987,0.4352761286968625,-0.05736831941496829,1.804088632709547,double
1000,583,604,0.5934207641458242,975.7078933566419,165.7230383302931,+,-0.3727989555122569,0.05637661874711247,-1.545136149072818,0.2336636149341245,double
1000,583,605,0.5939217392089522,975.7127102767466,164.1563680805375,+,-0.1795646051697639,0.2601931999311968,-0.7445292641081469,1.078839849799852,double
1000,584,605,0.5944199278574931,975.7175481665918,167.3613271709753,+,-0.3346309486730042,0.09463540757772165,-1.388021316504809,0.3925397920751115,double
1000,584,606,0.5949209190324585,975.7224184786431,165.7614534786609,+,-0.1408903610890992,0.2989532971984775,-0.5846315195862013,1.240521488307647,double
1000,585,606,0.5954190919430022,975.7273093629315,168.9988836585219,+,-0.2956283100327474,0.1337298249827175,-1.227207158324279,0.5551369504566884,double
1000,585,607,0.5959200992691029,975.7322331522711,167.3657303655579,+,-0.1031851049717148,0.3367453316756649,-0.4285107563186812,1.398447932990714,double
1000,586,607,0.5964182564072836,975.7371770724892,170.6356981314412,+,-0.2577148355289329,0.1717360759418718,-1.070673315078527,0.7134755489333043,double
1000,586,608,0.5969192799242992,975.7421544116136,168.969188146486,+,-0.06454328035950735,0.3754748602389101,-0.268252267785389,1.560533988890341,double
1000,587,607,0.5969164647474715,975.7421547594553,173.8126302083167,+,-0.4127591563410749,0.005084788876899005,-1.715489637447555,0.02113315354225805,double
1000,587,608,0.5974174212553263,975.7471514449741,172.2717608157719,+,-0.2187446054650889,0.2108000810751539,-0.909503744110256,0.8764717309894829,double
1000,587,609,0.5979184610035608,975.7521823801268,170.5718160313609,+,-0.02592068855488657,0.4141860820019206,-0.1078177930007798,1.722818016910604,double
1000,588,608,0.5979156144987477,975.7521822785852,175.479967955564,+,-0.374686385757785,0.04325647742739136,-1.558514366780995,0.179926050397006,double
1000,588,609,0.598416586492156,975.7572325858215,173.9070618662845,+,-0.1797937935491578,0.249845667602636,-0.7481614148339732,1.039662629470128,double
1000,589,609,0.5989147646048244,975.7623166455231,177.1466099392989,+,-0.3354305366097866,0.08261230647409545,-1.396371261927707,0.3439086131152958,double
1000,589,610,0.5994157521228133,975.7674206258598,175.5415914087969,+,-0.1422022337704884,0.2875330024685206,-0.5922218127308561,1.197472862604162,double
1000,590,610,0.5999139150702907,975.772557972182,178.8125471598838,+,-0.2961949105832075,0.1219489757472888,-1.234056970778381,0.5080842993011152,double
1000,590,611,0.6004149181523567,975.777715727565,177.1753395332703,+,-0.103285294391359,0.3265467183500344,-0.4305045555696622,1.361082917799906,double
1000,591,611,0.6009130658997794,975.7829063982202,180.4777705325184,+,-0.2584749317085013,0.1597710626463864,-1.077802713508376,0.6662219957740224,double
1000,591,612,0.6014140845859532,975.788117994382,178.8082961176436,+,-0.06439015763211244,0.3655396339706745,-0.2686110938241403,1.524891451235876,double
1000,592,611,0.6014112687886375,975.7881183424712,183.6793679046434,+,-0.4004164152511512,0.005123038652100842,-1.67038005483471,0.02137130561755096,double
1000,592,612,0.6019122170979523,975.7933620788234,182.1422709155526,+,-0.2192740927855427,0.1990750758114587,-0.9151142432884211,0.830816057859433,double
1000,592,613,0.602413251428737,975.7986275619367,180.4404511042197,+,-0.02551876580482807,0.4045098079659923,-0.1065450428974138,1.688894955648959,double
1000,593,612,0.6024104054694094,975.7986274609393,185.3740635493527,+,-0.362600963743192,0.04304604171393411,-1.513914956040366,0.1797238641517149,double
1000,593,613,0.6029113686695076,975.8039251230954,183.8060390957723,+,-0.1800976002051759,0.2383558103040941,-0.7522583194082976,0.9955998362903653,double
1000,594,613,0.6034095424891607,975.8092440308246,187.0680937775746,+,-0.323134017540813,0.0826216597391593,-1.350293714319083,0.3452546056940785,double
1000,594,614,0.6039105206191706,975.8145956690437,185.4690658064584,+,-0.1409427476024501,0.2776159739550037,-0.5892191197737724,1.160589264729661,double
1000,595,614,0.6044086798521753,975.8199681667285,188.7614501799203,+,-0.2836926023795369,0.1221728689235593,-1.186507710058389,0.510972262659931,double
1000,595,615,0.6049096729517079,975.825373895024,187.1313417006329,+,-0.1036569645004499,0.3150081387171532,-0.4337221086022793,1.318058992077566,double
1000,596,615,0.6054078175627817,975.8308000114683,190.4541242595194,+,-0.2463370430330345,0.1596393464434427,-1.031177011291861,0.6682568813983034,double
1000,596,616,0.6059088256719426,975.8362599052396,188.792857320517,+,-0.06453905975021131,0.3542334972273865,-0.270282947636106,1.483493471281179,double
1000,597,615,0.6059060212982622,975.8362602574539,193.6681489147704,+,-0.3876192488188807,0.004559231494034088,-1.623305528693328,0.01909354531130751,double
1000,597,616,0.6064069556253233,975.8417397470914,192.1461074902667,+,-0.2069327877111269,0.1991556460579204,-0.8669972488794132,0.834412947029248,double
1000,597,617,0.6069079787846812,975.8472538406427,190.4536032402121,+,-0.02544608071166958,0.3934350036260669,-0.1066605514027509,1.649133904092935,double
1000,598,616,0.6069051454293714,975.8472537343957,195.3892312852516,+,-0.3502531443090525,0.04204086628027892,-1.468127805672524,0.176219302420243,double
1000,598,617,0.6074060940441617,975.8527874746463,193.8373913105733,+,-0.1675511821831115,0.2386504239850426,-0.7026269402968416,1.000782059668787,double
1000,599,617,0.6079042698821133,975.858355314544,197.1096816472871,+,-0.3106075816291211,0.08180312950568874,-1.303121005718462,0.3431963116716674,double
1000,599,618,0.6084052328237292,975.8639433395202,195.5279670195939,+,-0.1281989286038818,0.2781169800761814,-0.5380895714525916,1.167340852631353,double
1000,600,618,0.6089033946604732,975.869565100249,198.8294921702245,+,-0.2709852174484364,0.1215433669496075,-1.137923741638261,0.5103860800706849,double
1000,600,619,0.6094043719684856,975.8752075219486,197.2178258627001,+,-0.09140262020330843,0.3150287231258425,-0.3839951173519288,1.323479471779492,double
1000,601,619,0.6099025197684549,975.8808832395223,200.5486549861049,+,-0.2313937312288611,0.16125390162341,-0.9725636116469648,0.6777611308748673,double
1000,601,620,0.610403511482884,975.8865801583569,198.9069590988765,+,-0.05208471622621087,0.3544631959312747,-0.2190172114252732,1.490524406211319,double
1000,602,619,0.6104007307227245,975.8865803676188,203.7626684009853,+,-0.3614780703495697,0.01629249628036983,-1.52001816055731,0.06851007642877344,double
1000,602,620,0.6109016452100833,975.8923099185813,202.2671621863113,+,-0.1946365590392357,0.1981312999562778,-0.8188299681576168,0.8335322348229657,double
1000,602,621,0.611402651371475,975.8980613782559,200.5953577945145,+,-0.01279900655875319,0.3938666106679599,-0.05387026485485043,1.657761368959887,double
1000,602,697,0.6498462843609256,976.4243437265148,-579.6209776363796,-,-0.004669342596526365,0.01291848314707568,-0.02052042544307636,0.05677303919708392,double
1000,603,620,0.6113998428267571,975.8980611215621,205.5091597687954,+,-0.3216640367014827,0.05622922711330325,-1.35386142151299,0.2366648821883749,double
1000,603,621,0.6119007709894767,975.9038452746011,203.9850056783731,+,-0.1550791313345644,0.2378101340173478,-0.6530246563179434,1.001397671622048,double
1000,604,621,0.6123989552337241,975.9096506392535,207.2550552646769,+,-0.2849901275573285,0.09302704475246237,-1.200633441275037,0.3919131579402797,double
1000,604,622,0.6128998971106713,975.9154894379662,205.7021775308871,+,-0.1155555936475234,0.2774562608221766,-0.4870551477516672,1.169450096215801,double
1000,605,622,0.6133980679472765,975.921349063616,209.0003477072327,+,-0.2452160126616916,0.1329262824116591,-1.034052056050577,0.5605371938763646,double
1000,605,623,0.6138990235778387,975.9272425633051,207.4186695470572,+,-0.07605548807856875,0.3170801408438099,-0.3208726604596039,1.337738418907453,double
1000,606,623,0.6143971809711545,975.9331565230681,210.7450297390749,+,-0.2054647687130182,0.1728038663814969,-0.8672572697866535,0.7293971141880697,double
1000,606,624,0.6148981503951515,975.9391048748494,209.1344735274068,+,-0.04002348168010031,0.3532371096290727,-0.1690192127090629,1.491720751491133,double
1000,607,623,0.6148954055990982,975.9391049484396,213.9463753757899,+,-0.3350027176494942,0.02732601166523041,-1.414713123344844,0.1153974737360884,double
1000,607,624,0.6153962943090637,975.9450731748223,212.4890940716914,+,-0.1657434688553661,0.2126527265383647,-0.700274130304919,0.8984680009537633,double
1000,607,625,0.615897277566793,975.9510764662658,210.8495812516835,+,-0.0005619856867302921,0.3928247585674292,-0.002375579587408564,1.660516450714049,double
1000,608,624,0.6158945062023246,975.9510760747299,215.7172876229055,+,-0.295051316543778,0.06740630917936452,-1.247213226408936,0.2849336221803969,double
1000,608,625,0.6163954079647733,975.957099244702,214.2325332908945,+,-0.1298581139442823,0.2486668650780465,-0.5491941454482581,1.051658478009553,double
1000,609,625,0.6168936070885751,975.9631566279135,217.4876425956378,+,-0.2551308642618292,0.1074569006242393,-1.079526558863808,0.4546787331775235,double
1000,609,626,0.6173945219420698,975.9692348379087,215.9753399487295,+,-0.09017512980592179,0.2884798592575723,-0.3817445280422426,1.221241466011647,double
1000,610,626,0.6178927082612272,975.9753468308969,219.2574336436455,+,-0.2194494870293285,0.1432696632242466,-0.9294717070560277,0.6068143528108851,double
1000,610,627,0.6183936362447825,975.9814801057155,217.7175065129362,+,-0.05052370413042822,0.3282625245017444,-0.2140989626362132,1.391043415715061,double
1000,611,626,0.6183909651963755,975.9814803073638,222.4075979438259,+,-0.3308445680795959,0.0148922710115636,-1.401981311483813,0.06310723420655112,double
1000,611,627,0.6188918097237135,975.9876468100546,221.0266540080204,+,-0.1795670132117207,0.183284772101523,-0.7613135183055645,0.7770757680082422,double
1000,611,628,0.6193927508767655,975.9938352130465,219.4590254022813,+,-0.01091567418050675,0.3680030266945848,-0.04630281448344366,1.561019099014009,double
1000,612,627,0.6193900545716866,975.9938350095857,224.2024392056738,+,-0.2954089384327634,0.05046061523643214,-1.253081366386846,0.2140465248771781,double
1000,612,628,0.619890911479409,976.0000567063648,222.7952970435696,+,-0.139730210684442,0.2232554629045636,-0.5930165188063929,0.947498588656428,double
1000,613,628,0.6203891442060607,976.0062997514995,225.9967698544041,+,-0.255341813159027,0.09066171516964627,-1.084224270156471,0.3849648858713309,double
1000,613,629,0.6208900135318095,976.0125766874727,224.5633558671484,+,-0.09991317530003747,0.263207643343242,-0.4244659543127984,1.118197706945162,double
1000,614,629,0.6213882341025793,976.0188746573886,227.790583816192,+,-0.2153232981093929,0.1308154688307109,-0.9152376797455224,0.5560347961353274,double
1000,614,630,0.6218891158843805,976.0252069974464,226.3308236549323,+,-0.06521540556719953,0.2980418185078408,-0.2773435463631395,1.267491541156007,double
1000,615,630,0.6223873242642953,976.0315598974088,229.5838750739044,+,-0.1753235800094823,0.1709516934091432,-0.745990035953241,0.7273879526396667,double
1000,615,631,0.6228882185406482,976.0379477565879,228.097693463561,+,-0.02545275297308751,0.3379421405492592,-0.108356394433453,1.438673133541163,double
1000,616,630,0.6228856074416341,976.0379476848534,232.6965176559623,+,-0.2899172083544197,0.03835956312636446,-1.234220030785498,0.1633022801629018,double
1000,616,631,0.6233864146943094,976.0443556970985,231.3766375160719,+,-0.1409652139740431,0.205447837746765,-0.6004248239206391,0.8750810098915028,double
1000,617,631,0.6238846864093285,976.0507985906344,234.5137143947953,+,-0.2497555871113228,0.07865769723324725,-1.06436324863825,0.3352091663930084,double
1000,617,632,0.6243855053957598,976.0572622316295,233.1688649575037,+,-0.1010213979568863,0.2455307078900993,-0.4307429900637695,1.04691316303296,double
1000,618,632,0.6248837656146604,976.0637602810042,236.3304422749654,+,-0.2158051504272756,0.1127459167395637,-0.9206545490637288,0.4809896377779889,double
1000,618,633,0.6253845963718083,976.0702796205018,234.9605511657289,+,-0.06109299951481355,0.2855994403256959,-0.2607706066936982,1.219058483240028,double
1000,619,633,0.6258828450603933,976.0768330075227,238.1466958440878,+,-0.1757011361593852,0.1529889880801855,-0.750367298231017,0.6533704684794323,double
1000,619,634,0.6263836876256085,976.0834080406366,236.7516899257546,+,-0.02120084966160938,0.3256332081269848,-0.09059140547765675,1.391433384287416,double
1000,620,633,0.6263811720156167,976.0834079387166,241.1852691570206,+,-0.2695432197925027,0.04016413668047186,-1.151757272126108,0.1716212210272304,double
1000,620,634,0.6268819247493153,976.0900168504343,239.9624696011037,+,-0.1356105897450656,0.1932198701580655,-0.5797777819688053,0.826075514922093,double
1000,621,634,0.6273802409129852,976.0966472421011,243.0241968542563,+,-0.2360881335490841,0.07375686849413687,-1.009897835558705,0.3155046411272959,double
1000,621,635,0.62788100468421,976.1033119895524,241.7777580534779,+,-0.09555730555592172,0.2334147729882574,-0.408982486623471,0.9990084349492697,double
1000,622,635,0.6283793100235111,976.1099979502106,244.862703565474,+,-0.1958484063240231,0.1141355050159536,-0.8386838487745746,0.4887637659416997,double
1000,622,636,0.6288800848679452,976.1167186076146,243.5925555440358,+,-0.05557190739172754,0.2735430772083192,-0.2381075691054364,1.172043217818168,double
1000,623,636,0.6293783793496067,976.1234602238825,246.7007845267889,+,-0.1556470529652607,0.15447703600833,-0.6672649786581143,0.6622490703905145,double
1000,623,637,0.6298791653033399,976.1302370140211,245.4068565104836,+,-0.02297643639175088,0.3062827461631461,-0.0985557336044625,1.313777307491241,double
1000,624,636,0.6298767556100801,976.1302369483025,249.6541588717065,+,-0.2545010018941892,0.03569268671593573,-1.09166039386792,0.1531007428203461,double
1000,624,637,0.6303774488937481,976.1370342489136,248.5384348474556,+,-0.1155186273824845,0.1947469122247445,-0.4957844387413193,0.835817484692427,double
1000,625,637,0.6308758150462982,976.1438667971332,251.5136534685425,+,-0.2141707836159228,0.07616017935479322,-0.9196950432717104,0.3270480607331552,double
1000,625,638,0.6313765186584417,976.1507202818923,250.3756495776772,+,-0.08350359344223496,0.226904674513463,-0.3587845577624373,0.97492682582408,double
1000,626,638,0.6318748746712961,976.157608674432,253.3727748476424,+,-0.1739193566773646,0.1165501254689024,-0.7476896579445009,0.5010559210317841,double
1000,626,639,0.6323755886462104,976.1645185238559,252.2124237346505,+,-0.04337113984641611,0.2671811389404587,-0.1865612303845881,1.149281346831064,double
1000,627,638,0.6323733152289297,976.1645186777232,256.2091619480149,+,-0.2577357086215612,0.01190266226038006,-1.108648898700614,0.05119924389658978,double
1000,627,639,0.6328739344872321,976.1714627695517,255.2315187421835,+,-0.1336688096240526,0.1569404413740131,-0.5753043413411278,0.6754643623175938,double
1000,627,640,0.6333746588595396,976.1784290828259,254.0487524092188,+,-0.003323514564401428,0.307374062357164,-0.01431246451095862,1.323683189535958,double
1000,628,639,0.6333723656645484,976.1784288405028,258.0883498587223,+,-0.2173731554739514,0.05239931975612866,-0.9360986141472963,0.2256531193974917,double
1000,628,640,0.6338729944962651,976.1854294345999,257.0898808837701,+,-0.1023046534128676,0.1884456210299889,-0.4408200863663849,0.8119925356920111,double
1000,629,640,0.6343714162630677,976.1924515055307,259.9672153891042,+,-0.1770071286877252,0.0929006587671159,-0.7631449081675387,0.400529996894136,double
1000,629,641,0.6348720547006026,976.1995087077185,258.9478569087084,+,-0.06213399220819139,0.2287585652440367,-0.2680389909488679,0.9868384892036404,double
1000,630,641,0.6353704670264253,976.206586943483,261.8457547042701,+,-0.1463810928982642,0.1236632196339897,-0.6318385501441178,0.5337792460259747,double
1000,630,642,0.6358711151024485,976.2137007796974,260.8054424591487,+,-0.02195416380625256,0.2690819412485529,-0.0948184107465834,1.162145015175979,double
1000,631,641,0.6358689674912009,976.2137007416605,264.5753999309784,+,-0.2181982989827862,0.03015593721304766,-0.9423799500126263,0.1302409355888594,double
1000,631,642,0.6363695179564319,976.2208353787687,263.7239642213138,+,-0.1060989946652253,0.1640830608305076,-0.4585024052970747,0.7090781425090347,double
1000,632,642,0.6368680097517891,976.2280054311129,266.4726817057029,+,-0.1777772112553762,0.07070754764549678,-0.7687093167559875,0.3057396966475226,double
1000,632,643,0.6373685690549901,976.2351969064276,265.6018401746405,+,-0.06580159791874815,0.2045194235178979,-0.2846953366237319,0.8848679662219859,double
1000,633,643,0.6378670521521821,976.2424234699618,268.3696865273497,+,-0.148025785157854,0.1005906589333679,-0.6408245826900409,0.4354712049981753,double
1000,633,644,0.6383676203239754,976.249671726147,267.479378852652,+,-0.02554747834626634,0.2449137371580886,-0.1106648959869302,1.060901310141683,double
1000,634,643,0.6383656262206944,976.2496717381574,270.9632043630711,+,-0.2033599384860612,0.02276660707065781,-0.8808991768209564,0.09861866391606554,double
1000,634,644,0.6388660946939783,976.2569549348434,270.2664112289647,+,-0.1076283983190928,0.1411208985084088,-0.4664969113843503,0.6116644334962538,double
1000,635,644,0.6393646608466097,976.2642597343788,272.8775411729748,+,-0.1745284809932482,0.05172219620917687,-0.7569189863410875,0.224315894478561,double
1000,635,645,0.6398651373787549,976.2715999931333,272.1628526863844,+,-0.06727524783036956,0.1816080743974783,-0.2919454376419144,0.7881003856420266,double
1000,636,645,0.6403636955887104,976.2789616036931,274.791647587137,+,-0.1340400266722936,0.0923358808263284,-0.582028534716921,0.4009408141236424,double
1000,636,646,0.6408641802081368,976.2863588509309,274.0590076808559,+,-0.02696732345553327,0.222051202015412,-0.1171691077299793,0.9647802553863318,double
1000,637,645,0.6408623476331398,976.2863588897052,277.2399482176277,+,-0.1858633390821587,0.01728076841176066,-0.807547429955171,0.07508226306210476,double
1000,637,646,0.6413627304483259,976.2937773725665,276.7055209697016,+,-0.09359670814652535,0.1329055332906203,-0.4069128789812914,0.5778084962044452,double
1000,638,646,0.6418613753435776,976.3012315309493,279.1699429984518,+,-0.1579366880891819,0.04532355561109858,-0.6870536051892692,0.1971657925675762,double
1000,638,647,0.64236176542672,976.3087072502403,278.6191588142156,+,-0.05320019755396831,0.1734294865144965,-0.2315739052363191,0.7549171868121332,double
1000,639,647,0.6428604031480383,976.3162185137761,281.0997511440845,+,-0.1174191890525496,0.08595821240638594,-0.5114278762215454,0.3743972886333257,double
1000,639,648,0.6433608005252301,976.3237514509934,280.5325584685909,+,-0.01294528084997637,0.213812959651688,-0.05641931441945964,0.9318593190325289,double
1000,640,647,0.6433591375989987,976.3237513992561,283.3935907895831,+,-0.1522434024115503,0.02722249398744411,-0.6635198293140699,0.1186433321768816,double
1000,640,648,0.6438594310476793,976.3313199198426,283.0293703565447,+,-0.07694958472180449,0.1265460008734924,-0.3355782235827024,0.5518688934858988,double
1000,641,648,0.6443581591299211,976.3389099929866,285.3378088467915,+,-0.1253826984320318,0.05418974856203213,-0.5471386954819569,0.2364704916029381,double
1000,641,649,0.6448584590434641,976.3465359663447,284.9587987237444,+,-0.03663526390866959,0.1669795370825322,-0.1599681228148112,0.7291172560451428,double
1000,642,649,0.6453571807345418,976.3541834197972,287.2818804652751,+,-0.08484702080238717,0.09483290832034032,-0.3707193715694338,0.4143503901981337,double
1000,643,649,0.645856002083543,976.3618667281071,289.4118558329938,+,-0.1155997363975732,0.03955525877123314,-0.5054070063103459,0.1729372881149552,double
1000,643,650,0.6463562024136722,976.3695718091143,289.2258040332677,+,-0.04448184944086229,0.1353064979012299,-0.1946009112470892,0.5919440877618616,double
1000,644,650,0.6468550181890022,976.3773126405283,291.3688220746632,+,-0.08990303465987402,0.0653473673758931,-0.3935630889246342,0.2860672262604733,double
1000,644,651,0.647355224168127,976.3850753811872,291.1695779317744,+,-0.004041839718709033,0.175855866544996,-0.01770512412259944,0.7703298897416219,double
1000,645,650,0.6473539357373543,976.3850753163957,293.313946927408,+,-0.1031948248617932,0.02700153669388736,-0.452040227011017,0.1182790008423204,double
1000,645,651,0.6478540343496739,976.3928739038088,293.3256784985086,+,-0.04950327372345163,0.1058433642589464,-0.2169871599488248,0.4639420644840612,double
1000,646,651,0.6483529471518683,976.4006940597276,295.2822206302013,+,-0.06265722626073886,0.06762117972159987,-0.274822758299921,0.2965953049573379,double
1000,646,652,0.6488530505661728,976.4085506825709,295.2824238823347,+,-0.0090131995129893,0.1464305076830823,-0.03955885692230265,0.6426822677282579,double
1000,647,651,0.6488519638596686,976.4085506631795,297.0360276805636,+,-0.08762673953262951,0.01714451778919608,-0.3845924773692802,0.07524703766244026,double
1000,647,652,0.6493519586049351,976.4164286629693,297.2504175741469,+,-0.03821521157567175,0.09214594998837132,-0.1678358359948351,0.4046920561780172,double
1000,648,652,0.6498509714045105,976.4243429838151,299.0139908104263,+,-0.04706356173735789,0.05777519204548745,-0.2068321721255712,0.253907014781985,double
1000,649,652,0.6503500902600809,976.4322791179663,300.5699311385112,+,-0.05563726584932192,0.02332019307258745,-0.2446724970312079,0.1025537431291547,double
1000,649,653,0.650849978973821,976.4402512660988,300.9919051746143,+,-0.006550794001000761,0.09835603963116413,-0.02882710134750577,0.4328207423640115,double
1000,650,652,0.6508493164725353,976.4402512619816,301.9150043470206,+,-0.04342522542267904,0.009375202415770556,-0.1910947395151283,0.04125601758206714,double
1000,650,653,0.6513490947697929,976.4482455406576,302.5559342633087,+,-0.01505273160805069,0.06395660710790176,-0.06628430501982634,0.2816312257441717,double
1000,651,653,0.6518483187905628,976.4562759235343,303.9073752459465,+,-0.02043831163307084,0.03239714038015475,-0.0900595909993693,0.142755099568247,double
2000,974,1027,0.5002499334994016,1964.813063606421,27.01803966148384,+,-0.1429177370729957,0.3256583411253521,-0.5716710911337326,1.302633689986602,double
2000,975,1027,0.5004998626268301,1964.813080154534,27.07068648602694,+,-0.3709176880541786,0.1010417557509138,-1.483672235073794,0.4041674269490258,double
2000,975,1028,0.5007498004985502,1964.813103390641,28.05411629393654,+,-0.1215222511333278,0.3470536378274874,-0.4860900976542542,1.388217673138227,double
2000,976,1028,0.500999725254335,1964.813137768964,28.1413677131975,+,-0.3492040535274635,0.1227551415260147,-1.396821798327303,0.4910225291150732,double
2000,976,1029,0.5012496674987557,1964.813178838301,29.09018469321859,+,-0.1001145116903883,0.368460998790976,-0.400460548308621,1.473853201846487,double
2000,977,1029,0.5014995878831953,1964.813231046182,29.21203837613632,+,-0.3274781460621265,0.1444806343980367,-1.309924367090598,0.5779277360840794,double
2000,977,1030,0.5017495345007154,1964.813289949626,30.12623942737685,+,-0.07869463151044476,0.3898803112391925,-0.3147823800747742,1.559540339163768,double
2000,978,1030,0.5019994505140758,1964.813359986468,30.28269329307557,+,-0.3057400770386943,0.1662181229737302,-1.222979865081932,0.6648831241802079,double
2000,978,1031,0.5022494015051264,1964.813436724952,31.16227506534381,+,-0.05726272467367654,0.4113114610777612,-0.2290555346020159,1.645279143491617,double
2000,979,1031,0.5024993131476541,1964.813524590209,31.35332718433608,+,-0.2839899596164099,0.1879674940784565,-1.135988222568224,0.7518887632055937,double
2000,979,1032,0.5027492685126874,1964.813619164719,32.19828616498171,+,-0.03581890462429391,0.4327543348439145,-0.143279950410218,1.731069676379452,double
2000,980,1032,0.5029991757846073,1964.813724857898,32.42393477068174,+,-0.2622279076723683,0.2097286338153272,-1.048949372120275,0.8389447206782252,double
2000,980,1033,0.5032491355241111,1964.813837269476,33.23426717433586,+,-0.01436328713224839,0.4542088167416565,-0.05745557473580496,1.816911990666071,double
2000,981,1033,0.5034990384256142,1964.813960790138,33.4945107631296,+,-0.2404540347247499,0.2315014286381623,-0.9618632443042425,0.9260510661252389,double
2000,982,1033,0.5037489375812209,1964.814091037431,33.78474163986129,+,-0.4632120745470013,0.01173792139516378,-1.852952467714335,0.04695432526510855,double
2000,982,1034,0.503998901071351,1964.814232387637,34.56504988997517,+,-0.2186684537699475,0.2532857655214422,-0.8747297670286063,1.013207871764275,double
2000,983,1034,0.504248795940106,1964.814380467499,34.8892590534706,+,-0.4411141687722037,0.0338346873248449,-1.764584094061236,0.1353485226900261,double
2000,983,1035,0.5044987637224893,1964.81453965121,35.63554691894433,+,-0.196871277228925,0.2750815320102985,-0.7875488653279639,1.100415212705082,double
2000,984,1035,0.504748654304504,1964.814705563331,35.99373347791231,+,-0.4190046474066629,0.05594292625142905,-1.676169778247943,0.2237918907815622,double
2000,984,1036,0.5049986263796914,1964.814882581779,36.70599668510465,+,-0.1750626163165191,0.2968886168495465,-0.7003204588382694,1.187673169467617,double
2000,985,1036,0.5052485126750744,1964.815066325903,37.09815976953962,+,-0.3968836243686726,0.07806252421688337,-1.587709443274387,0.3122845067294853,double
2000,985,1037,0.5054984890436566,1964.815261180377,37.77639374086573,+,-0.1532425874483669,0.3187069035791597,-0.6130444874255723,1.274981802362927,double
2000,986,1037,0.5057483710524604,1964.815462756298,38.20253291369579,+,-0.3747512103724396,0.100193370462431,-1.499202998764598,0.4008264611188985,double
2000,986,1038,0.5059983517150468,1964.815675448139,38.84673292528248,+,-0.1314113019299873,0.3405362808446948,-0.5257208699371191,1.362341192740067,double
2000,987,1038,0.5062482294373266,1964.815894855707,39.30684772728341,+,-0.3526075198811937,0.122335350476272,-1.410650368780341,0.4894178301199343,double
2000,987,1039,0.5064982143945449,1964.81612538631,39.91700891703022,+,-0.1095688732388689,0.3623766351156845,-0.4383495333307944,1.4497514138586,double
2000,988,1039,0.506748087830302,1964.816362625426,40.41109930513221,+,-0.330452661662314,0.1444883554384032,-1.322051454034806,0.578058713273858,double
2000,988,1040,0.5069980770828167,1964.816610996242,40.98721652636641,+,-0.08771541303180641,0.3842278546774633,-0.3509303967008044,1.537212546859558,double
2000,989,1040,0.5072479462320528,1964.816866066861,41.51528245217662,+,-0.3082867500421838,0.1666522709637964,-1.233406176916697,0.6667491884611184,double
2000,989,1041,0.5074979397805469,1964.817132279394,42.05735041734613,+,-0.06585103541622662,0.4060898253589628,-0.2634633883642177,1.624724663675401,double
2000,990,1041,0.5077478046432214,1964.817405181524,42.6193921590791,+,-0.2861098957981106,0.1888269862143043,-1.144714445050424,0.7554893483564675,double
2000,990,1042,0.5079978024884091,1964.817689237333,43.1274053395307,+,-0.04397585266736757,0.4279624348186203,-0.175948428725105,1.712287844178233,double
2000,991,1042,0.5082476630644673,1964.817979971034,43.72342328352261,+,-0.2639222120709143,0.2110123879814012,-1.055976174948971,0.8442792767574134,double
2000,991,1043,0.5084976652070851,1964.818281871732,44.19737597912706,+,-0.02208997892693317,0.4498455688415016,-0.08838544507068899,1.799902161366769,double
2000,992,1043,0.5087475214964341,1964.818590437117,44.82737080686104,+,-0.2417238097853848,0.233208365270468,-0.967191273689781,0.9331190669273218,double
2000,992,1044,0.508997527937248,1964.818910184373,45.26725708968388,+,-0.0001935261966413021,0.4717391153503542,-0.0007743555399526865,1.887567697416143,double
2000,993,1043,0.5089973749977754,1964.818910181153,45.48026735625422,+,-0.4668104641444565,0.01071506913597076,-1.867846685932228,0.04287415966957465,double
2000,993,1044,0.509247379939767,1964.819236581608,45.93122969715034,+,-0.2195147998736014,0.2554148070729739,-0.8783596478077029,1.022008812684476,double
2000,994,1044,0.5094972292374768,1964.819574159397,46.61748920643663,+,-0.4442950934820875,0.03322823192784907,-1.777821793280247,0.1329608986012407,double
2000,994,1045,0.5097472383951288,1964.819918406448,47.03499478547758,+,-0.1972952960136472,0.2776315996310293,-0.789481214252049,1.110948597458109,double
2000,995,1045,0.5099970834890619,1964.820273818248,47.75461833877705,+,-0.4217692177686455,0.05575177990681029,-1.687751577975521,0.2230963061042482,double
2000,995,1046,0.5102470968631738,1964.820635913687,48.13866097074936,+,-0.1750654105265212,0.2998586305403769,-0.700555883967554,1.19993851070706,double
2000,996,1046,0.5104969377531302,1964.821009159806,48.89165007797908,+,-0.399232943204744,0.07828560678976421,-1.597635919361471,0.3132805032880096,double
2000,996,1047,0.5107469553445406,1964.82138910548,49.24222327244036,+,-0.1528252534028273,0.3220957897200672,-0.6115835579964056,1.288978651803213,double
2000,997,1047,0.5109967920303224,1964.821780186281,50.02857942410992,+,-0.3766863831552115,0.1008295991250811,-1.507474724887623,0.4035135831787715,double
2000,997,1048,0.5112468138398886,1964.822177984092,50.34567654912007,+,-0.1305749373560337,0.3443429643642966,-0.5225641476975522,1.378069109832603,double
2000,998,1048,0.5114966463212723,1964.822586899991,51.16540143311681,+,-0.3541296495054573,0.123383644937869,-1.417267895520691,0.4937956453151232,double
2000,998,1049,0.511746672349864,1964.823002551893,51.44901576042241,+,-0.108314573318084,0.3666000434444629,-0.4334975567195841,1.467209981613204,double
2000,999,1049,0.511996500626586,1964.823429303359,52.30211137604078,+,-0.3315628499622029,0.1459476364266673,-1.327015314937893,0.5841268065443803,double
2000,999,1050,0.5122465308751322,1964.823862811363,52.55223571926058,+,-0.08604427545289835,0.3888669126924864,-0.3443837010631489,1.556401351619817,double
2000,1000,1050,0.5124963549469199,1964.824307398918,53.43870413054515,+,-0.3089861002056977,0.1685214578110404,-1.236716898159993,0.6745071523888145,double
2000,1000,1051,0.5127463894163344,1964.824758765088,53.6553314242758,+,-0.06376415308742418,0.4111434626761629,-0.2552224767853202,1.645643324305337,double
2000,1001,1051,0.5129962092828694,1964.825221189307,54.57517505326496,+,-0.2863995051407045,0.1911050040832539,-1.146372516510181,0.7649368120974167,double
2000,1001,1052,0.513246247974134,1964.825690415762,54.75829770300902,+,-0.0414743204605602,0.4334295790443836,-0.1660137990158128,1.734935985061122,double
2000,1002,1052,0.5134960636350973,1964.826170677273,55.7115189713054,+,-0.2638031822105899,0.2136981576924065,-1.055982090925163,0.8554158653277377,double
2000,1002,1053,0.5137461065491765,1964.826657766187,55.86112952174312,+,-0.01917488701922881,0.455725152235692,-0.07675756311497751,1.824279439077536,double
2000,1003,1053,0.5139959180042034,1964.827155865671,56.84773120493514,+,-0.2411972370943683,0.2363008128477043,-0.9655454946781583,0.9459444394241565,double
2000,1004,1053,0.5142457276271798,1964.827660808241,57.85014223445251,+,-0.4596078693616751,0.02007088421793746,-1.839925060575067,0.08034876102485439,double
2000,1004,1054,0.5144957723908313,1964.828176757463,57.98380673382076,+,-0.2185817832536248,0.2589128559720676,-0.8750626316172029,1.036522631181737,double
2000,1005,1054,0.5147455778905338,1964.828699544355,59.01898649308464,+,-0.4366919945900372,0.04298396139444832,-1.748288514303937,0.1720855132133725,double
2000,1005,1055,0.5149956267956055,1964.82923335572,59.11974068575523,+,-0.1959569304959342,0.2815341771367064,-0.7845333903841145,1.127150552619239,double
2000,1006,1055,0.5152454281716088,1964.829773987747,60.18769242209169,+,-0.4137667035116908,0.0659063572337299,-1.656606948805225,0.2638707475425258,double
2000,1006,1056,0.515495481219151,1964.83032566362,60.25552818409665,+,-0.1733227887484216,0.3041646662895859,-0.6939576595166823,1.217828315885069,double
2000,1007,1056,0.5157452784710336,1964.83088414165,61.35625511215858,+,-0.3908321104792163,0.08883795726406285,-1.564880263530832,0.355704565329773,double
2000,1007,1057,0.5159953356621046,1964.831453684449,61.39116425995667,+,-0.1506794704063308,0.3268042109076857,-0.6033353368502987,1.308556023858977,double
2000,1008,1057,0.5162451287893896,1964.832030009401,62.52467002491994,+,-0.367888321969616,0.1117786548854163,-1.473108325830724,0.4475871000207106,double
2000,1008,1058,0.5164951901251023,1964.8326174216,62.52664395242982,+,-0.128027087290273,0.3494526990368101,-0.5126663173344789,1.399333782323787,double
2000,1009,1058,0.5167449791272869,1964.833211594449,63.69293239837566,+,-0.3449354474417377,0.1347283405098813,-1.381291014418794,0.5395184737146744,double
2000,1009,1059,0.516995044608758,1964.833816878576,63.66196247002472,+,-0.1053657472644976,0.3721100226749294,-0.4219504794872824,1.490161713517447,double
2000,1010,1059,0.5172448294853336,1964.834428900347,64.86103748649953,+,-0.3219735975580442,0.1576869033437187,-1.289428212252665,0.6314988043002352,double
2000,1010,1060,0.5174948991137059,1964.835052058987,64.79711486602764,+,-0.08269556171162265,0.3947760702981949,-0.3311877153231073,1.581039926208249,double
2000,1011,1060,0.5177446798641374,1964.83568193076,66.02898054326533,+,-0.2990028830760545,0.1806542324934127,-1.197519802092921,0.7235282098859644,double
2000,1011,1061,0.5179947536405931,1964.83632296655,65.93209609260862,+,-0.06001664344661452,0.4174507289449484,-0.2403779220001432,1.671968524039345,double
2000,1012,1061,0.5182445302643071,1964.836970689458,67.19675681909712,+,-0.276023413261515,0.2036302185534331,-1.105565660144908,0.8156068151623964,double
2000,1012,1062,0.5184946081900444,1964.837629605093,67.06690127312572,+,-0.03732910266746409,0.4401338882674026,-0.1495209856005975,1.76294762175798,double
2000,1013,1062,0.518744380686455,1964.838295180321,68.36436153247109,+,-0.2530352990459808,0.2266147504486627,-1.013565668702062,0.9077347387587663,double
2000,1013,1063,0.5189944627626866,1964.838971978548,68.20152551940623,+,-0.01463304925033751,0.4628254382356483,-0.0586167903183468,1.853977336024494,double
2000,1014,1062,0.5189941522225688,1964.838971982982,69.67114173766868,+,-0.4739021110475483,0.007504064013876599,-1.898347971551084,0.03005963545434142,double
2000,1014,1063,0.5192442311311654,1964.839655407335,69.5317901228359,+,-0.2300386470739889,0.2496077213855797,-0.9215196922990981,0.9999121170832485,double
2000,1015,1063,0.5194939986223313,1964.840350066146,70.87075959318008,+,-0.4506113862659871,0.03079194577180105,-1.805189548582026,0.1233552910155467,double
2000,1015,1064,0.519744081599066,1964.841051374598,70.69903769063831,+,-0.2070335691533213,0.2726090194054669,-0.8294276155628204,1.092139066486107,double
2000,1016,1064,0.5199938450446233,1964.84176389089,72.07020149203368,+,-0.4273122252828723,0.05408818796131798,-1.711986393668806,0.2166992572858852,double
2000,1016,1065,0.5202439320907606,1964.842483086312,71.86609952268736,+,-0.1840201755986489,0.2956185340358921,-0.7372893165482961,1.184415709903998,double
2000,1017,1065,0.5204936914900542,1964.843213461471,73.26946267689232,+,-0.4040047407385617,0.07739267779342562,-1.618738387701996,0.3100916544747668,double
2000,1017,1066,0.5207437826068623,1964.843950546792,73.03297083302209,+,-0.1609985761008994,0.3186361554272448,-0.645104670217316,1.276742173405208,double
2000,1018,1066,0.5209935379591807,1964.844698782257,74.4685387988502,+,-0.3806890374516909,0.1007053102972542,-1.525445379652897,0.4035326347398485,double
2000,1018,1067,0.5212436331479726,1964.845453760457,74.19964692531289,+,-0.1379688796425391,0.341661774431309,-0.5528735480951582,1.369118586508289,double
2000,1019,1067,0.5214933844526037,1964.846219857719,75.66742516449858,+,-0.3573652267942698,0.1240259739440794,-1.43210724416443,0.497022324592643,double
2000,1019,1068,0.5217434837146966,1964.846992731837,75.36612307838186,+,-0.1149311944386635,0.3646952826658724,-0.4605958180305193,1.461545082445002,double
2000,1020,1068,0.5219932309708993,1964.847776692442,76.86611727576542,+,-0.3340334156374292,0.1473545617035916,-1.338723837256538,0.5905608692012044,double
2000,1020,1069,0.5222433343076588,1964.84856746557,76.5323944157492,+,-0.09188563347908725,0.3877365669682056,-0.3682713664036356,1.55402177593448,double
2000,1021,1069,0.5224930775146626,1964.849369291117,78.06461048541246,+,-0.310693714449494,0.170690962942913,-1.24529502877336,0.6841483999313447,double
2000,1021,1070,0.5227431849274673,1964.850177966403,77.69845619050125,+,-0.06883230579624455,0.4107855181285054,-0.275900063131165,1.646548798183752,double
2000,1022,1070,0.5229929240844819,1964.850997658545,79.26290019592352,+,-0.2873462326619623,0.1940350680621831,-1.151820683811277,0.777785052924888,double
2000,1022,1071,0.5232430355747341,1964.851824239192,78.86430362555143,+,-0.04577132158986384,0.4338420257672856,-0.1834817821994142,1.739126276362835,double
2000,1023,1071,0.5234927706809361,1964.852661799634,80.46098188880501,+,-0.2639910776027798,0.217386769562161,-1.058300658437741,0.8714709733843895,double
2000,1023,1072,0.5237428862500628,1964.8535062889,80.02993200948367,+,-0.02270278866598667,0.4569059818933918,-0.09101638738752765,1.831754347869683,double
2000,1024,1071,0.5237425056981924,1964.853506302851,82.06047432445212,+,-0.4782841831991006,0.004414066292632801,-1.917460272662433,0.01769616695331618,double
2000,1024,1072,0.5239926173046096,1964.854361719401,81.65885099939283,+,-0.2406283576862049,0.2407459588530628,-0.9647348124731814,0.9652063027860699,double
2000,1025,1072,0.524242348353165,1964.855224098448,83.28996836891793,+,-0.4546335302639842,0.02806224519339112,-1.822819141981296,0.1125134736009994,double
2000,1025,1073,0.5244924639560995,1964.856097422974,82.85650286269083,+,-0.2172581832631452,0.2641125254033627,-0.871123012899475,1.058991175467936,double
2000,1026,1073,0.5247421910350873,1964.856977679694,84.5192518276001,+,-0.4309754122882272,0.0517178348119966,-1.728133336285014,0.207379149414957,double
2000,1026,1074,0.5249923106359941,1964.857868915589,84.05393288651021,+,-0.1938806629912772,0.2874863603739756,-0.7774651193047845,1.152825733202218,double
2000,1027,1074,0.5252420337445184,1964.858767051877,85.7483203333752,+,-0.4073099363745959,0.07538072787052769,-1.633402702710749,0.3022933487259333,double
2000,1027,1075,0.5254921573448691,1964.859676202589,85.25113657277893,+,-0.1704959033587273,0.310867357087847,-0.6837609819669093,1.246710127085078,double
2000,1028,1075,0.5257418764820208,1964.860592220395,86.97716948980428,+,-0.3836372099570188,0.09905081676102734,-1.538627089123997,0.3972562251858948,double
2000,1028,1076,0.5259920040833379,1964.861519289429,86.44810913130777,+,-0.1471040176107909,0.334255402109905,-0.5900104776492971,1.340644481767411,double
2000,1029,1076,0.5262417192481728,1964.862453190756,88.20579477785623,+,-0.3599573426789848,0.1227279916565959,-1.44380635165025,0.4922679241942775,double
2000,1029,1077,0.5264918508519716,1964.863398181673,87.64484610220416,+,-0.1237051109434363,0.3576503900477951,-0.4962134502192481,1.43462895481355,double
2000,1030,1077,0.5267415620435315,1964.864349968577,89.43419184462118,+,-0.3362704411480879,0.1464121457670403,-1.34894033363431,0.5873286039795876,double
2000,1030,1078,0.5269916976513629,1964.865312884992,88.8413428559877,+,-0.1002992928823073,0.3810522111775356,-0.4023697602885397,1.528663687079385,double
2000,1031,1078,0.5272414048686592,1964.866282559584,90.66235629721359,+,-0.3125766122767251,0.1701031719926315,-1.254028879033064,0.6824384221844475,double
2000,1031,1079,0.5274915444821137,1964.867263405168,90.03759469214651,+,-0.07688667390457617,0.4044607548188128,-0.308479271665874,1.622748816248521,double
2000,1032,1079,0.5277412477241394,1964.868250969613,91.89028357484995,+,-0.2888759669014711,0.1938009593051498,-1.159071846934883,0.7775975213479351,double
2000,1032,1080,0.5279913913448129,1964.869249748093,91.23359701138861,+,-0.05346736182344664,0.4278759129525396,-0.214541836848401,1.716884491349061,double
2000,1033,1080,0.5282410906105266,1964.870255204608,93.11796934505242,+,-0.2651686110483039,0.2175054014826211,-1.064069076514051,0.8728060639510259,double
2000,1033,1081,0.5284912382400428,1964.871271919767,92.429345265032,+,-0.03004146450530753,0.4512975774999888,-0.1205573079165951,1.811070861843879,double
2000,1034,1080,0.5284907906587886,1964.871271945098,94.99862959096686,+,-0.4817122341101827,0.001835742704077326,-1.933125603139711,0.007366890377164682,double
2000,1034,1081,0.5287409335283856,1964.872295270625,94.34540919539177,+,-0.2414546509455478,0.24121639209958,-0.9690204071348146,0.9680642123254827,double
2000,1034,1082,0.5289910851684098,1964.873329926301,93.62483471971268,+,-0.006609092329522146,0.474725637868074,-0.02652554640340128,1.905308067781878,double
2000,1035,1081,0.5289906296822611,1964.873329908733,96.25714408271119,+,-0.4577170437884313,0.02582923077605731,-1.837043998233831,0.1036654282816809,double
2000,1035,1082,0.5292407764782997,1964.874371173828,95.57259856597284,+,-0.2177341979101656,0.2649338196354745,-0.8739256979605012,1.063372109023503,double
2000,1036,1082,0.5294904687367167,1964.875423711922,97.5154163487839,+,-0.4337153577172388,0.04982918129506902,-1.740917649858632,0.2000125189275567,double
2000,1036,1083,0.5297406194608377,1964.876482920491,96.79953301416253,+,-0.1940073588034879,0.2886575770232676,-0.778784789649373,1.158729915139289,double
2000,1037,1083,0.529990307822685,1964.877553360992,98.77344224913736,+,-0.4097072801449702,0.07383548981920113,-1.644746382292494,0.296408339929803,double
2000,1037,1084,0.5302404624765564,1964.878630516998,98.02620818793935,+,-0.1702742400005734,0.3123875576784926,-0.6835975202763923,1.254137794380976,double
2000,1038,1084,0.530490146940707,1964.879718862382,100.031217553066,+,-0.3856929176421779,0.09784804958270021,-1.548530028513154,0.3928530602442297,double
2000,1038,1085,0.5307403055260408,1964.880813969844,99.25261951763628,+,-0.146534950714277,0.3361236521743907,-0.5883637386751684,1.349595899725568,double
2000,1039,1085,0.5309899860913522,1964.881920222639,101.288737808552,+,-0.3616723805540285,0.121866750039999,-1.452268436031648,0.4893468343193282,double
2000,1039,1086,0.5312401486098579,1964.883033285632,100.4787625703921,+,-0.1227895994244705,0.3598657518133716,-0.4930832901022929,1.445104387757373,double
2000,1040,1086,0.531489825275152,1964.884157448422,102.5459988622158,+,-0.3376457726131028,0.1458914872545526,-1.355961425183799,0.5858898438113909,double
2000,1040,1087,0.531739991728573,1964.885288471077,101.7046329302241,+,-0.09903829219332347,0.3836137503128656,-0.3977560094659019,1.540663425444049,double
2000,1041,1087,0.5319896644926557,1964.8864305465,103.8029964175803,+,-0.3136132018076738,0.1699221530318325,-1.259608832761643,0.6824822539582723,double
2000,1041,1088,0.5322398348827705,1964.887579533004,102.9302260310187,+,-0.0752811385997916,0.4073675378697831,-0.3023817451529801,1.636273166305148,double
2000,1042,1088,0.5324895037444182,1964.888739523752,105.059726139061,+,-0.2895747752787868,0.193958640021082,-1.163210491522239,0.7791242340659618,double
2000,1042,1089,0.5327396780730319,1964.889906478348,104.1555373288711,+,-0.05151824760861574,0.4311270052893362,-0.2069603424396753,1.731933766993093,double
2000,1043,1089,0.5329893430310016,1964.891084387165,106.3161836288573,+,-0.265530602784268,0.2180008382492259,-1.066766244098354,0.8758159435896025,double
2000,1043,1090,0.5332395212999138,1964.892269314155,105.3805624735364,+,-0.02774972507497043,0.4548920464860053,-0.1114916334604753,1.827645397346599,double
2000,1044,1089,0.5332390096437263,1964.892269333766,108.4665667731726,+,-0.4752792559870215,0.00866943904707318,-1.909555976324659,0.034831688812804,double
2000,1044,1090,0.5334891823529334,1964.893465143842,107.5723647664752,+,-0.2414807867111028,0.242048645113566,-0.9702759028711629,0.9725575722812103,double
2000,1044,1091,0.5337393645639966,1964.894668047579,106.6052969299933,+,-0.003975679749399838,0.4786625524714009,-0.01597546132587439,1.923408216244164,double
2000,1045,1090,0.5337388451437787,1964.894668017297,109.7532853630883,+,-0.4509545303151387,0.03299362383977833,-1.812068903494629,0.1325781553450208,double
2000,1045,1091,0.5339890217107727,1964.895881800991,108.8282651790005,+,-0.2174254358260021,0.2661019516250727,-0.8737393052042127,1.069349284931136,double
2000,1046,1091,0.5342386806784633,1964.897102604186,111.0397330608716,+,-0.4266242666739358,0.05732333390146443,-1.714536785178988,0.2303735917072788,double
2000,1046,1092,0.5344888611050818,1964.898334365934,110.0838804704101,+,-0.1933646599483914,0.2901606477413103,-0.7771562920469164,1.166191242788386,double
2000,1047,1092,0.5347385162483043,1964.89957310181,112.3259057643736,+,-0.4022885696070049,0.08165846447975939,-1.616959435478734,0.3282181861548791,double
2000,1047,1093,0.5349887005363994,1964.900822846103,111.3392064295522,+,-0.1692985619827951,0.3142246303298502,-0.6805266759064817,1.263083635571856,double
2000,1048,1093,0.5352383518538242,1964.902079517655,113.6117993874516,+,-0.3779475447842228,0.1059989096932119,-1.519336672374839,0.4261121231005507,double
2000,1048,1094,0.5354885400052966,1964.903347249042,112.5942385919657,+,-0.1452272522196991,0.3382937888679094,-0.583850298317671,1.360026624002687,double
2000,1049,1094,0.5357381874955858,1964.90462185932,114.8974095282763,+,-0.3536013031131714,0.1303445584192938,-1.421668334257431,0.5240555665830499,double
2000,1049,1095,0.5359883795123249,1964.905907582405,113.8489726433975,+,-0.121150838881295,0.3623680148996397,-0.4871269918459045,1.457020377813388,double
2000,1050,1095,0.5362380231740785,1964.907200134512,116.1827323577008,+,-0.329249945047301,0.154695309986463,-1.323954216838051,0.6220487233558188,double
2000,1050,1096,0.5364882190580174,1964.908503853956,115.103404420691,+,-0.09706942393798873,0.3864472062154413,-0.3903565632539836,1.554065092564397,double
2000,1051,1096,0.5367378588898575,1964.909814351051,117.4677635343655,+,-0.3048935804061967,0.1790510543548322,-1.226194152826561,0.7200917632139939,double
2000,1051,1097,0.5369880586429699,1964.911136071573,116.3575292611822,+,-0.07298312235855947,0.4105312476047527,-0.29353887090401,1.651160912254128,double
2000,1052,1097,0.5372376946434486,1964.91246451687,118.7524989445608,+,-0.2805323141620465,0.2034116863247873,-1.128387954783271,0.818184876122538,double
2000,1052,1098,0.5374878982676906,1964.913804243243,117.6113431945848,+,-0.04889202699927019,0.434620045965034,-0.1966736835546072,1.748308070514071,double
2000,1053,1098,0.5377375304353826,1964.91515064001,120.0369344372282,+,-0.2561662452841632,0.2277771067029901,-1.030535410452011,0.916328276925598,double
2000,1053,1099,0.5379877379327832,1964.916508377069,118.8648415004625,+,-0.02479626382762834,0.4587134750812718,-0.09976090246759867,1.845506668515429,double
2000,1053,1228,0.5703983879608379,1965.170588162603,-996.0288900384071,-,-0.001004439093410745,0.000265123502692624,-0.004099014131704746,0.001081942141950985,double
2000,1054,1098,0.5379871651313217,1964.916508387265,122.4456822762418,+,-0.4679467203394403,0.01594735783457707,-1.882653744890266,0.06415976786116424,double
2000,1054,1099,0.538237366266211,1964.917872728627,121.3210656976858,+,-0.2317954963570756,0.2521471926710645,-0.9326364019067106,1.014522086146828,double
2000,1054,1100,0.5384875776387719,1964.919248481259,120.1180200814301,+,-0.0006959294297903205,0.4828114381141723,-0.002800310044915524,1.942756926314473,double
2000,1055,1099,0.5384869972110983,1964.919248434675,123.7598259451606,+,-0.4433081035997394,0.04058696989979904,-1.783801430413064,0.1633155233921965,double
2000,1055,1100,0.5387372021364383,1964.920630790986,122.6048887794045,+,-0.2074201634129939,0.2765218479631255,-0.8346907037382436,1.112766531842784,double
2000,1056,1100,0.5389868293287907,1964.922024459248,125.0736728840534,+,-0.4186649140382573,0.06523116227241577,-1.684903687668405,0.2625207467317076,double
2000,1056,1101,0.5392370380466296,1964.923424835466,123.8883992636593,+,-0.1830403572598211,0.3009009615328677,-0.7366981493041547,1.211061783333633,double
2000,1057,1101,0.5394866614849607,1964.924836469419,126.3872186977369,+,-0.3940172562689321,0.08987983011992273,-1.585960319783808,0.3617756376177947,double
2000,1057,1102,0.5397368739973074,1964.926254870558,125.1715930616397,+,-0.1586561840514141,0.3252844269865702,-0.638658552557829,1.309408029387141,double
2000,1058,1102,0.5399864936800745,1964.927684473732,127.7004597374973,+,-0.3693652299176474,0.1145328735944742,-1.486971109131643,0.4610804165805771,double
2000,1058,1103,0.5402367099890085,1964.929120904862,126.4544659751566,+,-0.1342677508273254,0.3496721370381932,-0.5405717303329396,1.407805455913573,double
2000,1059,1103,0.5404863259146695,1964.930568480843,129.0133917967707,+,-0.3447089450033172,0.1391901824511968,-1.387935879238842,0.5604352630302576,double
2000,1059,1104,0.5407365460222708,1964.932022947095,127.7370137971284,+,-0.1098751650359162,0.3740639839932282,-0.4424375004217485,1.506254247915494,double
2000,1060,1104,0.5409861581892594,1964.933488499524,130.3260108558329,+,-0.3200485084703291,0.1638516495192326,-1.288854440581552,0.6598403694765326,double
2000,1060,1105,0.5412363820976511,1964.934961006083,129.0192321728564,+,-0.08547853776839624,0.3984598565082627,-0.344255694596958,1.604754576440268,double
2000,1061,1105,0.5414859905043619,1964.936444538655,131.6383128638197,+,-0.2953840285826551,0.1885171663019393,-1.189726608269047,0.7592959238218884,double
2000,1061,1106,0.5417362182156608,1964.937935090765,130.3011171015669,+,-0.06107792429115654,0.4228596990621568,-0.246025919080013,1.703306838125931,double
2000,1062,1106,0.541985822860475,1964.939436607232,132.9502939220079,+,-0.2707155539676063,0.2131866839379064,-1.090551956487331,0.8588023549372777,double
2000,1062,1107,0.5422360543768586,1964.940945210194,131.5826642116654,+,-0.03667352092194073,0.4472633150797835,-0.1477483475113599,1.801910862230724,double
2000,1063,1106,0.5422354308254943,1964.94094524665,135.5766363797036,+,-0.4757257971368478,0.007649474778396892,-1.916578602578488,0.03081779413577178,double
2000,1063,1107,0.5424856552581468,1964.942464714363,134.2619497428695,+,-0.2460432943167339,0.2378599924992972,-0.9913307075144278,0.9583594436439294,double
2000,1063,1108,0.5427358905817827,1964.943991373535,132.8638692951808,+,-0.01226539904648419,0.4716706329141077,-0.049422649664912,1.900566981913507,double
2000,1064,1107,0.5427352595430281,1964.9439913477,136.9177780893656,+,-0.4507921721419262,0.03258596237788747,-1.816438150038826,0.1313030457864503,double
2000,1064,1108,0.5429854876978744,1964.945528869267,135.573276435689,+,-0.2213673123691413,0.262537029006025,-0.8920624910288606,1.057967563394777,double
2000,1065,1108,0.5432350883009619,1964.94707350042,138.2586034680585,+,-0.4258548273215269,0.05752619728742647,-1.716251881541154,0.231838265057193,double
2000,1065,1109,0.5434853201801776,1964.948629081278,136.8842699300283,+,-0.1966877187872825,0.2872176825505822,-0.7927471290422027,1.157626895344576,double
2000,1066,1109,0.5437349170998157,1964.950191714198,139.599108443264,+,-0.4009138763015448,0.08247006566000042,-1.616019625945916,0.3324236264632766,double
2000,1066,1110,0.543985152705592,1964.951765359842,138.1949260371177,+,-0.1720045049261585,0.3119019615324736,-0.6933839619208645,1.257338102342839,double
2000,1067,1110,0.5442347459400804,1964.953345998536,140.9392891703467,+,-0.3759692918396667,0.1074175945134351,-1.515740643520344,0.4330598731521811,double
2000,1067,1111,0.5444849852746183,1964.954937714521,139.5052408368811,+,-0.1473179900192104,0.3365895464693043,-0.5939736509687451,1.357100526339087,double
2000,1068,1111,0.5447345748222566,1964.956536363052,142.2791417307874,+,-0.3510214231396342,0.1323684344154987,-1.415415711379794,0.5337462314598205,double
2000,1068,1112,0.5449848178877976,1964.958146154985,140.8152100960629,+,-0.1226281948900814,0.3612804162827371,-0.4945156540085592,1.456914712792472,double
2000,1069,1112,0.5452344037468361,1964.959762817471,143.6186622737196,+,-0.3260702760327158,0.1573225793042686,-1.315044221814014,0.6344833125917857,double
2000,1069,1113,0.5454846505456405,1964.961390691024,142.1248298171818,+,-0.09793523383001794,0.3859744564254792,-0.3950098048872799,1.556780831184079,double
2000,1070,1113,0.5457342327143198,1964.963025371638,144.9578468761731,+,-0.3011157375788596,0.1822801418865215,-1.214625087017367,0.7352722078913956,double
2000,1070,1114,0.5459844832486656,1964.964671332538,143.4340959431456,+,-0.07323896423342477,0.4106718092442304,-0.2954549003991426,1.656700088088015,double
2000,1071,1114,0.5462340617252045,1964.96632403551,146.2966916490043,+,-0.276158317641815,0.2072406120619914,-1.114159730513518,0.8361114974126092,double
2000,1071,1115,0.5464843159974115,1964.967988089541,144.7430042576036,+,-0.04853995453091675,0.4353719060447255,-0.1958526048032932,1.756670822646189,double
2000,1072,1115,0.5467338907800063,1964.969658819156,147.6351925499605,+,-0.2511979600652182,0.2322040457488147,-1.013647292282884,0.9370020447988803,double
2000,1072,1116,0.546984148792398,1964.971340972162,146.0515506936767,+,-0.02383812381044929,0.4600748274752433,-0.09620196251032846,1.856693993900563,double
2000,1073,1115,0.5469834697603251,1964.97134097141,150.4978976133325,+,-0.4580028834308007,0.02438724294870792,-1.848331908419303,0.09841798148260118,double
2000,1073,1116,0.5472337198792154,1964.973029732761,148.9733457433081,+,-0.2262344082816826,0.2571706992709514,-0.9130861022317437,1.037945523800048,double
2000,1074,1116,0.5474832952473986,1964.974729920722,151.8650318794696,+,-0.4327853315104824,0.04960987366073649,-1.746895975211356,0.2002454388327285,double
2000,1074,1117,0.5477335490233353,1964.976436786626,150.3111472847129,+,-0.2012684365713791,0.2821397981031487,-0.8124786497325677,1.138939448746446,double
2000,1075,1117,0.5479831207775644,1964.978155014736,153.231828560421,+,-0.4075654194585197,0.07483491136506548,-1.645415160873716,0.3021220443243507,double
2000,1075,1118,0.5482333782128898,1964.979879991162,151.6485930731712,+,-0.1762998808497832,0.3071115060831041,-0.7118236367799512,1.239985121392736,double
2000,1076,1118,0.548482946351295,1964.981616263921,154.5982839547589,+,-0.382342942244052,0.1000625608694279,-1.543887997316641,0.4040492700097144,double
2000,1076,1119,0.5487332074483419,1964.983359356897,152.9856794830291,+,-0.151328256346946,0.332086307728083,-0.611118468747635,1.341085140144336,double
2000,1077,1119,0.5489827719690651,1964.98511367886,155.9643943441336,+,-0.3571173444660944,0.1252933773480555,-1.442311599690111,0.5060300047415028,double
2000,1077,1120,0.549233036730237,1964.986874894478,154.3224022441509,+,-0.1263547623956993,0.3570630034527176,-0.5103673507443693,1.442235303726025,double
2000,1078,1120,0.5494825976313861,1964.988647270256,157.3301557216334,+,-0.331889963255138,0.1505260234429109,-1.340690725290292,0.6080594952779593,double
2000,1078,1121,0.5497328660590692,1964.990426614657,155.6587574878668,+,-0.1013790580084759,0.3820419339861023,-0.4095682677856332,1.543437630985674,double
2000,1079,1121,0.5499824233387117,1964.992217048917,158.6955645327835,+,-0.306660395670773,0.1757609018607708,-1.239023104099445,0.71014001572165,double
2000,1079,1122,0.5502326954353559,1964.994014528312,156.9947411630224,+,-0.0764003074909996,0.4070239347639737,-0.3087172036992842,1.644696142012475,double
2000,1080,1122,0.5504822490915587,1964.99582302578,160.0606167288129,+,-0.2814276897882346,0.2009989642943158,-1.137304245165158,0.8122760611712989,double
2000,1080,1123,0.5507325248595776,1964.99763864643,158.330349507768,+,-0.0514203699558102,0.4320071464100684,-0.2078210298105833,1.746003969431325,double
2000,1081,1123,0.5509820748903804,1964.999465211885,161.4253087596996,+,-0.2561939260662259,0.2262381300473325,-1.035541910251558,0.9144598740424241,double
2000,1081,1124,0.5512323543322739,1965.001298980112,159.6655782955863,+,-0.02643738898876516,0.4569934250732297,-0.106871602677271,1.847369260682525,double
2000,1082,1123,0.5512316299154714,1965.001298982266,164.4847225357107,+,-0.455958208733298,0.02496658636452082,-1.843183905961096,0.1009259385892308,double
2000,1082,1124,0.5514819007356762,1965.003143618392,162.7896367129383,+,-0.2309569958753544,0.2514805075093013,-0.9337269310307577,1.016700626888326,double
2000,1082,1125,0.5517321838539462,1965.004995540584,161.0004236017269,+,-0.001453693676047477,0.4819804413969657,-0.00587769469343535,1.948783247404077,double
2000,1083,1124,0.5517314522172907,1965.004995468101,165.8775208757572,+,-0.4304739041274911,0.05045844188129689,-1.740527216450358,0.2040176896949958,double
2000,1083,1125,0.5519817266279456,1965.006858256582,164.1535966742422,+,-0.2057195103455672,0.2767234853076447,-0.8318692162976757,1.118988415184083,double
2000,1084,1125,0.5522312745641093,1965.008728190546,167.2699665113159,+,-0.4049892290449497,0.07595073392643531,-1.637829607576456,0.3071547384981709,double
2000,1084,1126,0.5524815525676747,1965.010609137838,165.5171848361992,+,-0.1804787761033796,0.3019697565724649,-0.729957228196669,1.221334781107991,double
2000,1085,1126,0.5527310969563684,1965.012497161048,168.6620559850064,+,-0.3795011356322189,0.101446510133845,-1.53507810232375,0.4103500665530258,double
2000,1085,1127,0.5529813785553326,1965.014396273682,166.8803975249909,+,-0.1552380547181036,0.3272160594843968,-0.6280035087710089,1.323727186968288,double
2000,1086,1127,0.5532309193945441,1965.016302391178,170.0537855641053,+,-0.3540132822013511,0.1269421119734145,-1.432286844238806,0.513589534914679,double
2000,1086,1128,0.5534812045914272,1965.018219675725,168.2432307586432,+,-0.1299961483501941,0.3524635916344944,-0.5260025661302963,1.42617112906921,double
2000,1087,1128,0.553730741879112,1965.020143892608,171.4451515203446,+,-0.3285218119696577,0.1524413960038137,-1.32943957688273,0.616889404656762,double
2000,1087,1129,0.5539810306764542,1965.022079355719,169.6056806576037,+,-0.1047504779965565,0.3777149317713099,-0.423943313294166,1.528677698836592,double
2000,1088,1129,0.5542305644105329,1965.024021677151,172.8361502430785,+,-0.3030312952036095,0.1779397917338743,-1.226554138585313,0.7202318421387672,double
2000,1088,1130,0.5544808568109039,1965.025975325512,170.9677433788354,+,-0.07950616351517098,0.4029649597811635,-0.3218458184375795,1.631226832592514,double
2000,1089,1130,0.5547303869892717,1965.027935756702,174.2267780886914,+,-0.2775399821643895,0.2034390486744025,-1.123622796137676,0.8236245853029049,double
2000,1089,1131,0.5549806829952583,1965.029907597087,172.3294151469888,+,-0.05425772266404649,0.4282191576466159,-0.219687239352498,1.733841377083356,double
2000,1090,1131,0.5552302096158219,1965.031886143316,175.6170311881251,+,-0.252044211391635,0.2289428280556949,-1.020630067640682,0.9270831208309508,double
2000,1090,1132,0.5554805092300198,1965.033876182531,173.6906920246211,+,-0.02901155016221171,0.453471130387924,-0.1174928130051464,1.836496099932597,double
2000,1091,1131,0.5554797420301227,1965.033876188174,178.8629997779485,+,-0.4535966602222457,0.02537963628644652,-1.837003845280156,0.1027840227641242,double
2000,1091,1132,0.5557300322906313,1965.035872849119,177.0069060314256,+,-0.2265511301758223,0.2544439823552298,-0.9176042356100899,1.030579171039487,double
2000,1091,1133,0.5559803355156917,1965.037881094054,175.0515700716173,+,-0.003760754647328066,0.4787277691021267,-0.01523397944440564,1.939219565719192,double
2000,1092,1132,0.5559795612292131,1965.037881019773,180.2808405107273,+,-0.427859947836785,0.05112663569445097,-1.733164742935497,0.2071025410500263,double
2000,1092,1133,0.5562298550141861,1965.039895886398,178.3963988092369,+,-0.2010530071621946,0.2799502426918907,-0.8145133305489531,1.134144710300242,double
2000,1093,1133,0.5564793804749305,1965.04192218829,181.6983155949549,+,-0.4021265030563146,0.0768704523225866,-1.629295301629154,0.3114558872677902,double
2000,1093,1134,0.5567296777869586,1965.043955267516,179.7855058182411,+,-0.1755587555629603,0.3054526956159135,-0.7113927998098717,1.237744296186632,double
2000,1094,1134,0.5569791997676972,1965.04599970613,183.1154217185892,+,-0.3763876788183736,0.1026197330247512,-1.525359826321695,0.4158797616203265,double
2000,1094,1135,0.5572295006094209,1965.048051004997,181.1742233586847,+,-0.1500586915027728,0.3309610247619615,-0.6082027468494706,1.341417830213595,double
2000,1095,1135,0.5574790191080023,1965.050113585895,184.5321550453673,+,-0.3506534096576855,0.1283645430570852,-1.421397910286892,0.5203345760544317,double
2000,1095,1136,0.5577293234820572,1965.052183111438,182.5625476354689,+,-0.1245639102107571,0.3564641346586078,-0.50498747697757,1.445121012094703,double
2000,1096,1136,0.557978838496287,1965.054263840215,185.9485121170358,+,-0.3249128844442679,0.1541156933371914,-1.317365069384853,0.6248648199769032,double
2000,1096,1137,0.558229146405339,1965.056351599601,183.9504749524046,+,-0.09906231597953293,0.3819741207680676,-0.401697297154184,1.548903539940255,double
2000,1097,1137,0.5584786579329802,1965.058450481936,187.3644895689522,+,-0.2991784498579633,0.1798608369696502,-1.213310693066612,0.7294211092503213,double
2000,1097,1138,0.5587289693797327,1965.060556482312,185.3380016551832,+,-0.07356769400660225,0.4074771976446651,-0.2983874387523036,1.652710187494068,double
2000,1098,1138,0.5589784774185744,1965.062673523919,188.7800835389992,+,-0.2734366264210923,0.2056134532172054,-1.109179454691456,0.8340587758915339,double
2000,1098,1139,0.5592287924057558,1965.064797772585,186.7251236858381,+,-0.04806498038958123,0.4329884289389029,-0.1949961463662461,1.756602715322503,double
2000,1099,1138,0.5592279919693249,1965.064797836608,192.1750086761328,+,-0.4678929750525239,0.008633065080461577,-1.8982072022431,0.03502370667421538,double
2000,1099,1139,0.55947829695351,1965.066932979251,190.1952905742726,+,-0.2477027474195736,0.2313582085713103,-1.005032879535927,0.9387163000289093,double
2000,1099,1140,0.5597286154838328,1965.069075483462,188.1118377188682,+,-0.02257127203888108,0.4584907174895866,-0.0915921103203491,1.860512438325297,double
2000,1100,1139,0.5597278080977683,1965.069075463737,193.6176649092238,+,-0.4419270718133351,0.03461213127010043,-1.793298011900637,0.140452735650765,double
2000,1100,1140,0.5599781165382453,1965.071228861031,191.6101070810062,+,-0.2219600309782019,0.2571118846900539,-0.9008022154589435,1.04346243929102,double
2000,1101,1140,0.5602276242737293,1965.073389523222,195.0599483203221,+,-0.4159513664676889,0.0606011029301996,-1.688301825326987,0.2459733539589953,double
2000,1101,1141,0.5604779361732415,1965.075561182578,193.0245294404708,+,-0.1962274898487566,0.2828554685936495,-0.7965639472777444,1.148220714364304,double
2000,1101,1261,0.5906548981855306,1965.406441667879,-1060.360441876787,-,-0.003839460147634541,2.403201070085622e-05,-0.0158798631799088,9.93954949897883e-05,double
2000,1102,1141,0.5607274404977182,1965.077740028377,196.5018549035144,+,-0.3899870555770599,0.08657878330918461,-1.58330399572698,0.3515002141693542,double
2000,1102,1142,0.5609777558589544,1965.079929957239,194.4385540794055,+,-0.1704842860280676,0.308609798063741,-0.6922328245582698,1.253076381273345,double
2000,1103,1142,0.5612272567701163,1965.082126992681,197.9433816670767,+,-0.3640108957184071,0.1125684156342482,-1.478209493710481,0.4571283514854377,double
2000,1103,1143,0.561477575595853,1965.084335198555,195.8521773211316,+,-0.1447539473009308,0.3343513450822148,-0.5879036992238452,1.357934593698216,double
2000,1104,1143,0.5617270730913969,1965.086550429646,199.3845248994512,+,-0.3380490849594592,0.138543801642951,-1.373124021729818,0.5627520693349062,double
2000,1104,1144,0.561977395384394,1965.088776920142,197.2653955825813,+,-0.1190106597329897,0.3601059233555629,-0.4834710704756043,1.462900858124218,double
2000,1105,1144,0.5622268894619727,1965.09101035305,200.8252813618335,+,-0.3120728664083935,0.1645336980296775,-1.267930109351429,0.6684888440821941,double
2000,1105,1145,0.5624772152250347,1965.093255135735,198.678205278012,+,-0.09328348455120511,0.3858444714231066,-0.3790523130728916,1.56785780551576,double
2000,1106,1145,0.5627267058823133,1965.095506776587,202.2656473694256,+,-0.2860967960881197,0.1905235485714808,-1.162686188982105,0.774280249303081,double
2000,1106,1146,0.5629770351182524,1965.097769859253,200.0906026647717,+,-0.06754051480501103,0.4115988960002777,-0.27451711619225,1.672935752475593,double
2000,1107,1146,0.5632265223528323,1965.100039714308,203.7056196771789,+,-0.2601386931274979,0.2164955339365935,-1.057464016048162,0.8800545356044984,double
2000,1107,1147,0.5634768550645067,1965.102321104586,201.5025841383958,+,-0.04179788194482851,0.4373530653969681,-0.1699303365643262,1.7780698480953,double
2000,1108,1146,0.5634760169054407,1965.102321146034,207.2672922904931,+,-0.4561025005066437,0.01748966518403461,-1.854295344256146,0.07110464136313542,double
2000,1108,1147,0.5637263388740056,1965.104609180152,205.1451945521283,+,-0.2341631668827364,0.2424850445652778,-0.9521190658405053,0.9859562337889048,double
2000,1108,1148,0.5639766750642647,1965.106908886003,202.9141460355786,+,-0.01607533130656032,0.4630872340387908,-0.06537159285426843,1.883180479598506,double
2000,1109,1147,0.5639758300864945,1965.10690883853,208.7338210180862,+,-0.4299018636492442,0.04370664741643937,-1.748228805100933,0.1777364241671482,double
2000,1109,1148,0.5642261554462463,1965.109215188357,206.5843687510092,+,-0.208209914856628,0.2684523827490466,-0.8468120550953622,1.091824633267364,double
2000,1110,1148,0.564475643316234,1965.111533079697,210.1999675628863,+,-0.403725940498258,0.06989903719851326,-1.642211162454321,0.2843240119536078,double
2000,1110,1149,0.5647259720700061,1965.113857753197,208.0231387326335,+,-0.182235324960982,0.2944411603677369,-0.74136494972928,1.197837774322818,double
2000,1111,1149,0.5649754565951041,1965.116193884056,211.6657284327689,+,-0.3775262881699303,0.09611527724109148,-1.536044708068249,0.3910651194288154,double
2000,1111,1150,0.565225788745747,1965.118536889025,209.4615008683984,+,-0.1562882147987575,0.3204025596083027,-0.6359756473190362,1.303797765634126,double
2000,1112,1150,0.5654752699235269,1965.120891265884,213.1311003132057,+,-0.3513273184681268,0.1223309555642564,-1.429828027640251,0.4978611674049377,double
2000,1112,1151,0.5657256054738995,1965.123252610522,210.8994517848093,+,-0.1303149578761128,0.3463902067512265,-0.5304252730317579,1.409923488339826,double
2000,1113,1151,0.5659750833019158,1965.125625239923,214.5960799610637,+,-0.3251587962452762,0.1485163071373866,-1.323681602126631,0.6045916814910791,double
2000,1113,1152,0.5662254222549208,1965.128004932152,212.3369878916189,+,-0.1043425624717588,0.3723770933039444,-0.4248230161593147,1.516105759515316,double
2000,1114,1152,0.5664748967307136,1965.130395820811,216.0606638984975,+,-0.2989614033834266,0.1747306499004071,-1.217363298170747,0.7114988016746435,double
2000,1114,1153,0.5667252390892689,1965.132793868866,213.7741055967958,+,-0.07840392807852599,0.3983303195566902,-0.3193021743565426,1.622211287924272,double
2000,1115,1153,0.5669747102103361,1965.135203023339,217.5248488618481,+,-0.2728013460278977,0.200907777525834,-1.111141990644924,0.8183136597620509,double
2000,1115,1154,0.5672250559773757,1965.137619435455,215.2108015098977,+,-0.05243345966120467,0.4243154803264486,-0.2135949589631924,1.728507868704172,double
2000,1116,1153,0.5672241893743002,1965.137619512429,221.2166542463781,+,-0.4613149934160667,0.008825341773158968,-1.879229617050162,0.03595123479056796,double
2000,1116,1154,0.5674745237412152,1965.140046862653,218.9886314607295,+,-0.2466059153553415,0.227120398655828,-1.004720879940967,0.9253330621093075,double
2000,1116,1155,0.5677248729196955,1965.142481646908,216.6470720692207,+,-0.02650430421147209,0.4502594284004551,-0.10799862811031,1.834698250253771,double
2000,1117,1154,0.5677239996333352,1965.142481631403,222.7068797852528,+,-0.4349414868672036,0.03521843529341923,-1.772280489795085,0.1435065351001908,double
2000,1117,1155,0.5679743373237734,1965.144927353586,220.4520083788284,+,-0.2204116719660716,0.2533319525047841,-0.898248147986128,1.032408833585546,double
2000,1117,1156,0.5682246899167003,1965.147380518566,218.0829135694512,+,-0.0005361506704683433,0.4762424746130222,-0.002185289345703409,1.941110331605401,double
2000,1118,1155,0.5682238099415519,1965.147380408967,224.1967190517773,+,-0.4085289236909392,0.06165072428323626,-1.665116760299509,0.2512812394313647,double
2000,1118,1156,0.568474150958448,1965.149844511547,221.9149761829217,+,-0.1942630348835631,0.2794980198611022,-0.7919041735438017,1.139360602277725,double
2000,1119,1156,0.5687236202994049,1965.152315860276,225.6861684734731,+,-0.382166726463137,0.08803278601744907,-1.55810217315293,0.3589116103118537,double
2000,1119,1157,0.5689739646456831,1965.154798351774,223.3775313880246,+,-0.1680713397419762,0.3057072649041882,-0.6853268766796716,1.24655045504315,double
2000,1120,1157,0.5692234307072627,1965.15728800105,227.1752251591415,+,-0.3557567496651388,0.1144627658632129,-1.450835945148665,0.466798438123233,double
2000,1120,1158,0.5694737783858895,1965.159788889578,224.8396707670681,+,-0.1418811348915001,0.3319151390933675,-0.5786971110899374,1.353797545158019,double
2000,1121,1158,0.5697232411655604,1965.162296846431,228.6638856889892,+,-0.3293482931582099,0.1408913638042613,-1.34351831818308,0.5747414881967883,double
2000,1121,1159,0.5699735921795184,1965.164816140936,226.3013907806285,+,-0.1157464481839698,0.3580676143825676,-0.4722346088010815,1.460882147619165,double
2000,1122,1159,0.5702230516746822,1965.167342412227,230.1521470459193,+,-0.3030010671615321,0.1672588694684632,-1.236392239024509,0.6824978210673297,double
2000,1122,1160,0.5704734060269864,1965.169880121123,227.7626881570145,+,-0.08955936838254791,0.3842726018166543,-0.3654984674844305,1.568245171854194,double
2000,1123,1160,0.5707228622350909,1965.172424714274,231.6400055958431,+,-0.2765957674418648,0.1936845869310454,-1.128970256863858,0.7905548948939416,double
2000,1123,1161,0.5709732199287433,1965.174980846104,229.2235593648345,+,-0.06343976445983603,0.4104102322264478,-0.2589771341941303,1.675398177955777,double
2000,1124,1161,0.5712226728471431,1965.177543768174,233.1274585377448,+,-0.2501922866178921,0.2201086234172159,-1.021495991184928,0.8986690976181353,double
2000,1124,1162,0.5714730338852314,1965.180118332004,230.6840009333828,+,-0.03725618285178937,0.4366119589777388,-0.1521333603362673,1.782878421724668,double
2000,1125,1161,0.5714721346228061,1965.18011835224,236.9661339892573,+,-0.439967153915109,0.02623492329230287,-1.796578213475297,0.1071286599459223,double
2000,1125,1162,0.5717224835112846,1965.182699590295,234.6145023705774,+,-0.2238630412843366,0.2464585621702098,-0.9142644905436513,1.006545388153063,double
2000,1125,1163,0.5719728478968773,1965.185292594542,232.1440095133257,+,-0.01107460422286967,0.4628118012053815,-0.04523571739166871,1.890417338944047,double
2000,1126,1162,0.571971942080496,1965.185292517247,238.4791314626034,+,-0.4134351708112925,0.05279003016216266,-1.688730920744405,0.2156278965501086,double
2000,1126,1163,0.5722222942279326,1965.187892196555,236.101133817411,+,-0.1974632846197822,0.2728791498514211,-0.8066839860702149,1.114775542913982,double
2000,1127,1163,0.5724717495880917,1965.190503474177,239.9917367753326,+,-0.3868251700098519,0.07942331051235507,-1.58050490373552,0.3245107647273547,double
2000,1127,1164,0.5727221049974952,1965.193121603032,237.5873496727475,+,-0.1710656461313426,0.2992977567907038,-0.6990503074669693,1.223063739800072,double
2000,1128,1164,0.5729715571459699,1965.19575123877,241.5039469686658,+,-0.3602173291179799,0.1060545866108049,-1.472226854250452,0.4334505805347276,double
2000,1128,1165,0.5732219158204056,1965.198387826665,239.0731465346514,+,-0.1447577890840768,0.3256267195589045,-0.5917210859309087,1.331052355280197,double
2000,1129,1165,0.5734713647545459,1965.201035827606,243.0157587782978,+,-0.3337082998430732,0.1325872066248488,-1.364291201125885,0.5420529230624576,double
2000,1129,1166,0.5737217266970681,1965.203690883453,240.5585212270903,+,-0.1183644320233884,0.3520413194434358,-0.4839792293722101,1.439458489166268,double
2000,1130,1166,0.5739711724141955,1965.206357257647,244.5271692517031,+,-0.3071047836716099,0.1592144689396389,-1.255907094638625,0.6511086500177449,double
2000,1130,1167,0.5742215376279101,1965.209030789948,242.0434703945593,+,-0.09207961468874376,0.378347516536813,-0.3766173526530218,1.547489534383975,double
2000,1131,1167,0.574470980125332,1965.211715545018,246.0381751406567,+,-0.2805037205798787,0.1858394334507835,-1.147470021672054,0.7602222825724242,double
2000,1131,1168,0.5747213486133468,1965.21440756365,243.527990774415,+,-0.0656908862776568,0.4047577614725527,-0.2687659267383747,1.656015027821619,double
2000,1132,1168,0.5749707878883654,1965.217110706782,247.5487732246277,+,-0.2540217740698709,0.2123454365277377,-1.039456655747554,0.868917155328837,double
2000,1132,1169,0.5752211596538263,1965.219821220671,245.0120788486454,+,-0.0393047949010118,0.431165505968023,-0.1608599043561746,1.764600024662955,double
2000,1133,1168,0.5752202367536907,1965.21982124621,251.4986424832771,+,-0.4359488622413225,0.02578203560315839,-1.784175508684132,0.1055162209867498,double
2000,1133,1169,0.5754705957036861,1965.222542760199,249.0589604349548,+,-0.2274255761711084,0.2389658460078832,-0.9309114875623314,0.9781487857655027,double
2000,1133,1170,0.5757209707497347,1965.225271778053,246.4957315831884,+,-0.01304937488341397,0.4574427155263215,-0.05342273181192074,1.872721086581736,double
2000,1134,1169,0.5757200414302425,1965.225271703045,253.0342754341109,+,-0.4092774870330432,0.05248004690074459,-1.67553687622155,0.2148475218744069,double
2000,1134,1170,0.5759704035716865,1965.228011721747,250.5687336877897,+,-0.2008321449480257,0.2655836436960163,-0.8223124933110165,1.087439205943923,double
2000,1135,1170,0.5762198461567554,1965.230759076251,254.5695155894207,+,-0.3824805720151187,0.0793037703317101,-1.566320217669042,0.3247618517027053,double
2000,1135,1171,0.5764702114927879,1965.233517608922,252.0780896732665,+,-0.1743819698503532,0.2920583400066845,-0.7142343734883386,1.19621372367641,double
2000,1136,1171,0.5767196509336613,1965.236283382694,256.1043595545316,+,-0.3556865439484634,0.1061247790397233,-1.457050416177059,0.4347343358846096,double
2000,1136,1172,0.5769700194673743,1965.239060439408,253.5870253727514,+,-0.1477939339078942,0.3186710517760323,-0.6055251903795619,1.305624285062963,double
2000,1137,1172,0.5772194557613145,1965.241844640349,257.6388045452381,+,-0.3290495146482952,0.1327889611157885,-1.348358260320093,0.5441341944879379,double
2000,1137,1173,0.5774698274958755,1965.244640229964,255.0955374102705,+,-0.1212089463778479,0.3452808696089499,-0.4967611818258629,1.415094660703618,double
2000,1138,1173,0.5777192606401088,1965.247442866595,259.1728474645029,+,-0.3022611069819068,0.1596046935966706,-1.238979579443169,0.6542256068737151,double
2000,1138,1174,0.577969635578683,1965.250256998429,256.6036227091222,+,-0.0947959436112943,0.3717188570174995,-0.388634214515415,1.523932992427664,double
2000,1139,1174,0.5782190655704099,1965.253078078585,260.7064854369521,+,-0.2754758902414527,0.1864174070920365,-1.129546835141138,0.7643761202167868,double
2000,1139,1175,0.5784694437162069,1965.255910763126,258.1112780460955,+,-0.06821686376372486,0.3983230757047209,-0.2797578386957094,1.633525738558455,double
2000,1140,1175,0.5787188705526539,1965.258750294638,262.2397150348402,+,-0.2488789505523109,0.2130420153791819,-1.020818464363506,0.8738273064140558,double
2000,1140,1176,0.5789692519088664,1965.261601540977,259.6185001282981,+,-0.04164116578622468,0.4249240665806647,-0.1708258404485846,1.743179121668232,double
2000,1141,1175,0.5789683077168148,1965.261601573461,266.2914995346243,+,-0.4318743637091826,0.0248685036905324,-1.771690456393387,0.1020187683170025,double
2000,1141,1176,0.5792186755871588,1965.264459532787,263.7725337572981,+,-0.2220998582038016,0.2398489480688072,-0.9112746072744108,0.984099034210197,double
2000,1141,1177,0.5794690601570543,1965.26732935002,261.1252858665216,+,-0.01527146706237157,0.4513192121168733,-0.06266896952430011,1.852062400708945,double
2000,1142,1176,0.5794681096801197,1965.267329279035,267.8492561783612,+,-0.4051030746121056,0.05167003009730631,-1.662405870707832,0.2120363106492344,double
2000,1142,1177,0.579718480674381,1965.270205810334,265.3049380165889,+,-0.195324284666731,0.2666525335903966,-0.8016758548550433,1.094430721607834,double
2000,1143,1177,0.5799679116933245,1965.273094032866,269.4066203096297,+,-0.3781321769825255,0.07867135332077557,-1.552234027959583,0.3229462052783261,double
2000,1143,1178,0.5802182858146708,1965.275989145778,266.8369250580029,+,-0.1687740014545717,0.2932310003263683,-0.6929320017574756,1.203912582994538,double
2000,1144,1178,0.5804677137568023,1965.27889585265,270.9635889934664,+,-0.3511648903896343,0.1056692537303944,-1.44200787087322,0.433915518773701,double
2000,1144,1179,0.5807180910084198,1965.28180955818,268.3684918041661,+,-0.1420050446171392,0.3200283121272582,-0.583219844603472,1.314367830880874,double
2000,1145,1179,0.5809675158708991,1965.284734757358,272.5201595077417,+,-0.3244439170807083,0.1324210290201788,-1.332723619155989,0.5439480408080262,double
2000,1145,1180,0.5812178962560378,1965.287667064794,269.8996350311206,+,-0.115239849439435,0.3468220336024417,-0.4734516013375705,1.42488425650475,double
2000,1146,1180,0.5814673180360218,1965.290610765808,274.0763286527911,+,-0.2974835024837832,0.1594124336991167,-1.222385528901279,0.6550395247257701,double
2000,1146,1181,0.5817177015579118,1965.293561684152,271.430351697245,+,-0.08847858581579229,0.3736119947521663,-0.3636272380508713,1.535461903033247,double
2000,1147,1181,0.5819671202525096,1965.296523895601,275.6320937592463,+,-0.2705269855465003,0.1864001287558916,-1.111992101882014,0.7661914782646101,double
2000,1147,1182,0.5822175069144192,1965.299493436564,272.9606388359973,+,-0.06198573401712103,0.400133715199976,-0.254833342653619,1.645014191889004,double
2000,1148,1181,0.5822165499295928,1965.29949354797,279.7520541045403,+,-0.4458486697908703,0.005352678607594918,-1.832954552190101,0.02200571019939059,double
2000,1148,1182,0.5824669225207549,1965.302474165564,277.1874517419083,+,-0.2438644802557312,0.2130940001418309,-1.00273550878241,0.8762117403347257,double
2000,1148,1183,0.5827173123259815,1965.305462339278,274.4904931340391,+,-0.03523170783245752,0.4269167810486504,-0.1448923338359251,1.75571871377956,double
2000,1148,1297,0.6114114166316205,1965.712016707499,-1120.951573781087,-,-0.003018341437911964,0.004887601044294258,-0.01270412578787579,0.02057179406138425,double
2000,1149,1182,0.5827163491969855,1965.305462344634,281.3318197245271,+,-0.4187074975830946,0.0325275481014683,-1.721956456223064,0.1337712407390411,double
2000,1149,1183,0.5829667248411272,1965.308461596257,278.7423996935354,+,-0.2169152529574249,0.2400747814450686,-0.8922275239262655,0.9874885462661094,double
2000,1149,1184,0.5832171177929837,1965.311468411107,276.019911562262,+,-0.008481923101395065,0.4536957763505163,-0.03489427623696399,1.866485413539635,double
2000,1150,1183,0.5832161485136512,1965.311468309299,282.9111975650121,+,-0.3918872927811755,0.05938165384546296,-1.612206832015423,0.2442934736327052,double
2000,1150,1184,0.5834665272139953,1965.314486204852,280.2969347131461,+,-0.1899703133980409,0.2670514628543929,-0.7816635952450297,1.098826457862558,double
2000,1151,1184,0.5837159478799555,1965.317511462472,284.49018475038,+,-0.3647536205156775,0.0865494306857259,-1.501095348011805,0.3561827504048841,double
2000,1151,1185,0.5839663296397554,1965.320548010466,281.8510536842421,+,-0.1630296488803712,0.2940240570007095,-0.6710429309055358,1.210226276763132,double
2000,1152,1185,0.5842157472962499,1965.323591821563,286.0687785132759,+,-0.3376243889299133,0.1137129704553092,-1.389928676362597,0.4681324089505183,double
2000,1152,1186,0.5844661321187559,1965.326647033729,283.4047538659142,+,-0.1364382186763905,0.3206476045456335,-0.5617851613814878,1.320268382376844,double
2000,1153,1186,0.5847155467628694,1965.329709405883,287.6469762178683,+,-0.3104995641595283,0.1408723069933607,-1.278705934206942,0.5801433422472794,double
2000,1153,1187,0.5849659346513902,1965.33278329349,284.9580321640208,+,-0.1095055389854215,0.3476125892196841,-0.4510469671365188,1.431796104185053,double
2000,1154,1187,0.5852153462801951,1965.335864236507,289.2247748641764,+,-0.2837557138128983,0.1676508726688564,-1.168977707643948,0.6906649744017906,double
2000,1154,1188,0.5854657372380474,1965.338956808402,286.5108855192959,+,-0.08257741442586192,0.3745732063382626,-0.3402509637013339,1.543386836696324,double
2000,1155,1188,0.5857151458485969,1965.342056332169,290.8021715425857,+,-0.2566389959328259,0.1948025094114192,-1.057638220548239,0.8028030918035249,double
2000,1155,1189,0.5859655398790941,1965.345167598311,288.0633110459605,+,-0.05606461564980738,0.4011186851779289,-0.231089537781732,1.653348203301241,double
2000,1156,1188,0.5859645661882444,1965.345167686012,295.0058337629991,+,-0.432807152087981,0.01236055070335862,-1.783961854569815,0.05094821296249143,double
2000,1156,1189,0.5862149454683885,1965.34828571178,292.3791637827869,+,-0.2295270438716014,0.2219495838441342,-0.9462419034303662,0.9150032742971077,double
2000,1156,1190,0.5864653425749228,1965.351415685204,289.6153056570267,+,-0.02914480277753859,0.4280713655473759,-0.1201729869114925,1.765069916642411,double
2000,1157,1189,0.5864643628748287,1965.351415663904,296.6067235989728,+,-0.4055146613016641,0.03969042273436801,-1.672060518456074,0.1636557075444408,double
2000,1157,1190,0.5867147451399787,1965.354552395445,293.9557483673834,+,-0.2028676499480852,0.248644303620455,-0.8366347216667018,1.025419566928215,double
2000,1157,1191,0.5869651453259014,1965.357701086568,291.1668664595613,+,-0.002229913463315232,0.4550193097214431,-0.009197906587123533,1.876855391479207,double
2000,1158,1190,0.5869641596102807,1965.357700954863,298.2072286496339,+,-0.3782270969299991,0.06701558666645357,-1.560103162447352,0.2764244802665441,double
2000,1158,1191,0.5872145448636916,1965.360856405441,295.531922747331,+,-0.1757641798313546,0.2757833030459207,-0.7251188275372914,1.137749827927942,double
2000,1158,1305,0.615912858785545,1965.786977945473,-1133.93503603093,-,-0.006553413334541097,0.002360223703503552,-0.0277024718049491,0.009977095486265131,double
2000,1159,1191,0.5874639563949103,1965.364023579186,299.8073464756435,+,-0.3514324389424248,0.09384806254781097,-1.450102567590719,0.3872417608161965,double
2000,1159,1192,0.5877143446399175,1965.367197759299,297.1076838492822,+,-0.1486657763031108,0.3029174393088112,-0.6135450935271561,1.250143195383443,double
2000,1160,1192,0.5879637532290773,1965.370383559594,301.4070742446834,+,-0.3241535426404829,0.1211649950900015,-1.338026750826293,0.5001395430497181,double
2000,1160,1193,0.5882141444690004,1965.373576477263,298.683028966723,+,-0.121572671934368,0.3300464798112112,-0.5019137267666876,1.362599472829728,double
2000,1161,1193,0.5884635501131454,1965.376780913577,303.0064090931041,+,-0.2968800213571098,0.1484767709781963,-1.225894504813687,0.6130990452055634,double
2000,1161,1194,0.5887139443513285,1965.379992581039,300.2579550442001,+,-0.09501438897766498,0.356640902272413,-0.3924109086135191,1.472932489650181,double
2000,1162,1194,0.58896334704741,1965.383215661578,304.6053486934634,+,-0.2696116573712029,0.1757836079472391,-1.113704174299114,0.7261219334988193,double
2000,1162,1195,0.5892137442872547,1965.386446091761,301.8324593054117,+,-0.06793034428204169,0.3837612898106164,-0.28065645964972,1.585522436065896,double
2000,1163,1194,0.5892127621360258,1965.386446227538,308.8598923883972,+,-0.437560875327908,0.001008452374847812,-1.807795890574645,0.004166451257151144,double
2000,1163,1195,0.5894631440322518,1965.389687825427,306.2038900496266,+,-0.2429253999067806,0.202508556786286,-1.003839124279397,0.836824853973435,double
2000,1163,1196,0.5897135442771398,1965.392937028106,303.4065389096363,+,-0.04085158185506865,0.4108765983904923,-0.1688420416340827,1.698177661223425,double
2000,1163,1309,0.6181634607229446,1965.825634131503,-1139.551642802983,-,-0.002707340091979808,0.006750074559011505,-0.01146996252098795,0.02859747928791566,double
2000,1164,1195,0.5897125562584101,1965.392937053353,310.4817962449824,+,-0.4101239230687226,0.02848624498451025,-1.69506556694367,0.1177352753369475,double
2000,1164,1196,0.5899629410680158,1965.396197426879,307.802030442962,+,-0.2156664189580457,0.2298064475182988,-0.8915273797146873,0.9499797928085666,double
2000,1164,1197,0.5902133443213677,1965.399465410852,304.9801908363147,+,-0.01377838035461421,0.4379865493227776,-0.056968047264363,1.810897783397262,double
2000,1165,1196,0.5902123504287212,1965.399465325242,312.1033225338711,+,-0.383320089721212,0.05533115091225171,-1.584872839620785,0.2287718296465114,double
2000,1165,1197,0.5904627381550278,1965.402744484466,309.3997673105973,+,-0.1884128469373503,0.2570991477431944,-0.779156312274651,1.063199389536066,double
2000,1166,1197,0.5907121446473024,1965.406031065849,313.724468552067,+,-0.3558926997884344,0.08279984571282706,-1.472022071101207,0.3424717631058781,double
2000,1166,1198,0.5909625352936588,1965.409329019168,310.9970977306973,+,-0.1611649847816158,0.2843863565383344,-0.6667264037680575,1.176483173639917,double
2000,1167,1198,0.5912119389144717,1965.412634293417,315.3452317927163,+,-0.328470847522955,0.1102632351910049,-1.35911257890954,0.4562357696869367,double
2000,1167,1199,0.5914623324842447,1965.415951054208,312.5940190571389,+,-0.1346036831716013,0.3109872232362053,-0.557054577126247,1.287014233560435,double
2000,1168,1199,0.5917117332305676,1965.419275029131,316.9656095886478,+,-0.3010551410281337,0.1377207113006742,-1.246146113363676,0.5700621106516101,double
2000,1168,1200,0.5919621297271437,1965.422610610756,314.1905284710313,+,-0.1073654711438255,0.3382652188134208,-0.4444984369134277,1.400434976188256,double
2000,1169,1200,0.5922115275959099,1965.425953296035,318.58559942226,+,-0.2743849087294667,0.1644329456740895,-1.136183347604754,0.6808901245246728,double
2000,1169,1201,0.5924619270227042,1965.429307708165,315.7866232277827,+,-0.08013358070690411,0.3655371112741669,-0.3318836936757519,1.513919702514711,double
2000,1170,1201,0.5927113220108584,1965.432669116592,320.2051984571087,+,-0.2469786983099764,0.1918813906849072,-1.023090228149226,0.7948538765356457,double
2000,1170,1202,0.5929617243712876,1965.436042367965,317.3823004816472,+,-0.05290747221798594,0.3928034402735445,-0.2192073450846482,1.627471426488001,double
2000,1171,1201,0.5929607301486508,1965.436042443505,324.5249683345346,+,-0.4155068016877738,0.01597635536583775,-1.721535149714388,0.06619351889042024,double
2000,1171,1202,0.5932111164756892,1965.43942250965,321.8244045204081,+,-0.2195789949151794,0.2193235612451959,-0.9099393276329478,0.9088808058831358,double
2000,1171,1203,0.5934615217732292,1965.442814614431,318.9775575936633,+,-0.02648900833070612,0.4192623431692863,-0.1097921973133143,1.737767353635685,double
2000,1172,1202,0.5934605218190737,1965.442814578999,326.1670220608346,+,-0.3879407598926841,0.04358689397637722,-1.607943752616683,0.1806597323897317,double
2000,1172,1203,0.5937109109907948,1965.44621349694,323.4432145186695,+,-0.1921851850709275,0.2467600708869286,-0.7967273329921142,1.022974237551821,double
2000,1173,1203,0.5939603135367127,1965.449624318964,327.8087036300205,+,-0.36038143809472,0.07119095801727227,-1.494295547539622,0.2951881543974801,double
2000,1173,1204,0.5942107055564746,1965.453042102278,325.0616260928171,+,-0.1656681662854935,0.2733200221575285,-0.6870652886090869,1.133523139156927,double
2000,1174,1204,0.5944601053018752,1965.456471685338,329.4500106199891,+,-0.3328281226491963,0.09878926123314441,-1.380586801483034,0.4097825300973499,double
2000,1174,1205,0.5947105001730724,1965.45990834893,326.6796365362723,+,-0.13828497316284,0.3007463805123527,-0.5737253387424226,1.247755378538654,double
2000,1175,1205,0.5949598971148593,1965.463356701193,331.0909406785313,+,-0.3062262370649962,0.1254363802176665,-1.270739938352412,0.5205204478645484,double
2000,1175,1206,0.5952102948409282,1965.466812255819,328.2972431675341,+,-0.1109078659154056,0.3281668857930499,-0.4603227676659043,1.362055683586769,double
2000,1176,1206,0.5954596889760302,1965.470279392302,332.7314909301274,+,-0.2786837032571296,0.1530243931555459,-1.156904213252966,0.6352526649496515,double
2000,1176,1207,0.5957100895603745,1965.473753845226,329.9144433695867,+,-0.08353740103218787,0.3555809815708094,-0.346859106229802,1.476422535726767,double
2000,1177,1207,0.5959594808856402,1965.477239776439,334.3716593836884,+,-0.251147354870044,0.1806064665053873,-1.043006355643399,0.750052464350618,double
2000,1177,1208,0.5962098843317664,1965.480733141041,331.5312343444978,+,-0.05719642931101993,0.3819658171021758,-0.2375822887668793,1.586608012964925,double
2000,1178,1207,0.5962088860338383,1965.480733233323,338.7247371518608,+,-0.4111358719393478,0.01268788953861943,-1.707773102056819,0.05270286042838637,double
2000,1178,1208,0.5964592728440659,1965.484237876096,336.0114430731908,+,-0.2236178116875527,0.20818198058352,-0.9290481571794023,0.8649180669441423,double
2000,1178,1209,0.5967096791554127,1965.487750168855,333.1476136588544,+,-0.02983644627970686,0.4093698969168823,-0.1239841625980212,1.701120280420225,double
2000,1179,1208,0.5967086752692735,1965.48775014677,340.3868265091869,+,-0.3834466203882306,0.04042498600944583,-1.593395853003801,0.1679842816190974,double
2000,1179,1209,0.5969590648515986,1965.491273713912,337.6508397001901,+,-0.1960958129631344,0.2357501962397528,-0.8150319081726347,0.9798471950519488,double
2000,1179,1210,0.5972094740316919,1965.49480494686,334.7635783311214,+,-0.002483399971885558,0.4367672730396729,-0.01032382742578382,1.815700250921794,double
2000,1180,1209,0.5972084645507094,1965.494804809063,342.0485531053839,+,-0.3557650543068434,0.06815465471422189,-1.478961935147363,0.2833278277481088,double
2000,1180,1210,0.5974588569085496,1965.498347319052,339.2898468121164,+,-0.1696853847535514,0.2622070875194458,-0.7055473392141084,1.090250130800107,double
2000,1181,1210,0.5977082538784861,1965.501897243052,343.7099142580209,+,-0.3280898208813424,0.09587824861124405,-1.364464940587249,0.3987399195852046,double
2000,1181,1211,0.597958649015253,1965.505458708016,340.9284617762876,+,-0.1421734800539223,0.2897657015297303,-0.591393733428808,1.205327603870221,double
2000,1182,1211,0.5982080432529003,1965.509027476686,345.3709076280397,+,-0.3016198063473697,0.1223968816110186,-1.254892056188046,0.509233383231351,double
2000,1182,1212,0.5984584411720307,1965.512607903857,342.5666820541101,+,-0.1146695752094131,0.3173165620283409,-0.4771816186590893,1.320469099318607,double
2000,1183,1212,0.5987078326742455,1965.516195530009,347.0315308996919,+,-0.273956278391648,0.1501092861734035,-1.140264582333801,0.6247869313593331,double
2000,1183,1213,0.5989582333792182,1965.519794929766,344.2045050021488,+,-0.08717214917567367,0.3448611901619867,-0.3629038783239966,1.435681746712505,double
2000,1184,1213,0.5992076221428455,1965.523401424374,348.6917815205441,+,-0.2462991842623659,0.1778155151969583,-1.025572083578343,0.7404110125628451,double
2000,1184,1214,0.5994580256371147,1965.527019814147,345.8419282619222,+,-0.06097625163624854,0.3711045363512169,-0.2539533291366028,1.545572742422596,double
2000,1185,1213,0.599457025407698,1965.527019922512,353.0695332629093,+,-0.4066825688263415,0.008949894001606173,-1.693746399695301,0.03727440491640063,double
2000,1185,1214,0.5997074116589673,1965.53064518318,350.3516573837403,+,-0.2186495358265524,0.205514556962731,-0.9108179785647277,0.856102221442213,double
2000,1185,1215,0.5999578179460517,1965.534282577704,347.478949220462,+,-0.03349078976812124,0.3986376935217597,-0.1395400533299872,1.66093201738461,double
2000,1185,1327,0.6281666483294424,1966.007013279581,-1167.863681074874,-,-0.01112899070374589,0.0007324637424565034,-0.04764667115240387,0.00313590513254156,double
2000,1186,1214,0.5999568122727144,1965.534282570766,354.7511682834843,+,-0.3788811805966706,0.03680237135432629,-1.578614784100475,0.1533376965791841,double
2000,1186,1215,0.6002072012229519,1965.537926832825,352.0111558014705,+,-0.1924089404691887,0.2318048042343797,-0.8018425143503634,0.9660203242767358,double
2000,1186,1216,0.6004576103063798,1965.541583241741,349.1155651142585,+,-0.006011886745661981,0.4261645386036257,-0.02505910605941383,1.776364529710297,double
2000,1187,1215,0.6004565991824681,1965.541583118178,356.432450327168,+,-0.3510874103472794,0.06464749978982942,-1.463422312216471,0.2694673486806762,double
2000,1187,1216,0.6007069908350888,1965.545246399221,353.6702744893651,+,-0.1647713880312558,0.2594922673180835,-0.686953605733764,1.081857419689715,double
2000,1188,1216,0.600956386137245,1965.548921588512,358.1133771371358,+,-0.3233026396545839,0.09248389792182315,-1.348173949041384,0.385658409771158,double
2000,1188,1217,0.601206780495687,1965.552603901106,355.3290110124365,+,-0.1371404258036215,0.287173399073184,-0.5719971408860915,1.197767633036356,double
2000,1189,1217,0.601456173137364,1965.556298014181,359.7939461982301,+,-0.2970368633925303,0.1188015710701223,-1.239168248658254,0.4956123394229006,double
2000,1189,1218,0.6017065702050846,1965.559999362458,356.9873627034949,+,-0.1095173035745559,0.3148469498611333,-0.4569775304800432,1.313746567260644,double
2000,1190,1218,0.601955960183079,1965.5637124107,361.4741555074741,+,-0.2692619550449699,0.146628645941681,-1.123774441547942,0.6119599208901372,double
2000,1190,1219,0.6022063599635165,1965.567432807416,358.6453277094038,+,-0.08190353352060353,0.3425114076553151,-0.3419002871688775,1.429788723419485,double
2000,1191,1219,0.6024557472746758,1965.571164802257,363.1540028080431,+,-0.2414950507686849,0.1744479865753216,-1.008318193996804,0.7283755017343658,double
2000,1191,1220,0.6027061497713645,1965.574904268053,360.3029030196005,+,-0.05592778993664534,0.3685380983130376,-0.2335663061729545,1.539093220105605,double
2000,1192,1219,0.6027051497706544,1965.574904355837,367.5477104548299,+,-0.3930226883676899,0.0138878440823334,-1.641344650326502,0.05799853103590046,double
2000,1192,1220,0.602955534412452,1965.578655213209,364.8334857543105,+,-0.2137378389631389,0.2022579047655077,-0.8928057558850953,0.8448528460093904,double
2000,1192,1221,0.6032059396289193,1965.582413762195,361.9600863425433,+,-0.02832380843856697,0.3961932863667108,-0.1183370876028496,1.655298571098882,double
2000,1193,1220,0.603204934329745,1965.582413733796,369.2484009928514,+,-0.3651180785381939,0.04184665523795317,-1.52546479335652,0.1748354930569348,double
2000,1193,1221,0.6034553215967203,1965.586183672374,366.5126018768651,+,-0.1877514659252675,0.2282972544087033,-0.7845959987950997,0.9540330961584762,double
2000,1193,1222,0.603705729536488,1965.589961313146,363.6168752548995,+,-0.0007298265325713027,0.4238387344653096,-0.003050538826051825,1.771566883045293,double
2000,1194,1221,0.6037047189322094,1965.589961167275,370.9487491389748,+,-0.3372235205769312,0.06979569398203611,-1.409530203933964,0.2917327314651783,double
2000,1194,1222,0.6039551088277642,1965.593750205399,368.1913489404101,+,-0.1600038268279169,0.2560981405314843,-0.668930957439606,1.070674231613682,double
2000,1195,1222,0.6042045035782702,1965.597546680955,372.6487531351074,+,-0.3093355439099439,0.09773843112326264,-1.29352557183536,0.4087055706919206,double
2000,1195,1223,0.6044548961058411,1965.601354831668,369.8697249132649,+,-0.1322665570114234,0.2838889279875325,-0.553210145079623,1.187376753330909,double
2000,1196,1223,0.6047042882682128,1965.605170310097,374.3484107286652,+,-0.2833572290684875,0.1237717863707161,-1.185411525504081,0.5177933966195489,double
2000,1196,1224,0.6049546834312942,1965.608997576096,371.5477270883164,+,-0.1045357804931781,0.3116734929580668,-0.4374165445168134,1.304157692839915,double
2000,1197,1224,0.6052040730023429,1965.612832069279,376.0477195046265,+,-0.2554827520670238,0.1517015839486605,-1.069269256135343,0.6349150324667829,double
2000,1197,1225,0.6054544708043914,1965.616678463745,373.225353351361,+,-0.07681358858468851,0.3394497443306852,-0.3215580882549452,1.421009132066027,double
2000,1198,1225,0.6057038577809001,1965.620531983613,377.7466775747694,+,-0.2276146974749078,0.1796252395289315,-0.9530538367951841,0.7521154196871421,double
2000,1198,1226,0.6059542582254371,1965.62439752819,374.9026013011589,+,-0.05115036479018369,0.3651672987998313,-0.2142211048628008,1.529344756964019,double
2000,1199,1225,0.6059532606314112,1965.624397596608,382.1475331140268,+,-0.379261296474877,0.01839875358144494,-1.588369943501668,0.07705512652698707,double
2000,1199,1226,0.6062036426041739,1965.628270078377,379.4452826515094,+,-0.199755393883514,0.2075404247625929,-0.8367741954170924,0.8693856449679226,double
2000,1199,1227,0.6064540456947356,1965.632154789198,376.5794685364701,+,-0.02343942629228353,0.392932839383851,-0.09820952891154471,1.646360647592632,double
2000,1200,1226,0.606453042949051,1965.632154740853,383.8667883952339,+,-0.3512638967118283,0.04645330657028557,-1.471769425201052,0.1946358761877712,double
2000,1200,1227,0.6067034274724509,1965.636046381937,381.1435324723905,+,-0.1741190656263207,0.2332329155577355,-0.7297090253864515,0.977447029637337,double
2000,1201,1227,0.6069528253085407,1965.639950103095,385.5857131455837,+,-0.3232754258331238,0.07449921949922905,-1.355105401107093,0.3122857064111677,double
2000,1201,1228,0.6072032123859858,1965.643860925951,382.8414250280357,+,-0.1462708775699284,0.2611375472927821,-0.6132758726626201,1.094882042561027,double
2000,1202,1228,0.6074526077101386,1965.647783709001,387.3043053250503,+,-0.2952990643205097,0.1025333121719952,-1.238390390682725,0.4299921126091149,double
2000,1202,1229,0.6077029973450929,1965.651713727103,384.5389578361153,+,-0.1184317251823189,0.2890334247451087,-0.4967772366120125,1.212388199296598,double
2000,1203,1229,0.6079523901540977,1965.655655593358,389.0225629358094,+,-0.2697083839506759,0.1281820130963219,-1.131582092653371,0.5377974110236934,double
2000,1203,1230,0.6082027823500199,1965.659604811278,386.2361289428939,+,-0.09060170700910213,0.3169204496154347,-0.3802127095188493,1.329965922585883,double
2000,1204,1230,0.6084521726406852,1965.663565776881,390.7404838686971,+,-0.2417400925316168,0.1562086147519364,-1.014699436808171,0.6556826869446318,double
2000,1204,1231,0.6087025674010718,1965.667534204537,387.932935939632,+,-0.06278434086393635,0.3447951043379538,-0.2635962376896399,1.447601281253511,double
2000,1205,1230,0.6087015794075624,1965.66753432397,395.1195214414204,+,-0.384381093418586,0.003443208950910714,-1.613799194169732,0.01445609038914566,double
2000,1205,1231,0.6089519551701703,1965.671514281878,392.4580659947956,+,-0.2137811186757613,0.1842261888143965,-0.8977516195744978,0.7736387591226209,double
2000,1205,1232,0.6092023524985249,1965.675501937675,389.6293766437461,+,-0.03753239719742876,0.3701046187087549,-0.1576495702721716,1.554572541377088,double
2000,1206,1231,0.6092013595082879,1965.675501950058,396.8571655085032,+,-0.3562894097742519,0.03159451222232057,-1.496542330652334,0.1327081963703999,double
2000,1206,1232,0.6094517377427859,1965.679501134636,394.1753074770043,+,-0.1858353472756992,0.2122308506785823,-0.7807541370245892,0.8916501467598825,double
2000,1206,1233,0.6097021376426376,1965.683508041297,391.3254490189361,+,-0.00972262641175653,0.3979722425768867,-0.04085730419945299,1.672395121367699,double
2000,1207,1232,0.6097011396490445,1965.683507936421,398.5944932500847,+,-0.3282072197926496,0.05973661862099383,-1.379220934013046,0.2510304160319188,double
2000,1207,1233,0.6099515203588319,1965.687526361538,395.8922059457686,+,-0.1578952662333247,0.2402301127362151,-0.6636746084810055,1.009749245933415,double
2000,1208,1233,0.6102009198300181,1965.691552309573,400.3315031964589,+,-0.3001388352768985,0.08786521667166258,-1.261852303780658,0.3694054652309032,double
2000,1208,1234,0.6104513030185534,1965.695589999866,397.6087594652192,+,-0.1327165072680564,0.2654683435587734,-0.5581001800920077,1.116348925982763,double
2000,1209,1234,0.610700700051541,1965.699635096122,402.0681927235355,+,-0.2720758850971637,0.1159886778339702,-1.144400424091968,0.4878693753239428,double
2000,1209,1235,0.6109510857222106,1965.703692069345,399.324965980964,+,-0.1047921290900411,0.2934524847311554,-0.4408775813959308,1.234602472975171,double
2000,1209,1347,0.639170044202453,1966.224802382597,-1197.829308275055,-,-0.01456896598778937,0.0001043493629685338,-0.06316983339151744,0.0004524502204726103,double
2000,1210,1235,0.6112004803137757,1965.707756324375,403.804560543974,+,-0.2469885803414205,0.1411367913522292,-1.039363514163617,0.5939239426974813,double
2000,1210,1236,0.6114508684700902,1965.711832593071,401.0408232276045,+,-0.07687280670534474,0.3214318615408079,-0.3235677501301458,1.35294896487333,double
2000,1211,1236,0.6117002606170219,1965.715916033706,405.5406042933084,+,-0.2189416069341749,0.1692448716361996,-0.9217699305191037,0.7125408265397331,double
2000,1211,1237,0.6119506512624505,1965.720011598022,402.7563291660131,+,-0.04896338448753207,0.3494016299125481,-0.2061902236151837,1.471368880178675,double
2000,1212,1236,0.6119496699405103,1965.720011659387,409.9094503258705,+,-0.3582595929407456,0.01926414766138834,-1.508669345583038,0.08112337985693148,double
2000,1212,1237,0.6122000409615127,1965.72411423722,407.2763221263208,+,-0.1908993288289546,0.1973485550666971,-0.8040874583146708,0.8312522575070718,double
2000,1212,1238,0.6124504340995652,1965.728229111367,404.4714816340497,+,-0.02106394734857524,0.3773617052310536,-0.08874452290658133,1.589862713752415,double
2000,1213,1237,0.612449447930777,1965.728229063413,411.6646592764932,+,-0.3332929037513811,0.04429299547849164,-1.404195120881859,0.1866106581931163,double
2000,1213,1238,0.6126998213474791,1965.732350962115,409.0117122202521,+,-0.1628671214781603,0.2254424665285536,-0.6863378812322135,0.9500364678436352,double
2000,1214,1238,0.6129492259594087,1965.736485011591,413.4195649144226,+,-0.3051353776385283,0.07251298412022372,-1.286175171795196,0.3056492515879119,double
2000,1214,1239,0.6131996017751966,1965.740626235788,410.7467723965954,+,-0.1348450705186636,0.2535265207247623,-0.568520720898288,1.068893951961909,double
2000,1215,1239,0.6134490040266117,1965.744779521677,415.174165607423,+,-0.2769881072634616,0.1007230212995144,-1.168088801470186,0.4247598728789387,double
2000,1215,1240,0.6136993822449108,1965.748940085822,412.4815007149073,+,-0.1068397157810899,0.2815941781638678,-0.4506627217378785,1.187797981575417,double
2000,1216,1240,0.6139487821326263,1965.753112621298,416.9284594563128,+,-0.2488511731577991,0.128923026859778,-1.049935507872155,0.5439430401905428,double
2000,1216,1241,0.6141991627568677,1965.757292556003,414.2158952311511,+,-0.08224789042455177,0.3062486060296253,-0.3470982161189695,1.292414240573312,double
2000,1217,1241,0.6144485602776759,1965.761484338261,418.6824446940352,+,-0.2207318289214938,0.1571057475797353,-0.9317450658499318,0.6631689948808702,double
2000,1217,1242,0.6146989433113238,1965.765683659521,415.9499539195399,+,-0.05424657397194488,0.3343128251422542,-0.229039110408693,1.411530838950299,double
2000,1218,1241,0.6146979755873523,1965.765683743894,423.0131040433937,+,-0.3536946089032412,0.0129473884404846,-1.493362930004096,0.05466622744785086,double
2000,1218,1242,0.6149483384619996,1965.769894703713,420.4361194312955,+,-0.1962856769523179,0.1816155814410519,-0.8289550391447968,0.7670001895214413,double
2000,1218,1243,0.6151987239085165,1965.774113422887,417.6836749025151,+,-0.02625579904714623,0.3623668032239876,-0.1109106652532848,1.530722532538842,double
2000,1219,1242,0.6151977514960167,1965.774113392109,424.7856665076224,+,-0.3254667423327817,0.0412393991324852,-1.37484670271473,0.1742047482727492,double
2000,1219,1243,0.6154481166858642,1965.778343758066,422.1894815576923,+,-0.1681692937666961,0.2097959523107544,-0.7105592716724634,0.8864427966295149,double
2000,1220,1243,0.6156975274410564,1965.782581727228,426.557941243698,+,-0.29724163501631,0.0695289599738324,-1.256229689809334,0.2938496278150952,double
2000,1220,1244,0.6159478949494703,1965.786831513948,423.9425294877278,+,-0.1400636325769354,0.2379659073591365,-0.5920948183939359,1.005959777777163,double
2000,1221,1244,0.616197303422687,1965.791088785168,428.3299265457188,+,-0.2729634834187902,0.09387187491560312,-1.15418848344597,0.3969242903485436,double
2000,1221,1245,0.616447673253037,1965.795357999815,425.6952614893989,+,-0.1119775605710713,0.2661165797839897,-0.4735983305447196,1.125514498380026,double
2000,1222,1245,0.6166970794411404,1965.799634599061,430.1016205791884,+,-0.2447482698136662,0.1221521621048425,-1.0353939197489,0.5167579163024336,double
2000,1222,1246,0.6169474515968315,1965.80392324422,427.4476754505065,+,-0.08389359079614075,0.2942654569279322,-0.3549950135282102,1.24518176980716,double
2000,1223,1246,0.6171968554966516,1965.808219185203,431.8730214862298,+,-0.2165537868829871,0.1504120292780981,-0.9165719900677307,0.6366245309764333,double
2000,1223,1247,0.6174472299811112,1965.812527275846,429.1997693343512,+,-0.05582065018390303,0.3224036122466454,-0.2363217495244201,1.364924726747292,double
2000,1224,1246,0.6174462778026736,1965.812527379562,436.157469641644,+,-0.3492598690297215,0.005985145348781029,-1.478621708311272,0.0253386278380376,double
2000,1224,1247,0.617696631589416,1965.816842572424,433.6441277192116,+,-0.188360618526971,0.178670892959151,-0.7976396794539058,0.756607166095464,double
2000,1224,1248,0.6179470084060551,1965.821170139563,430.9515417280068,+,-0.03196597996308174,0.346323804905107,-0.1353982914403524,1.466923633294824,double
2000,1225,1247,0.6179460516991744,1965.82117013473,437.946852733764,+,-0.3209645071054963,0.0343463561243515,-1.35950796387649,0.1454807109430522,double
2000,1225,1248,0.61819640771966,1965.825504789617,435.4149374894998,+,-0.160178653180894,0.2069188651385414,-0.6786379629332655,0.8766648635227283,double
2000,1225,1249,0.6184467868719636,1965.82985185366,432.7029902550244,+,-0.00391336987852994,0.3744422455518536,-0.01658415870716084,1.586818987125835,double
2000,1226,1248,0.6184458256300434,1965.829851733909,439.7359638367448,+,-0.2926695790229754,0.06270744663066879,-1.240279915812272,0.2657426401730085,double
2000,1226,1249,0.6186961838876168,1965.834205865901,437.1854489509078,+,-0.1320080192102395,0.2351558178776494,-0.5595665245908436,0.9967979561722484,double
2000,1227,1249,0.6189455995955039,1965.838572206198,441.5248011826411,+,-0.2643860418819916,0.09105746022401251,-1.120983092275764,0.3860789042042224,double
2000,1227,1250,0.6191959600934941,1965.842945850912,438.9556604613815,+,-0.1083688789438488,0.2588615892771011,-0.4595946022343095,1.097837223352613,double
2000,1228,1250,0.6194453735957755,1965.847331580953,443.3133630331986,+,-0.2361140277858354,0.1193962652603483,-1.001617191391526,0.5064898218634428,double
2000,1228,1251,0.6196957363375336,1965.851724756004,440.725570109088,+,-0.08020743844462838,0.287089973706798,-0.340333691296258,1.218171186868563,double
2000,1229,1251,0.61994514763104,1965.856129887717,445.101647948869,+,-0.2078667142782195,0.1477106846577528,-0.8822372778419255,0.6269203455354637,double
2000,1229,1252,0.6201955126199314,1965.860542608423,442.4951763418997,+,-0.05205760831297346,0.3153070610004287,-0.2210016418811766,1.338582013965805,double
2000,1230,1251,0.6201945779533273,1965.860542686579,449.3317655542382,+,-0.3306759098808034,0.01266420224431297,-1.403826485206811,0.05376364589422473,double
2000,1230,1252,0.6204449217015052,1965.864967180269,446.8896542876676,+,-0.1844465797249205,0.1711982405145924,-0.7832358643576189,0.7269779796726351,double
2000,1230,1253,0.6206952889409356,1965.86939943793,444.2644771994233,+,-0.02391942608306944,0.3435128140606735,-0.1015977451077955,1.459070430995865,double
2000,1231,1252,0.6206943499078913,1965.869399403691,451.137429317075,+,-0.3023192349812074,0.04108812657532951,-1.284099497121278,0.174521620089161,double
2000,1231,1253,0.6209446958073812,1965.873843464258,448.6773803851167,+,-0.1561949987231376,0.1995175587002507,-0.6636080170244771,0.8476676754889276,double
2000,1232,1253,0.6211941218948153,1965.878295128193,452.9428368530448,+,-0.2791739890244961,0.06430093831715411,-1.186399363552388,0.2732582378532381,double
2000,1232,1254,0.6214444699488846,1965.882758769666,450.4648245272545,+,-0.1279552471683265,0.2278253637879119,-0.5439089153253606,0.9684342709172032,double
2000,1233,1254,0.6216938939142942,1965.887229912881,454.7479866183521,+,-0.2508255742675758,0.0927172357074047,-1.066477904887698,0.3942216959851454,double
2000,1233,1255,0.6219442441262245,1965.891713126686,452.2519850594999,+,-0.09974346707985692,0.2561055142302894,-0.4242063377728815,1.08921000498299,double
2000,1234,1255,0.6221936659664745,1965.8962037637,456.552877454475,+,-0.2224891622606852,0.1211218476922026,-0.9464856643653611,0.5152614685464696,double
2000,1234,1256,0.6224440183395586,1965.900706565751,454.0388607330451,+,-0.07152764984101312,0.2843900191172676,-0.3043633130573856,1.210131866647092,double
2000,1235,1256,0.6226934380516024,1965.905216711056,458.3575074125404,+,-0.1941649023070112,0.1495146254695561,-0.8264224019039911,0.6363778130454858,double
2000,1235,1257,0.622943792589192,1965.909739124501,455.8254491348473,+,-0.0488559148754023,0.3071307595028108,-0.207999452973321,1.307580261894322,double
2000,1235,1369,0.6511735929995603,1966.484643043018,-1229.045334717615,-,-0.009769003607460467,0.008128314364857893,-0.04300749376108352,0.03578445083875112,double
2000,1236,1256,0.6229428774203836,1965.909739191575,462.5250757217179,+,-0.3165096542281914,0.01442596812102165,-1.347508731278448,0.06141714080609481,double
2000,1236,1257,0.623193210169846,1965.914268785666,460.1618751593928,+,-0.1658704912290362,0.1778778727187634,-0.7063626024563133,0.757496262065834,double
2000,1236,1258,0.6234435668752604,1965.918810846078,457.6117491897439,+,-0.02064788709632359,0.3354081109526004,-0.08795254228225301,1.428717423857947,double
2000,1237,1257,0.6234426475041523,1965.918810802491,464.3464721053288,+,-0.2880960330631998,0.04290791256095516,-1.227183871758016,0.1827720350944791,double
2000,1237,1258,0.623692982321393,1965.923360018154,461.965979209748,+,-0.1375707799191168,0.2062467390523726,-0.5861557430038846,0.8787673562834293,double
2000,1238,1258,0.623942417618204,1965.927921586202,466.1676285879907,+,-0.2597143135322906,0.07135827306291465,-1.106871038799226,0.3041203419165688,double
2000,1238,1259,0.6241927545064265,1965.932490446596,463.7698181143282,+,-0.1152003354993365,0.2286866578573732,-0.4910999294764797,0.9748930075521753,double
2000,1239,1259,0.6244421877627161,1965.937071573707,467.9885437629243,+,-0.2313256164903498,0.09981592930256336,-0.9864036966445585,0.425628614512599,double
2000,1239,1260,0.6246925267251797,1965.941660116397,465.5733900268801,+,-0.08690779422852374,0.2570489933851862,-0.3706851640648529,1.096383231579246,double
2000,1240,1260,0.6249419579378841,1965.946260796052,469.8092160819515,+,-0.202949506970663,0.1282613167779306,-0.8658643018677699,0.547214413901569,double
2000,1240,1261,0.6251922989778208,1965.950869037298,467.3766936151485,+,-0.05864932221644001,0.2853775800396039,-0.2502884865146087,1.217861006640796,double
2000,1241,1260,0.6251914093433086,1965.950869143327,473.8895449362094,+,-0.3151781952138292,0.002793972935109246,-1.345035125611234,0.01192338745127811,double
2000,1241,1261,0.6254417281438743,1965.955489290145,471.6296442274547,+,-0.1809119026670514,0.1503685183306553,-0.7722552963288077,0.6418753159413476,double
2000,1241,1262,0.6256920712645276,1965.960117240625,469.1797274703636,+,-0.03038199500645644,0.3137153427936142,-0.1297258753192408,1.339510372387621,double
2000,1242,1261,0.6256911776002843,1965.960117238829,475.7263401468197,+,-0.2867177948890661,0.03132310500890817,-1.224234327784244,0.133744124321034,double
2000,1242,1262,0.625941498380831,1965.96475710689,473.4498270565382,+,-0.1525660981762737,0.1787842399018393,-0.6516055345530095,0.7635824839427432,double
2000,1242,1263,0.6261918435855248,1965.96940475788,470.9824898146849,+,-0.002127497586763529,0.3420405971777951,-0.009088932881495933,1.461239744682872,double
2000,1243,1262,0.6261909458852921,1965.969404647215,477.5629131749686,+,-0.2582703277021842,0.05983962093933959,-1.10336172238258,0.2556420159209487,double
2000,1243,1263,0.6264412686489887,1965.974064252991,475.2697627112082,+,-0.1242093649166413,0.2072112106143547,-0.5307806586209166,0.8854702937845014,double
2000,1244,1263,0.6266907141985256,1965.978731402337,479.3992624861137,+,-0.2365957846974938,0.08158353023922563,-1.011311510308326,0.3487228789304385,double
2000,1244,1264,0.6269410389484769,1965.983410760103,477.0894501665509,+,-0.09586564656212419,0.2356254873387484,-0.4098819843013898,1.00743744778065,double
2000,1245,1264,0.6271904825401156,1965.9880975645,481.2353870440108,+,-0.2081801662821327,0.1100688330627801,-0.8903338816001823,0.4707365410169636,double
2000,1245,1265,0.6274408092795378,1965.992796660216,478.9088875015289,+,-0.06753505238435002,0.2640269613497457,-0.2889090840232645,1.12948439170349,double
2000,1246,1265,0.6276902509102701,1965.997503135188,483.0712851996802,+,-0.1797516625539003,0.138567339875008,-0.769171393723318,0.5929404625352653,double
2000,1246,1266,0.6279405796422999,1966.002221985491,480.7280737002345,+,-0.03921777699487389,0.2924154385860047,-0.1678618936101719,1.251611208057804,double
2000,1247,1265,0.6279397133722572,1966.002222020254,487.0729580004993,+,-0.2841027347310989,0.02049450828389027,-1.216029602885885,0.08772153775073292,double
2000,1247,1266,0.6281900193090935,1966.006948146604,484.9069561250276,+,-0.1513364614808677,0.1670528632761549,-0.6479350885282295,0.7152236195863052,double
2000,1247,1267,0.628440350036942,1966.011686772542,482.5470073459815,+,-0.0181408700187344,0.3135638699760489,-0.07769006855077856,1.342868259809415,double
2000,1248,1266,0.628439479905743,1966.011686728367,488.9243474576781,+,-0.2628164906444025,0.04184984238100203,-1.125536515512486,0.1792259140694184,double
2000,1248,1267,0.628689787736794,1966.016432631162,486.7423981710731,+,-0.1229347780179149,0.1955251888812613,-0.5266249872059223,0.8375860090463944,double
2000,1249,1267,0.6289392464651784,1966.021190928929,490.7755311355165,+,-0.2343234300436547,0.07041230827875919,-1.004065391157196,0.3017135838316392,double
2000,1249,1268,0.6291895561935351,1966.025956621602,488.5776100402588,+,-0.09457788631160606,0.2239530431160944,-0.4053742341461035,0.9598945047129422,double
2000,1250,1268,0.6294390130507534,1966.030734651028,492.6265075248423,+,-0.2058440938639922,0.09896136562674618,-0.8825210213528963,0.4242797732399299,double
2000,1250,1269,0.6296893246794478,1966.035520150669,490.4125906963407,+,-0.06620302266716012,0.2523991902534383,-0.2839129851274517,1.08241896912891,double
2000,1251,1269,0.6299387796625761,1966.040317927512,494.4772757719002,+,-0.1774129561338611,0.1274625409863798,-0.7610503866505488,0.5467775196077199,double
2000,1251,1270,0.6301890931947215,1966.045123284621,492.2473386372151,+,-0.04550446509740989,0.2731693528597494,-0.1952555627135585,1.172145098168948,double
2000,1252,1269,0.6301882560222022,1966.045123344515,498.3767198481112,+,-0.2785275271891427,0.01215801315221449,-1.195135423937243,0.05216889098734958,double
2000,1252,1270,0.6304385463008279,1966.049940791708,496.3278344351331,+,-0.1489607891322714,0.1559850626699489,-0.6393556959870746,0.669504631976515,double
2000,1252,1271,0.6306888617395326,1966.054766025838,494.081852464403,+,-0.01713418355468306,0.3016115615651234,-0.07356239289980918,1.29491248440107,double
2000,1253,1270,0.6306880208827902,1966.054765983182,500.2423159427935,+,-0.2499882949144303,0.04076599566635211,-1.073276690416635,0.1750209661828278,double
2000,1253,1271,0.6309383129656427,1966.05960327648,498.1781824534326,+,-0.1205225326295231,0.1844939915014738,-0.5175858398944742,0.7923122379141142,double
2000,1254,1271,0.6311877857671271,1966.064448258724,502.1077236132826,+,-0.2215009882947774,0.06932236392579161,-0.9515065596751539,0.2977895697684081,double
2000,1254,1272,0.6314380796571748,1966.069305441089,500.0283186034133,+,-0.1002756703064553,0.2048118443996317,-0.4308780222759673,0.8800631517486392,double
2000,1255,1272,0.6316875506753573,1966.074170204594,503.9729417149513,+,-0.1929896081186927,0.09790311774614507,-0.8294977410897371,0.4208020100549858,double
2000,1255,1273,0.6319378463755883,1966.079047305701,501.8782415850594,+,-0.0718409566896888,0.2333178674384041,-0.3088706047141725,1.003119030243432,double
2000,1256,1273,0.6321873156076419,1966.083931854231,505.8379689696778,+,-0.1644926030186535,0.1264698091045925,-0.7074143953620843,0.5438941441587987,double
2000,1256,1274,0.632437613121013,1966.088828891589,503.7279503670131,+,-0.04346196138895038,0.2617684916150943,-0.1869651092433569,1.126078369848435,double
2000,1257,1273,0.6324368067658351,1966.088828946143,509.6278928004049,+,-0.2643116972994187,0.01200777262876201,-1.137017713343192,0.05165511143168761,double
2000,1257,1274,0.6326870805640388,1966.093733256476,507.7028049165447,+,-0.1447321776903402,0.1463002339163017,-0.6227875562190869,0.6295349562828796,double
2000,1257,1275,0.6329373798936165,1966.098650232593,505.577443621311,+,-0.01505563543958765,0.2902467665009365,-0.06480345857854743,1.249299266442381,double
2000,1258,1274,0.6329365700334377,1966.098650188002,511.5070745710557,+,-0.2357481650714082,0.04063932130056813,-1.014721852991583,0.1749222837087275,double
2000,1258,1275,0.6331868455447676,1966.103574455958,509.5674478138064,+,-0.1162375507313302,0.1748651741989026,-0.5004603378216914,0.7528813503229108,double
2000,1259,1275,0.6334363333226594,1966.108511217942,513.3860847298454,+,-0.2071989375281678,0.0692568711526951,-0.8923498142618044,0.2982706226524909,double
2000,1259,1276,0.6336866105499389,1966.113455461414,511.4318967847275,+,-0.08780286376022345,0.2033704889539701,-0.3782521079213201,0.8761139767137931,double
2000,1260,1276,0.6339360966335449,1966.11841207056,515.2649229203078,+,-0.1879641075657223,0.08856032990961332,-0.8099767247987417,0.3816250181817472,double
2000,1260,1277,0.6341863755796765,1966.123376306758,513.2961508470394,+,-0.05933719778223791,0.2319070977968918,-0.2557703799848332,0.999625340286061,double
2000,1261,1277,0.6344358599662601,1966.128352822908,517.1435878275788,+,-0.1594664438869489,0.1171269294908364,-0.687571710895357,0.5050163616806234,double
2000,1261,1278,0.6346861406341132,1966.133337026487,515.160208945412,+,-0.03088598620984388,0.2604295679418458,-0.1332098408364661,1.123220772648861,double
2000,1262,1277,0.6346853668333029,1966.133337040854,520.8166099087584,+,-0.2392381846358479,0.02227563553714804,-1.03182238154845,0.09607370723628757,double
2000,1262,1278,0.6349356233209313,1966.138333466733,519.022078447236,+,-0.1309333940776174,0.1457292229384741,-0.5648735970374802,0.6287058464698031,double
2000,1262,1279,0.6351859057134505,1966.143337655282,517.0240694842228,+,-0.002449558282487894,0.2889375707786605,-0.01057098157012608,1.246899801263788,double
2000,1263,1278,0.6351851285892228,1966.143337573998,522.7087443924161,+,-0.2106558328318892,0.05092486465023888,-0.909076923494623,0.2197642413374994,double
2000,1263,1279,0.6354353866976704,1966.148354036514,520.9003938921749,+,-0.1024149628195253,0.1743172062003914,-0.4420969348192539,0.7524789388758777,double
2000,1264,1279,0.6356848903646367,1966.153378077564,524.6007240556623,+,-0.1920248118844051,0.06962306156932846,-0.8291598722743058,0.3006311958942158,double
2000,1264,1280,0.6359351500966123,1966.158414567202,522.7785330920942,+,-0.07391150240023243,0.2028905276240065,-0.3192423136195486,0.8763350675709589,double
2000,1265,1280,0.6361846521595427,1966.163458577962,526.4925489120408,+,-0.1634425972060263,0.09827275151117107,-0.7061566464275725,0.4245891697062436,double
2000,1265,1281,0.6364349135178332,1966.168515093929,524.6564954396479,+,-0.0454231128210648,0.2314490878452178,-0.1963092328578815,1.000274751304154,double
2000,1266,1280,0.6364341771601515,1966.168515158108,530.028285435905,+,-0.2411655308390158,0.005053919854049044,-1.042266289099101,0.0218419700085589,double
2000,1266,1281,0.6366844139741259,1966.173579091523,528.3842174925317,+,-0.1348755370235983,0.1269075868813822,-0.5830756957603136,0.5486297304245588,double
2000,1266,1282,0.6369346769615202,1966.178655652415,526.5342794530193,+,-0.01701008689591274,0.2599325946910344,-0.07355748424837218,1.124038216654761,double
2000,1267,1281,0.6369339374698745,1966.178655631154,531.9328643778406,+,-0.223082723002208,0.02320176187342812,-0.9646858133463494,0.1003323351208815,double
2000,1267,1282,0.6371841758084915,1966.183739653648,530.2757289601459,+,-0.106323734895346,0.1555274647592887,-0.4599165328301589,0.6727533830744672,double
2000,1268,1282,0.6374336977968266,1966.188836213038,533.8373064162331,+,-0.1944580091301174,0.05189179907566235,-0.8414016885477665,0.22453098002679,double
2000,1268,1283,0.6376839376626989,1966.193940299953,532.167082845375,+,-0.07785347973101794,0.1840660968744806,-0.3369651312106379,0.7966741717779399,double
2000,1269,1283,0.6379334581411492,1966.199056896453,535.7416104282115,+,-0.1658487401672226,0.08056668114572169,-0.718039609934485,0.3488122264013627,double
2000,1269,1284,0.6381836995369429,1966.204181066751,534.0582775997441,+,-0.04933209949300415,0.2126561559091718,-0.2136464902784258,0.9209671149823905,double
2000,1270,1284,0.6384332185029458,1966.209317717259,537.6457755926256,+,-0.1372554073704608,0.1092259174599188,-0.5946007653875702,0.4731749033867537,double
2000,1270,1285,0.6386834614312997,1966.21446198941,535.9493126174066,+,-0.02082629521790118,0.241230941473665,-0.09024819175205091,1.045344648909528,double
2000,1271,1284,0.6386827609696009,1966.214462009115,541.0502916732471,+,-0.2145758877839967,0.01600949948302327,-0.9298374655637931,0.0693751407857367,double
2000,1271,1285,0.6389329788823042,1966.219618711718,539.5498012111814,+,-0.1087492749566662,0.137798244438026,-0.4713931226438683,0.5973110603851649,double
2000,1271,1286,0.6391832233458389,1966.224783150414,537.840187347593,+,-0.003476713681912384,0.2586498074443038,-0.01507498319610598,1.121502044066563,double
2000,1272,1285,0.6391825199366508,1966.224783087518,542.9665036260931,+,-0.1859278750444437,0.04472058058455633,-0.8061800506946024,0.193907664002139,double
2000,1272,1286,0.6394327392792681,1966.22995991627,541.4536869351837,+,-0.08018652650407113,0.166427479143242,-0.3477925238187041,0.7218448725431965,double
2000,1273,1286,0.6396822789188903,1966.235144393297,544.8825948226445,+,-0.1572961221652092,0.07341568039970106,-0.6824456570819684,0.3185215983765391,double
2000,1273,1287,0.6399324996939945,1966.240341366883,543.3574315198084,+,-0.05163965196377721,0.1950411322675577,-0.2241120540272293,0.8464632721177153,double
2000,1274,1287,0.6401820379165315,1966.245545963368,546.7985635745836,+,-0.1287584209171285,0.1020170077853916,-0.5589710526885171,0.4428801924391039,double
2000,1274,1288,0.6404322601265812,1966.250763118644,545.2610341863631,+,-0.03496597406758094,0.211781881728173,-0.1518419283775879,0.9196760615016036,double
2000,1275,1287,0.6404316001042302,1966.250763154102,550.0527709534483,+,-0.2042783951039367,0.0102243294568943,-0.8870909876198325,0.04439975412501234,double
2000,1275,1288,0.6406817969295372,1966.255987834294,548.714410179264,+,-0.1001577422559841,0.1306815924168896,-0.4350737910230441,0.5676659092856849,double
2000,1275,1289,0.6409320205770893,1966.261225225079,547.164494447939,+,-0.006415633085072525,0.240399587906532,-0.027877310436596,1.044588094742077,double
2000,1276,1288,0.6409313578011612,1966.261225178232,551.9800495638308,+,-0.1756137840616213,0.03894935109832973,-0.7630791749360472,0.1692431995541926,double
2000,1276,1289,0.6411815559580665,1966.266470042648,550.6301333713511,+,-0.07157322530155399,0.1593302958093025,-0.3110962732577193,0.692536364464322,double
2000,1277,1289,0.6414311155113152,1966.271727558496,553.9072229991386,+,-0.1470511134872447,0.06757269797265275,-0.6393603408685363,0.2937978651412891,double
2000,1277,1290,0.6416813150021939,1966.276992625503,552.5457325579455,+,-0.04300550877596485,0.1879624798791684,-0.1870403217927324,0.817489752410699,double
2000,1278,1290,0.6419308732348181,1966.282270331571,555.8342902565419,+,-0.1184185413043861,0.09626621277256146,-0.5151866096782635,0.4188116424891761,double
2000,1278,1291,0.6421810740619848,1966.287555660626,554.4612072211637,+,-0.02702924458253984,0.2040034933657471,-0.1176286460624217,0.8878033806434327,double
2000,1279,1290,0.6421804559005638,1966.28755567647,558.9319433128289,+,-0.1828073150566349,0.0152495813667092,-0.7955590636298564,0.06636464557825776,double
2000,1279,1291,0.6424306309716381,1966.292853534651,557.761251590139,+,-0.08980301202890911,0.1249429516012363,-0.3909348210869239,0.5439077078458973,double
2000,1280,1291,0.6426802124187125,1966.29815910037,560.8695718852443,+,-0.1542232790817998,0.04389096903687659,-0.6715802829546975,0.1911274976153713,double
2000,1280,1292,0.6429303887219721,1966.303477205271,559.688105434647,+,-0.06120344418221424,0.1536039965595042,-0.2665993081928331,0.6690917441917169,double
2000,1281,1292,0.6431799689482255,1966.308803010228,562.8071100218631,+,-0.1255624475541053,0.07260940344460551,-0.5471142615708979,0.3163815370163187,double
2000,1281,1293,0.6434301464858144,1966.314141382254,561.6148518316622,+,-0.04599267340455818,0.1688765126347195,-0.2004668779981234,0.7360769607216981,double
2000,1282,1293,0.6436797254890915,1966.319487443859,564.744557810443,+,-0.09691767278639679,0.1013120328742371,-0.4225641147971643,0.4417236635897853,double
2000,1282,1294,0.6439299042632747,1966.324846162008,563.5414899130901,+,-0.01748854526679391,0.1974426548852682,-0.07627453871434947,0.861126365524808,double
2000,1283,1293,0.6439293293970001,1966.32484615662,567.6793410855187,+,-0.1594829638447464,0.02178639123799481,-0.695568472680189,0.09501909491334232,double
2000,1283,1294,0.6441794820414356,1966.330212439265,566.6819142557922,+,-0.06828974253458962,0.1299980701710762,-0.2979323072953213,0.5671514279086683,double
2000,1284,1294,0.6444290848292369,1966.335591445373,569.6265896158088,+,-0.1307989076161501,0.05052434296595704,-0.5708246963825622,0.2204952874538369,double
2000,1284,1295,0.6446792386052509,1966.34097803465,568.6191794130987,+,-0.03967876013988353,0.1586674125986665,-0.1732183210148577,0.6926653633636791,double
2000,1285,1295,0.644928840270969,1966.346377352888,571.573762545011,+,-0.1021311240666535,0.07924625707479034,-0.4459959498166803,0.3460601262982458,double
2000,1285,1296,0.6451789951806511,1966.351784285621,570.5563523785472,+,-0.02536635406505704,0.173038432301619,-0.1108073347270391,0.7558803066263391,double
2000,1286,1295,0.6451784672107231,1966.351784302562,574.3301993792281,+,-0.153437295976083,0.0106754473916206,-0.6702566078568867,0.04663331109000775,double
2000,1286,1296,0.6454285957223554,1966.357203917647,573.5208586058809,+,-0.07348047391270238,0.1079512734206518,-0.3210850155554075,0.4717108431646107,double
2000,1287,1296,0.6456782216436924,1966.362631211022,576.2863863464866,+,-0.1247317204389537,0.03943085421652237,-0.5452088884922488,0.1723543307511072,double
2000,1287,1297,0.6459283511833236,1966.368071178439,575.4678783777301,+,-0.04496891306693221,0.1365174366677404,-0.1966241644050723,0.5969151816403477,double
2000,1288,1297,0.6461779760844896,1966.373518834446,578.2425109557305,+,-0.09604343930826249,0.06816918346710692,-0.4200787273829699,0.2981611658625277,double
2000,1288,1298,0.6464281066539954,1966.378979175026,577.4148208884012,+,-0.01635299209631879,0.1651881968285876,-0.07154829046513486,0.7227382621168273,double
2000,1289,1297,0.6464276266311844,1966.378979174986,580.8157494607078,+,-0.1302785118268336,0.01639046171900085,-0.5699996072615549,0.0717121850077945,double
2000,1289,1298,0.6466777305331174,1966.384447211807,580.1985731870361,+,-0.06737256537723087,0.09689032288954715,-0.2948656396297601,0.4240543145833015,double
2000,1289,1299,0.6469278621344157,1966.389927973876,579.3616857821605,+,-0.002763271941444827,0.1788329935460613,-0.01209774215727601,0.7829397507662029,double
2000,1290,1298,0.6469273801640827,1966.389927945032,582.7800922608335,+,-0.1166119323578809,0.03010246432622488,-0.5105325300139203,0.131790006060068,double
2000,1290,1299,0.6471774849896226,1966.395416382463,582.1545726663785,+,-0.03885190072927405,0.1254614709421144,-0.1701502451008247,0.549453170393438,double
2000,1291,1299,0.647427133703283,1966.400917534213,584.7443848349055,+,-0.08790840416719296,0.05885161282742978,-0.3851151584519447,0.257821176642932,double
2000,1291,1300,0.6476772394540991,1966.406426386597,584.1105086466134,+,-0.01021633409543261,0.1541477394398414,-0.04477089241906713,0.6755193981164821,double
2000,1292,1299,0.6476768084361996,1966.406426378149,587.1295297442173,+,-0.1098027167196767,0.01916079033273092,-0.4811865811309276,0.08396800614243004,double
2000,1292,1300,0.6479268872486885,1966.411947975282,586.7086279521893,+,-0.05922255822712764,0.08758327674932184,-0.2596141151472445,0.3839390863151883,double
2000,1293,1300,0.6481765611696327,1966.417477199863,589.1012333489186,+,-0.08111557453764079,0.0478886185414934,-0.3557018770847201,0.2099975449017976,double
2000,1293,1301,0.6484266408004153,1966.423019308139,588.6728206893852,+,-0.03070008856955327,0.1161517625621385,-0.1346675069239434,0.5095056404683405,double
2000,1294,1301,0.6486763139078323,1966.42856900001,591.0728989451659,+,-0.06833806724758326,0.06070698801942251,-0.2998659961392053,0.2663809816145877,double
2000,1294,1302,0.6489263943584737,1966.434131573457,590.6369629649455,+,-0.002049007392767824,0.1448490585722529,-0.008993938358480438,0.6358022468249743,double
2000,1295,1301,0.6489260134106197,1966.434131555193,593.2650100760104,+,-0.08712823148633028,0.02389442246470135,-0.382441544990307,0.1048824208659072,double
2000,1295,1302,0.6491760666509152,1966.43970175444,593.0445256019436,+,-0.03963929742233973,0.0894467966472107,-0.1740500829833739,0.3927471825035458,double
2000,1296,1302,0.6494257654463583,1966.445284743705,595.2432689530447,+,-0.05843522367011084,0.05262306727922773,-0.256664143639227,0.2311354975749131,double
2000,1296,1303,0.6496758193988267,1966.450875500358,595.0161137562036,+,-0.01111702828230428,0.1180102816603662,-0.04884520006900697,0.5185050961034049,double
2000,1297,1302,0.649675490907327,1966.450875500268,597.2315777158638,+,-0.08160031643707563,0.01124303579248835,-0.3585294521857791,0.04939882147018811,double
2000,1297,1303,0.6499255174856612,1966.456478943521,597.2214993949228,+,-0.02976039084674011,0.08133369099107449,-0.1308020608020779,0.3574756275567286,double
2000,1298,1303,0.6501752423462089,1966.462090237315,599.2155925600737,+,-0.05288489099346017,0.03998862626790047,-0.2325148222719008,0.1758148339707865,double
2000,1298,1304,0.6504252695285457,1966.467714264281,599.1997012619679,+,-0.01792347550982774,0.09320655150871041,-0.07882877718423582,0.4099293397066018,double
2000,1299,1303,0.6504249941435606,1966.467714274643,600.9967695247385,+,-0.07368244491837049,0.0008124426956432201,-0.3240607500066088,0.00357318204599766,double
2000,1299,1304,0.6506749937875047,1966.473346046154,601.1995881373405,+,-0.02418778031981315,0.06871603208846905,-0.1064148466474759,0.3023181920884072,double
2000,1300,1304,0.6509247450919887,1966.478990657967,602.9856953781502,+,-0.0451209326044705,0.02939842548505838,-0.1985766692663189,0.1293821088688791,double
2000,1301,1304,0.6511745236058375,1966.484642955813,604.5563893582053,+,-0.03644465470738056,0.01956178125558194,-0.1604457593087894,0.08611975808756053,double
2000,1301,1305,0.6514244960419902,1966.490308175189,604.9746086670912,+,-0.01640584158838232,0.05813809238867235,-0.07224995221308637,0.2560352892725792,double
2000,1302,1305,0.6516742741711697,1966.495981007383,606.5493723539887,+,-0.02559398673268905,0.03043102823063028,-0.1127513661832601,0.1340603964204847,double
2000,1303,1305,0.6519240797833359,1966.501666853006,607.9062120131703,+,-0.01375211015128298,0.0236555656368532,-0.06060358836284807,0.1042467044384776,double
2000,1304,1305,0.6521739130433578,1966.507360323418,609.0434792238627,+,-0.008181130600862256,0.01054129396585466,-0.03606515073212861,0.04646953756613511,double
