n,n_cusps,n_negF3,max_pstar,min_pstar,min_F3,E_half,min_E_minus_Ehalf,argmin_i,argmin_j,median_slope_jump,min_slope_jump,n_double_cusps,n_iv
4,1,0,0.6000000000000002,0.6000000000000002,1.199999999999994,2.8124999999999982,0.043499999999998984,2,3,1.439999999999999,1.439999999999999,0,0
5,1,0,0.5857864376269049,0.5857864376269049,1.497474683058329,3.6250000000000044,0.04787270291963841,2,4,2.010101267766694,2.010101267766694,0,0
6,3,0,0.646110632135477,0.5714285714285712,1.285714285714302,4.468750000000005,0.02745744553266949,2,5,1.9781852633643844,1.1995002082465651,3,0
7,2,0,0.6250000000000003,0.5635083268962918,1.609858828985531,5.312500000000004,0.031397980704350736,3,5,1.5250800367312598,1.2016296386718768,0,0
8,2,0,0.6125741132772071,0.5575066659755579,1.939413394150908,6.175781250000009,0.018310360886420796,3,6,1.93664305897941,1.871413951810497,0,0
9,5,0,0.6516685226452118,0.5505102572168218,1.681115275729054,7.039062499999988,0.02268028795174004,4,6,1.8370416465792394,1.045094399999998,4,0
10,3,0,0.6363636363636366,0.5464998904351597,2.025016434726049,7.916015624999994,0.013537291537661034,4,7,1.7169732685004457,1.053775234066462,0,0
11,3,0,0.6259333038510272,0.5432136168629449,2.369753217614086,8.792968750000002,0.016950709714731005,4,8,1.9220503906741786,1.7382348163448005,0,0
12,6,0,0.6548590014996043,0.5390870530553032,2.088151903390852,9.680175781249991,0.010605107360754928,5,8,1.848314386735658,0.9412643229996354,4,0
13,4,0,0.6428571428571418,0.5366707034309919,2.44233625254501,10.567382812499984,0.013340221203005598,5,9,1.769583786613148,0.9500527904071747,0,0
14,4,0,0.633974596215561,0.5337374181795531,2.136551346183897,11.462646484375023,0.008627684470967623,6,9,1.912338681813611,1.6242185275287258,0,0
15,5,0,0.6569296691827466,0.5318832814189761,2.500267910453232,12.35791015625,0.010898590581859935,6,10,1.6500644066094623,0.8641727333724711,0,0
16,5,0,0.6470588235294124,0.5302697288653913,2.860739777536018,13.259719848632821,0.007123637951458761,6,11,1.8690253166211135,0.8720263004457447,0,0
17,5,0,0.6393550902672762,0.5282190511759521,2.547455510237963,14.16152954101566,0.00914407788804894,7,11,1.8991204555081738,1.5277874103713487,0,0
18,5,0,0.6315789473684205,0.5269237573671123,2.915053919583439,15.06879425048829,0.005965100397530065,7,12,1.8128944432614973,0.803707185436464,0,0
19,7,0,0.6499999999999999,0.5253198925530004,2.586583286282753,15.976058959960977,0.007827276900492564,8,12,1.8238882257817748,0.8105546654238747,2,0
20,7,0,0.6432108276746694,0.524256334947217,2.961072332725463,16.887960433959975,0.005109605318263988,8,13,1.8403471532197322,1.3503613953904026,2,0
21,7,0,0.6363636363636371,0.5229666261296879,2.619529794679412,17.79986190795899,0.006803782824349014,8,14,1.8067125280165641,0.7545334075221225,2,0
22,8,0,0.6521739130434776,0.5220772733466421,3.000499523085605,18.71576786041257,0.0044527530022797635,9,14,1.8414521526993912,0.7604965938335817,2,0
23,8,0,0.6461106321354769,0.5212715537940783,3.376399195766979,19.631673812866257,0.005927421992591775,9,15,1.818491080735889,1.2904354705713563,2,0
24,8,0,0.6400000000000007,0.5202621528304895,3.034624950661804,20.55108368396769,0.003933079521068805,10,15,1.8824415076023207,0.7134814201321764,2,0
25,8,0,0.6348304520611898,0.5195734766684905,3.415860248221735,21.47049355506876,0.005233745434548354,10,16,1.8876556440549617,1.3033844392719411,2,0
26,10,0,0.6483712952255929,0.5187259098671686,3.064432768505544,22.393003046512796,0.0035120996979642882,11,16,1.810399681365534,0.6749007037620284,4,0
27,8,0,0.6428571428571419,0.518130300599559,3.450721003912028,23.31551253795642,0.004671983602669627,11,17,1.8779420585490487,0.6785166997230434,0,0
28,9,0,0.6381087995563126,0.517408295509984,3.090683108861054,24.240789547562727,0.0031644960469634498,12,17,1.9141557264374813,1.2503815422173115,2,0
29,12,0,0.6501833962866341,0.5168879531128547,1.844957698225507,25.166066557168776,0.004208456192845489,12,18,1.77000819318136,0.02672716072206003,4,0
30,9,0,0.6451612903225801,0.5164059774084003,3.867571854155525,26.093834333121634,0.0028667363668546386,12,19,1.8245665476030348,0.6482597865041949,0,0
31,10,0,0.640774297068809,0.5158067985367564,3.50945151338817,27.02160210907449,0.0038199767540092466,13,19,1.9063059774053996,1.2032423437616833,2,0
32,13,0,0.6516685226452114,0.5153802504161723,3.899431320806801,27.951627142028627,0.00259543308316168,13,20,1.8328041799743588,0.6186603404749983,6,0
33,12,0,0.6470588235294115,0.5148570810849311,3.534397830850093,28.881652174983287,0.003490078382071715,14,20,1.8573267549738979,0.6217355578321079,4,0
34,11,1,0.6429842500210394,0.5144768492874832,-1.920581762789038,29.8137352952036,0.002367431367801487,14,21,1.8514157178385513,0.05804395278484106,0,0
35,13,0,0.6391997189454,0.5140160035662051,3.556952635786431,30.74581841542394,0.0032067526245285194,15,21,1.863191083029713,0.5953988592908238,6,0
36,13,0,0.6486486486486479,0.5136748835435591,3.954547353480535,31.679788115638015,0.00217327100230591,15,22,1.8968815314828815,0.598231574625656,4,0
37,11,0,0.6448463329254381,0.5132657914410157,3.577440150992317,32.613757815852296,0.0029610408629210383,16,22,1.898568083527934,1.1228278828689655,0,0
38,13,0,0.641295120206894,0.5129580082807489,3.978528175887089,33.54946515553439,0.0020060364873444314,16,23,1.9021727596811506,0.5745995187149334,4,0
39,13,0,0.6500000000000027,0.5126680729528771,4.374544754780953,34.48517249521673,0.0027412340057395568,16,24,1.8165700305646142,0.5772131039191756,2,0
40,13,0,0.646436743620677,0.5123132415692279,4.000512594469271,35.42248715140683,0.0018605634136861227,17,24,1.880913998629923,1.0444129410682739,0,0
41,15,1,0.6430929500594815,0.5120496190132826,-1.086538992000747,36.35980180759683,0.0025406484200658497,17,25,1.8423735790992692,0.02116625263703309,4,0
42,15,0,0.6511627906976748,0.5117301353677397,4.020736333400144,37.298608971973806,0.0017329215363517392,18,25,1.8597918140783511,0.5582696671609175,4,0
43,14,0,0.6478109280379625,0.5114893765193061,4.422933486558382,38.23741613634978,0.002364675929243276,18,26,1.8632220836532856,1.0160377669577643,2,0
44,15,0,0.6444444444444413,0.5112001817806524,4.039400123847056,39.17761404698996,0.001620069201187846,19,26,1.8756655261526816,0.5388390177626854,2,0
45,16,0,0.6521739130434787,0.5109794187289906,4.444461789656891,40.11781195763043,0.0022091538832427204,19,27,1.8768119371724103,0.5410800940103165,4,0
46,17,0,0.6490101977386067,0.5107163798030795,4.056675795609081,41.05930991369062,0.001519616877203589,20,27,1.8434537047566821,0.5214761883581781,2,0
47,16,1,0.6458333333333334,0.510513207651394,-7.452122697536932,42.00080786975201,0.0020707976375717863,20,28,1.86627469948518,0.06311502829329135,4,0
48,16,0,0.6429219626881166,0.5102729138589361,4.072711185998422,42.94352461839556,0.0014296619203904015,21,28,1.899241359305618,0.9965535596198662,4,0
49,18,0,0.6500659659310715,0.5100853004288612,4.48308315582123,43.88624136703834,0.0019469827784703853,21,29,1.841394054786751,0.5073221352550915,6,0
50,18,0,0.6470588235294139,0.5098649116987092,4.087634110615134,44.83010378071038,0.0013480910435461624,21,30,1.8468410445902648,0.5090475779366732,6,0
51,16,0,0.6442889758710173,0.5096911276746832,4.500466507430897,45.773966194379625,0.0018355885451128984,22,30,1.8898458806791303,0.971990986694647,2,0
52,19,0,0.6510025456503747,0.5095250905875824,4.908490181777076,46.718908177019024,0.0012689440381592476,22,31,1.8389808600778377,0.4942705861073731,4,0
53,20,0,0.6481481481481473,0.5093268238836868,4.516728408978565,47.663850159657535,0.0017348834453159157,23,31,1.8721332228924499,0.4958993811615134,8,0
54,16,0,0.6455070958178998,0.5091723510650961,4.927066866118029,48.60981173520822,0.0011978242762822333,23,32,1.8764446182405436,0.9491522033852249,0,0
55,21,0,0.6518390491874804,0.5089890961048434,4.53197285219305,49.555773310761445,0.001643440467155699,24,32,1.8192858570424995,0.4821841808652748,8,0
56,20,0,0.6491228070175443,0.5088450141578733,4.944524680113823,50.50269985817952,0.00113359168823024,24,33,1.8771163987313892,0.4837233209132616,4,0
57,17,0,0.646599400197302,0.5086751211182468,4.546291529733438,51.44962640559763,0.001560073387750549,25,33,1.8833466693041634,0.9278453243644766,0,0
58,22,0,0.6525907085389158,0.5085404109465341,4.96096034500113,52.39746801254024,0.0010753095760023257,25,34,1.8427330177143029,0.470948614415705,8,0
59,21,1,0.6500000000000011,0.5083824641156233,-6.67847634690682,53.345309619485896,0.0014837883299634314,26,34,1.868863423933008,0.01723392531045329,4,0
60,19,0,0.6475844303464924,0.508256236253609,4.976459952696022,54.2940205329837,0.0010222018183512205,26,35,1.893377236026034,0.9079069965755534,2,0
61,24,0,0.6532698128757933,0.5081090137904762,4.572466989561569,55.24273144647729,0.001413746506806035,27,35,1.8858155140742991,0.4604678388115692,10,0
62,21,0,0.6507936507936503,0.5079904883403852,4.991100349884558,56.19226960330302,0.0009736202972234764,27,36,1.8769761957769844,0.46184734933109584,4,0
63,21,0,0.6484772539752238,0.5078763745638786,5.405359064894483,57.141807760129566,0.001346536439150725,27,37,1.8580880988122543,0.86458991927769,2,0
64,24,1,0.6461538461538497,0.5077414202816485,-14.73664105725453,58.09213438325808,0.0009290198442002406,28,37,1.9000698816671007,0.010702706289957517,9,0
65,22,0,0.6515151515151482,0.5076339479760397,5.421065352873846,59.04246100638333,0.001284153114262665,28,38,1.853963300273644,0.4519690979925965,4,0
66,22,0,0.6492902424254597,0.5075075004493782,5.018071589219424,59.99354025643157,0.0008879387810907247,29,38,1.8599382736330639,0.8482996973676097,4,0
67,23,0,0.6470588235294124,0.5074061036955438,5.435971025834583,60.94461950647676,0.001226698821227501,29,39,1.8724859896832877,0.44145688762751123,6,0
68,21,0,0.6449607771919598,0.5072873801654938,5.030519700824314,61.89641817932061,0.0008499836647501979,30,39,1.8648316366274218,0.8525627347594584,2,0
69,26,1,0.6500336481221741,0.5071915558346591,-15.89264446127034,62.84821685216269,0.0011736274131379787,30,40,1.8624509752090068,0.0545081661344823,8,0
70,26,1,0.6478873239436594,0.5070798670439786,-12.94616134440448,63.80070411539086,0.0008148172220501237,31,40,1.8678493694517706,0.02976549419189192,4,0
71,22,0,0.6458640874863225,0.5069891662888933,5.463610799094461,64.7531913786203,0.0011244694476602035,31,41,1.8723952434274693,0.8369928880386712,0,0
72,28,1,0.650716039690132,0.5068839028831522,-16.55540826003116,65.70633854097363,0.0007821487433545826,32,41,1.8778625389351773,0.047444353024322566,8,0
73,26,0,0.6486486486486462,0.5067979239818268,5.476446764483789,66.65948570332596,0.0010788193334292373,32,42,1.891722241269232,0.4246300071904262,6,0
74,22,0,0.6466952015603722,0.5066985452233584,5.064302604763689,67.61326601213287,0.0007517263575778088,33,42,1.8970849815771058,0.8222453375185662,0,0
75,29,0,0.6513446340596901,0.506616927530056,5.488687017199723,68.56704632093785,0.0010363249428309018,33,43,1.8864862438987857,0.415912083370512,8,0
76,26,0,0.6493506493506576,0.5065229518773317,5.074513738577203,69.52143478357624,0.000723149766272968,33,44,1.8601244269351431,0.41690976818344194,4,0
77,24,0,0.6474624437855439,0.5064453706852642,5.500371726678637,70.47582324621402,0.0009966791784279394,34,44,1.8981512284210877,0.8082501795702239,2,0
78,32,1,0.6519255529380832,0.5063701545162619,-21.67770814581028,71.43079647215279,0.0006948186789372812,34,45,1.8396759301101975,0.06571126891659096,12,0
79,27,0,0.6500000000000059,0.5062825300455451,5.511537569868509,72.38576969808692,0.0009596130608002795,35,45,1.8790644372043828,0.4095971199121301,6,0
80,26,0,0.6481729059241044,0.5062108926810358,5.934873386881335,73.34130575869983,0.0006684293908847394,35,46,1.889488785510192,0.7949455603141542,4,0
81,31,0,0.6524640230105458,0.5061277546320165,5.522218097352962,74.29684181931228,0.0009248900475427035,36,46,1.8562297513573973,0.4017394507408611,10,0
82,28,1,0.6506024096385497,0.5060594456752693,-25.16618133176042,75.25292012308631,0.0006437930180140938,36,47,1.8654386922434427,0.030555794711484494,5,0
83,27,0,0.648832667164638,0.5059804570071975,5.53244405518312,76.20899842686632,0.0008923013280650594,37,47,1.8891090917562503,0.7822765203304902,4,0
84,31,0,0.6471182818238189,0.5059152489699352,5.958505719240335,77.16559960797663,0.0006207440421377441,37,48,1.8708487039289126,0.39517812576012823,12,0
85,27,0,0.6511627906976772,0.5058401056744404,5.542243668557965,78.12220078908945,0.0008616619047217,38,48,1.8760684668027394,0.3960595629146058,2,0
86,32,1,0.649446968641,0.5057777914066619,-25.98094851937151,79.0793066076299,0.0005991368583693202,38,49,1.8712633233340425,0.07270397671576555,4,0
87,31,0,0.6477272727272735,0.5057062185471185,5.551642892107083,80.03641242617422,0.0008328073209042941,39,49,1.8846115883558054,0.3889294586643429,8,0
88,29,1,0.6516853932584172,0.5056466090064986,-25.65107694593068,80.99400567859773,0.0005788429224224956,39,50,1.8677028994232185,0.0607091475759157,2,0
89,32,0,0.65002035305471,0.5055783573152822,5.560665631440997,81.9515989310157,0.0008055909050881382,40,50,1.8806780786412702,0.7431031544021406,6,0
90,32,1,0.6483516483516509,0.5055212796247631,-21.12154402954644,82.90966336952542,0.0005597483467738584,40,51,1.884336983030952,0.027966540766312567,6,0
91,29,0,0.6467581039179641,0.5054657044514019,6.416722292665206,83.86772780802985,0.0007794617594356623,40,52,1.877367546915365,0.746015150646549,0,0
92,34,0,0.650556777280281,0.5054014183195633,6.000330879828944,84.82624806785186,0.0005417519059278675,41,52,1.8711255684468777,0.7326894025242723,8,0
93,32,0,0.6489361702127553,0.5053481261692874,6.427755399773076,85.7847683276797,0.0007541142026497027,41,53,1.8746875160659502,0.3772759193204065,8,0
94,31,0,0.6473863057762564,0.5052866733247572,6.009802147961857,86.74372986134186,0.000524763332222733,42,53,1.8991712125621218,0.7355058309893925,6,0
95,37,1,0.6510597038625284,0.5052355258971363,-31.84821132151925,87.70269139499705,0.0007301855948327329,42,54,1.8477776688932988,0.08061620101643656,8,0
96,32,0,0.6494845360824741,0.5051767225369941,6.018922832705137,88.66208041267974,0.0005087019067389065,43,54,1.8784020911019017,0.3718300031552559,2,0
97,35,1,0.6479760703208739,0.5051275925164322,-24.83818670362242,89.62146943036302,0.0007075635283513293,43,55,1.8579273290646119,0.02995765744804791,10,0
98,37,0,0.6515321758829177,0.5050712704415337,6.027711927697894,90.58127284582451,0.0004934952255268854,44,55,1.8614563485265405,0.3659250172363299,12,0
99,33,1,0.6499999999999962,0.5050240404244891,-28.06889275771221,91.5410762612821,0.0006861469772019291,44,56,1.8657988517619133,0.04404080489457572,2,0
100,34,0,0.6485308209901931,0.5049700454140149,6.03618708913244,92.50128164258687,0.0004790781723897908,45,56,1.8791353458084954,0.7157549095376421,2,0
101,38,0,0.6519768786181475,0.504924606959929,6.468030771443686,93.4614870238935,0.0006658449105572117,45,57,1.8626312528605626,0.3609458247833596,12,0
102,32,0,0.6504854368931949,0.5048727973454293,6.044364750215891,94.42208254851727,0.0004653920326234129,46,57,1.8788032799115348,0.36161221608840344,2,0
103,37,1,0.6490535863544324,0.5048290501349603,-17.24253176615537,95.38267807314416,0.0006465751032607159,46,58,1.8794745151467827,0.004151135582935856,4,0
104,39,0,0.6523961906322362,0.5047792955458401,6.052260224501168,96.34365248696508,0.00045238373530764875,47,58,1.8809678483692611,0.356165376618102,8,0
105,35,0,0.6509433962264158,0.504737146632489,6.486125871077419,97.3046269007703,0.0006282631121621307,47,59,1.887850374223195,0.3568102393227121,6,0
106,40,2,0.6495470554568381,0.5046893268893272,-27.86722670552955,98.26596948050062,0.0004400051821846773,48,59,1.8503670321942989,0.005135363718018372,6,0
107,38,0,0.6527922263559685,0.5046486900325332,6.494721805119333,99.22731206021332,0.00061084138484091,48,60,1.8804417675737675,0.3515707297838641,6,0
108,37,1,0.6513761467889898,0.5046089627839478,-31.26121067362676,100.18901257901396,0.0004280637293447853,48,61,1.8758344622307677,0.03785675958053425,2,0
109,40,0,0.6500136241005994,0.5045634892377795,6.503036250996196,101.15071309780612,0.0005942484883831867,49,61,1.8847273433593428,0.6772023657396278,10,0
110,38,0,0.6486839545499,0.5045251473481744,6.935589381657984,102.1127617937083,0.0004161849532948736,49,62,1.8735063871655084,0.3471500977493965,10,0
111,40,1,0.6517857142857185,0.5044813670725945,-27.9506021700455,103.07481048960905,0.0005784284385441651,50,62,1.8755410994065216,0.018480752620520687,6,0
112,42,1,0.6504554337637836,0.5044443391198181,-37.11853039652011,104.03719803644277,0.00040488697382556893,50,63,1.8536783534709773,0.05703314031248231,8,0
113,39,1,0.6491228070175459,0.5044021590334999,-35.39261166755841,104.99958558326868,0.0005633301203147312,51,63,1.8729024151992022,0.046333348566822884,6,0
114,40,0,0.6521739130434738,0.5043663784353607,6.953270248882141,105.9623030638935,0.000394129151302991,51,64,1.8684712969590498,0.3434789938782398,8,0
115,43,1,0.6508744044769271,0.5043257121723014,-20.95282092015351,106.92502054452048,0.0005489067707173945,52,64,1.860937493389355,0.00324434164694252,8,0
116,39,0,0.6495726495726538,0.5042911167823145,6.961703823063317,107.88805942617788,0.0003838744907227465,52,65,1.8657761990897996,0.3387887498439469,8,0
117,39,0,0.6483167642395016,0.5042518840956892,6.533737329720395,108.85109830784583,0.0005351155218704662,53,65,1.8680871323724884,0.6637410092921878,2,0
118,44,1,0.6512722627284879,0.5042184158387956,-42.09650541136459,109.81445041930647,0.0003740892546346686,53,66,1.863472046139328,0.06989544554333911,9,0
119,40,0,0.6499999999999995,0.5041805420673093,6.540831207890449,110.77780253079182,0.000521917029388419,54,66,1.8753799342385835,0.3348291555805576,4,0
120,40,0,0.6487714787659572,0.5041481466109872,6.977817436531041,111.74146004132928,0.00036474261142416253,54,67,1.876693926179469,0.6563033618625858,0,0
121,45,1,0.6516505652539248,0.5041115622002367,-37.35033791812822,112.70511755187894,0.0005092750967605753,55,67,1.863185439823512,0.037931601263538096,10,0
122,41,0,0.6504065040650414,0.5040801886570879,6.985519459925278,113.66907295167445,0.000355806337353215,55,68,1.8844149885652282,0.3310056362355706,6,0
123,43,0,0.6492042005782701,0.5040448287294097,6.554392781021399,114.63302835147988,0.0004971563817264268,56,68,1.8867413139083284,0.6491105248055857,8,0
124,44,0,0.6520107193999682,0.5040144293877082,6.992998571092528,115.59727443354447,0.00034725454632678066,56,69,1.863509827396253,0.32681258212668274,8,0
125,44,1,0.6507936507936437,0.5039802333548498,-43.05517892505461,116.56152051560947,0.00048550503612432294,56,70,1.8927011210514362,0.05558524845401691,8,0
126,45,1,0.6496164876695024,0.5039507634340744,-41.52229882700475,117.52605035892358,0.0003390634571189821,57,70,1.8871535531744907,0.045441301266727546,8,0
127,44,0,0.6484640028788663,0.5039218590177799,7.436726376424346,118.49058020223886,0.0004739266186390978,57,71,1.8759880759614487,0.32325224638098177,10,0
128,45,0,0.6511627906976707,0.5038890920764549,7.007325483380441,119.455387156154,0.0003312111974906884,58,71,1.8991309634953017,0.3237368314474369,8,0
129,45,0,0.6500097542570403,0.5038610501883318,7.444565437899371,120.42019411006811,0.0004628261892918317,58,72,1.853406873734654,0.6261960479081158,8,0
130,43,0,0.6488549618320636,0.5038293227261909,7.014190714869684,121.38527177973168,0.000323677596725247,59,72,1.8830541659042208,0.3198062207105786,2,0
131,46,1,0.6515151515151547,0.5038021052353158,-48.1464801103252,122.35034944937321,0.00045217565708810525,59,73,1.8893841270348077,0.06681158017317532,4,0
132,46,0,0.6503852869946731,0.5037713684555719,7.020867963618741,123.31569168214065,0.0003164440458505169,60,73,1.8660917319627068,0.6199261435426174,8,0
133,46,0,0.649253731343292,0.5037449394512361,7.459609663559149,124.28103391490069,0.0004419490492040268,60,74,1.8685278259096894,0.3164684907761759,10,0
134,45,0,0.6518518518518575,0.5037151475704222,7.027364811910616,125.24663478771846,0.0003094933404383937,61,74,1.8790345332855103,0.3169279185989258,4,0
135,47,0,0.6507442590391617,0.5036894732024856,7.466831592461787,126.2122356605329,0.00043212233600797845,61,75,1.8656300278842688,0.6138417103388055,6,0
136,47,0,0.6496350364963381,0.5036605832209446,7.033688442026119,127.17808946811084,0.000302809556060879,62,75,1.8820951497159624,0.31323347818744607,8,0
137,50,2,0.6521739130434868,0.5036356315537932,-50.59204011790167,128.14394327568147,0.0004226732278311829,62,76,1.8676818121465386,0.0250448923373038,4,0
138,50,1,0.6510877422956527,0.5036076030468933,-54.33682006639752,129.1100445194335,0.00029637793551273717,63,76,1.874448741649883,0.08069973875023234,8,0
139,47,0,0.6500000000000027,0.5035833439256818,7.480713776886063,130.07614576319983,0.00041358104135724716,63,77,1.8783436838930287,0.310096000493112,6,0
140,50,0,0.652482269503538,0.5035561388535436,7.045842928495404,131.04248914092994,0.00029018476706710317,64,77,1.8732339291326139,0.31053223870539604,10,0
141,49,0,0.6514167181108692,0.5035325437815168,7.487388335565058,132.008832518653,0.0004048265522840211,64,78,1.880201876286752,0.6021937818929747,6,0
142,49,0,0.6503496503496454,0.503506126315423,7.05168637137254,132.97541291484282,0.00028421732386618714,65,78,1.8853699541558062,0.30705123559356584,10,0
143,50,0,0.6493134612174023,0.5034831683412587,7.493894144799157,133.941993311027,0.00039639187488660355,65,79,1.8785177520944996,0.6037806599134041,8,0
144,54,1,0.6517320866393393,0.5034575047050066,-56.92558615794529,134.90880578780207,0.00027846374902651405,66,79,1.8693182425964592,0.07695120267752331,9,0
145,51,1,0.6506849315068486,0.5034351583192509,-43.67068041365282,135.87561826457878,0.00038826034571570744,66,80,1.8912796064380526,0.0202344780422149,10,0
146,50,0,0.649667471744105,0.5034131871918072,7.940438208987118,136.84265805315346,0.0002727856425508435,66,81,1.862058062412847,0.5904739962190073,6,0
147,54,0,0.652034675070401,0.5033884576837424,7.506424370794548,137.80969784173345,0.000380416412752993,67,81,1.8748771445939072,0.300832018398512,10,0
148,49,0,0.651006711409392,0.503367059566293,7.947274178363557,138.77696033443007,0.00026716851792230045,67,82,1.8709344947285833,0.3012221705002767,6,0
149,52,1,0.6500073264005378,0.5033430134360437,-55.84389700002816,139.74422282715005,0.0003728455708369438,68,82,1.8563790684238786,0.05840727894431792,8,0
150,54,1,0.652325244874862,0.5033221661543228,-59.64139334296542,140.71170356991806,0.00026175605162848115,68,83,1.8691869551733058,0.07317103491424896,8,0
151,50,0,0.6513157894736734,0.5032987754074906,7.518351203955092,141.67918431266526,0.00036553425294982844,69,83,1.8712137055721083,0.29842975867472354,8,0
152,54,0,0.6503338576664287,0.5032784579191487,7.960458979581801,142.6468789978967,0.0002565375091023725,69,84,1.8619454461464788,0.5800804866909377,10,0
153,54,1,0.6526044982047436,0.5032556960725211,-65.94258069829284,143.61457368315737,0.0003584697603287168,70,84,1.8822843091981687,0.024470006257801748,12,0
154,51,0,0.6516129032258172,0.5032358883956773,7.966819191327843,144.5824781431529,0.0002515028969867217,70,85,1.862298005802944,0.29571378813877525,8,0
155,59,3,0.6506478339979507,0.503213730376442,-60.89330868343991,145.55038260316138,0.00035164020442834953,71,85,1.8646940735120536,0.045022319924615625,10,0
156,54,1,0.6496993197163189,0.5031944135235621,-54.50138529175263,146.51849280381796,0.0002466428706497936,71,86,1.8794218701364076,0.037149411588578644,10,0
157,56,1,0.6518987341772167,0.5031728355764946,-52.78031720101967,147.48660300446198,0.0003450344252087234,72,86,1.8596097953518371,0.030538694320985025,6,0
158,59,0,0.6509499658667014,0.5031539914931871,7.979101749940298,148.4549150392945,0.00024194870371729849,72,87,1.8721993312825282,0.2897977317295299,12,0
159,55,0,0.6500171736673587,0.5031329710950893,7.540560401314877,149.42322707411222,0.0003386419772937188,73,87,1.8870499689478906,0.29014153994754693,0,0
160,56,0,0.6521739130434545,0.5031145826033628,7.985033987425297,150.39173715871794,0.0002374122420576441,73,88,1.8683266253344684,0.2904976441908874,12,0
161,61,2,0.6512409111277533,0.5030940983840803,-63.82131230542117,151.36024724332273,0.0003324530119641622,74,88,1.8794707547064955,0.04278610259724216,12,0
162,56,1,0.6503067484662781,0.5030761491297093,-67.1182691361547,152.3289517101337,0.0002330258329834578,74,89,1.8823996833891283,0.07985673918219993,10,0
163,57,0,0.6524390243902239,0.5030561807991651,7.550916391088123,153.2976561769366,0.00032645828829913626,75,89,1.8838907960658124,0.2879912230373584,12,0
164,59,0,0.6515212798022897,0.5030386552028092,7.996503475047064,154.26655147015194,0.00022878232195466808,75,90,1.8851729926541232,0.2848783171128575,12,0
165,54,0,0.6506024096385756,0.5030191834835228,7.555921741278979,155.23544676338153,0.0003206491202547568,76,90,1.8872838563995271,0.2852079312202296,6,0
166,61,3,0.6497064953353839,0.5030020666952758,-65.20868255982627,156.20452943434788,0.0002246749871233078,76,91,1.8796279655586583,0.03970464473398219,10,0
167,60,0,0.6517916383476775,0.5029852026037408,8.445763048112568,157.1736121053087,0.00031485903690509076,76,92,1.8769513133101543,0.28251108719941775,14,0
168,56,1,0.6508875739644986,0.5029663511170105,-70.21259410317846,158.1428788080006,0.00022069751659614667,77,92,1.8865706791404906,0.07533792790049967,8,0
169,59,0,0.6500057038772571,0.5029498731379237,8.451731985102796,159.11214551072143,0.00030922515176712295,77,93,1.8835789634027025,0.5575892601826516,10,0
170,62,1,0.6520525134782919,0.5029314775179292,-56.71667168260893,160.08159299750642,0.00021684397938770417,78,93,1.872543537539408,0.022757743770141062,14,0
171,57,1,0.651162790697674,0.5029153725167259,-64.13951017042164,161.0510404842986,0.00030376632270190385,78,94,1.8777992447146774,0.045258756722300106,6,0
172,62,1,0.6502945378217083,0.5028974163975659,-70.23915626464927,162.020665602004,0.00021310879850489073,79,94,1.883722837751468,0.06854454282985153,10,0
173,61,0,0.6494397416146729,0.5028816718298301,8.463293633409023,162.9902907196713,0.00029847476889699465,79,95,1.8720525759650783,0.2779490509630814,6,0
174,59,1,0.6514285714285759,0.5028641396209811,-59.80790643989283,163.9600904056445,0.0002094867200810313,80,95,1.8822089100876882,0.025679110790881757,8,0
175,63,0,0.6505735275795619,0.5028487434996111,8.468894134212306,164.92989009163446,0.00029334316374729497,80,96,1.8663395019890228,0.5428490379940434,16,0
176,63,0,0.6497315151784391,0.5028316203404868,8.028046884008418,165.89986137029877,0.0002059727956407187,81,96,1.8762088822107645,0.27574965477114094,12,0
177,64,1,0.6516853932584269,0.5028165612050208,-64.28221381527332,166.86983264897577,0.00028836459853209817,81,97,1.8657499371338555,0.03479519893485717,12,0
178,62,0,0.6508431680091948,0.5027998329226748,8.032924902790441,167.83997262831915,0.00020256235976034986,82,97,1.8693962107778812,0.5387498967186529,14,0
179,61,1,0.6500000000000157,0.5027850998106428,-76.48996564536876,168.81011260767372,0.00028353253827617664,82,98,1.8704497239537106,0.07916278187044837,12,0
180,65,1,0.6519337016574337,0.5027687528803931,-79.99450602083417,169.78041847602054,0.0001992509988610891,83,98,1.8724028947228126,0.0536751637500998,9,0
181,65,1,0.6511039213462758,0.5027543353005061,-56.6411847856813,170.75072434438565,0.00027884081026741114,83,99,1.8743985709216737,0.012476049145759886,14,0
182,61,1,0.6502732240437289,0.5027383568092456,-73.52690380267849,171.72119336731353,0.00019603456036065836,84,99,1.8766162535280775,0.058565210131552026,2,0
183,66,1,0.6494613695171856,0.5027242447163137,-55.96547451847442,172.6916623902384,0.0002742835945923616,84,100,1.8783453138383006,0.010436523700778409,14,0
184,66,1,0.6513562198485955,0.5027086223282653,-78.35505862931336,173.6622919075987,0.000192909108392314,85,100,1.875089375418481,0.07312842009880527,10,0
185,61,0,0.650537634408617,0.502694806099692,8.495235457818382,174.63292142495433,0.0002698553609548071,85,101,1.882441152007091,0.2694530032661408,8,0
186,65,0,0.6497373241749568,0.5026795280244688,8.051471094940027,175.60370884813355,0.00018987091826261349,86,101,1.8849959073057743,0.5319097544587869,12,0
187,69,2,0.6516004681875122,0.502665998438226,-75.22201651747164,176.57449627132337,0.000265550891441535,86,102,1.8753091999101787,0.03645954718698329,18,0
188,64,2,0.6507936507936566,0.5026510534009724,-78.63609921743372,177.54543908054202,0.0001869164713639293,87,102,1.8826197161367046,0.015607630436786498,6,0
189,66,0,0.6500045662238034,0.5026378016149456,8.505056687019177,178.51638188980593,0.0002613652260663457,87,103,1.8899124450118419,0.5280565951563743,10,0
190,69,0,0.6518370456142143,0.5026247226619223,8.952034899463968,179.48747763161717,0.0001839396207401478,87,104,1.870625057005487,0.26521996141402704,16,0
191,65,0,0.651041666666681,0.5026101963610161,8.509825761119572,180.45857337342306,0.0002572936850242513,88,104,1.8919553998185175,0.26548789092908753,8,0
192,67,0,0.6502635018843587,0.5025973815721448,8.957261090012366,181.42981965823833,0.00018102482258086638,88,105,1.8866327809033834,0.5242861255590127,14,0
193,71,2,0.652066307924872,0.5025831642114086,-89.60776023134831,182.4010659430895,0.00025333180951747636,89,105,1.8503253912566255,0.031896248817459685,15,0
194,68,0,0.651282051282043,0.5025706056505531,8.962388846408786,183.3724604429142,0.00017819195849710923,89,106,1.8854014828954726,0.26357004466239253,8,0
195,68,1,0.6505145125099056,0.5025566874633445,-85.01591972215482,184.34385494277788,0.00024947536792296887,90,106,1.8713007253091916,0.07586831589721184,10,0
196,68,0,0.6497574976471797,0.5025443775095998,8.967420914521256,185.31539538905102,0.000175437719775573,90,107,1.8592547827192882,0.261434863617446,12,0
197,72,2,0.6515151515151482,0.5025307491372533,-80.74180942378327,186.28693583534582,0.00024572034308789625,91,107,1.8690468546755215,0.03100121350209252,16,0
198,69,0,0.6507579564605529,0.5025186804694717,8.972359937193502,187.25862001673113,0.00017275893247870044,91,108,1.8795876054188982,0.5119729956790823,10,0
199,68,1,0.6500000000000221,0.502505332940169,-85.54273724633659,188.2303041981578,0.00024206291479345055,92,108,1.8722796915257285,0.06887175468027303,8,0
200,71,0,0.651741293532325,0.5024934985222976,8.977208463354103,189.202129958658,0.0001701526261967956,92,109,1.8751361277870082,0.25985613793182855,10,0
201,71,1,0.6509941708104373,0.5024804232312725,-78.61253886578871,190.17395571915233,0.0002384994641602134,93,109,1.875997573144847,0.04156276643023028,10,0
202,69,2,0.6502463054187266,0.5024688162986225,-82.64987489261344,191.14592095605977,0.00016761596532433032,93,110,1.8704391497028012,0.02855355727018357,6,0
203,72,1,0.6519607843137184,0.5024560049895521,-86.0080472803858,192.11788619300566,0.00023502652032902915,94,110,1.871841864467221,0.062462701831960316,6,0
204,72,0,0.6512234729052001,0.5024446190357947,8.986643761703931,193.08998885523144,0.00016514623905550252,94,111,1.8739920293567462,0.5051562474186554,16,0
205,70,0,0.6504854368932014,0.5024320637833123,8.540804355552481,194.06209151747157,0.00023164078643844732,95,111,1.8779285880308993,0.2560502029096007,14,0
206,76,3,0.6521739130434674,0.5024208925482645,-91.83412757427607,195.03432960369287,0.00016274091402124213,95,112,1.8710532603228525,0.03824716294066031,8,0
207,73,0,0.6514461617844517,0.5024085857415181,8.544913826699485,196.00656768989955,0.00022833914874809125,96,112,1.8794257095512874,0.5018487863521691,14,0
208,72,1,0.6507177033492789,0.5023976231995784,-74.49097824926785,196.97893924682083,0.00016039755377050824,96,113,1.8807893664259954,0.02188322165723213,6,0
209,75,1,0.6500037378611885,0.5023855575267734,-90.99042344498437,197.9513108038018,0.00022511860441909448,97,113,1.882467444714063,0.06980747510596139,16,0
210,74,0,0.6516625194830726,0.5023747978760316,9.000176614916114,198.92381392476875,0.00015811384844255372,97,114,1.8813988578868264,0.4986056763725894,14,0
211,73,1,0.6509433962264158,0.5023629663098576,-84.67956927278831,199.89631704570357,0.00022197630764253518,98,114,1.8857855185014376,0.0425506376149527,10,0
212,74,1,0.6502383819057578,0.5023524039617879,-77.6732429517157,200.86894986891116,0.0001558875992486719,98,115,1.884299115798822,0.024173810443335254,8,0
213,76,1,0.6518728122230054,0.5023419649899917,-91.64187369899707,201.84158269214893,0.0002188405304650587,98,116,1.8715141565713127,0.0632912855888689,12,0
214,73,0,0.6511627906976869,0.5023304293154346,9.008809966315766,202.81434339937314,0.00015371670394870307,99,116,1.8903988884869305,0.2509860266557371,10,0
215,74,0,0.6504665091170085,0.5023201789666975,9.458801253218368,203.78710410660346,0.00021576219964458687,99,117,1.8815561990791128,0.4963144249493538,10,0
216,79,3,0.6520772915061119,0.5023088622478418,-97.26590476074281,204.759990921667,0.0001515991845053577,100,117,1.8575154153032927,0.026603828932218458,7,0
217,76,1,0.6513761467889866,0.5022987954481235,-92.22233285713497,205.73287773669455,0.00021275923225516635,100,118,1.876465461445407,0.057338121409001463,10,0
218,76,0,0.6506883872741248,0.5022876915012516,9.017150849040831,206.70588892419553,0.00014953312617649317,101,118,1.888992283090283,0.488827895457842,6,0
219,79,1,0.6522761951178966,0.5022778033571667,-101.5146883587939,207.678900111662,0.0002098289926095731,101,119,1.8604606630492593,0.06885603120106278,12,0
220,80,3,0.6515837104072396,0.5022669062295446,-98.21742672713373,208.65203397553174,0.00014751672685520134,102,119,1.8651904512305837,0.03532744916851982,8,0
221,81,3,0.6509042696832948,0.5022571920203437,-107.9755379461922,209.62516783945117,0.00020696894424077072,102,120,1.862666417484982,0.009301624774619223,14,0
222,78,0,0.6524697480498735,0.5022464959795206,9.025213836575276,210.598422721951,0.00014554825540358252,103,120,1.8676332882103404,0.24599542314114453,12,0
223,80,1,0.6517857142857024,0.5022369511495756,-97.43791617126232,211.57167760448658,0.00020417668670802414,103,121,1.864148793074061,0.06376992225748733,14,0
224,78,0,0.6511143961424454,0.5022264506732749,9.029145412369445,212.54505188485834,0.00014362605415385588,104,121,1.8702529641737908,0.4828839620221788,8,0
225,80,1,0.6526581633486587,0.502217070824873,-93.1537739898126,213.5184261651982,0.0002014499164033623,104,122,1.8671357844040357,0.04695349307071453,8,0
226,80,0,0.6519823788546176,0.5022067605914433,9.033012553868403,214.49191825852867,0.00014174855112969453,105,122,1.8689288657315148,0.24467989327665407,12,0
227,81,3,0.6513189938299752,0.5021975414780326,-104.437471733536,215.46541035180806,0.00019878641293757937,105,123,1.8702123995758546,0.018748973173702596,10,0
228,78,0,0.6528416428983864,0.502187416357386,9.036816828269082,216.43901870779905,0.00013991425063863971,106,123,1.8721877804090081,0.2429669194209928,6,0
229,82,2,0.6521739130434997,0.5021783538770916,-102.393237532993,217.4126270638702,0.0001961840869171283,106,124,1.8693724313116533,0.035317768370835785,10,0
230,80,0,0.6515182781240625,0.5021684089221876,9.040559751956835,218.3863501661574,0.00013812168660365387,107,124,1.8755322998995403,0.47715246718617765,10,0
231,79,0,0.6508620689655026,0.5021594991117179,9.493486117483727,219.360073268466,0.00019364092528917354,107,125,1.8775791459726447,0.24149413955889992,8,0
232,83,0,0.6523605150214452,0.5021497295504216,9.044242794246273,220.33390963328392,0.00013636950566819905,108,125,1.8794808934688074,0.24170040752949914,12,0
233,85,1,0.6517124533590766,0.5021409685792447,-103.4005518756694,221.30774599806512,0.00019115498128030595,108,126,1.8800710097079114,0.06393725527166663,10,0
234,79,0,0.6510638297872797,0.5021313698066932,9.047867376703408,222.28169417328613,0.0001346563800836975,109,126,1.882308204019167,0.2400478962667824,10,0
235,84,0,0.6525423728813388,0.5021227539715271,9.501475260648547,223.25564234850825,0.00018872442205974949,109,127,1.8835598448851112,0.24025100021138876,14,0
236,88,2,0.6519017135243905,0.502113321542822,-108.6712191492013,224.2297009128101,0.00013298104968839652,110,127,1.8686421214782287,0.05714033734098061,23,0
237,82,1,0.6512605042016693,0.502104847262374,-85.55509245133308,225.2037594770931,0.00018634747871715263,110,128,1.8854421142818731,0.01578789563900555,2,0
238,86,2,0.652719665271959,0.502096461905877,-95.90343417810584,226.17792703899394,0.00013132358864709204,110,129,1.8829425904447725,0.02922833652913258,10,0
239,86,2,0.652086242911091,0.5020872406957118,-113.3112789992118,227.15209460093644,0.00018402244376147792,111,129,1.8782610411359721,0.06904517960135813,4,0
240,85,2,0.6514522821576618,0.5020789912969753,-114.5411208096534,228.12636979807448,0.00012965844533141535,111,130,1.876312881446453,0.05171711871145597,13,0
241,84,0,0.6508292795591597,0.5020699267742618,9.512998389103728,229.1006449951307,0.0001817477019017133,112,130,1.8901878099690024,0.4659181324165644,12,0
242,85,1,0.6522662167103684,0.5020618100489797,-107.8568482959618,230.07502649308165,0.00012803083234302903,112,131,1.8779573375056593,0.06302098420988844,10,0
243,87,0,0.6516393442622922,0.5020528982488275,9.516722216251466,231.04940799101627,0.00017952168033730231,113,131,1.8847498410701409,0.23586064771701162,14,0
244,85,0,0.6510231767466421,0.5020449110177816,9.969811959240474,232.02389448272453,0.0001264395260704987,113,132,1.8797650191564608,0.4633190092012413,16,0
245,85,0,0.6524418015684,0.5020361481081118,9.520389648235025,232.99838097453198,0.00017734289400550551,114,132,1.880728030908748,0.23432589287591687,10,0
246,89,1,0.6518218623481766,0.5020282872929748,-114.6490786308302,233.97297117975447,0.00012488336423643887,114,133,1.875800251651874,0.07810240429470625,8,0
247,87,0,0.651212383492404,0.502019669568998,9.524001953987096,234.94756138499721,0.00017520990388675273,115,133,1.876722010274457,0.4607630597303498,12,0
248,87,2,0.6526131561011735,0.5020119321883787,-112.8626032642048,235.92225404905972,0.00012336120727240996,115,134,1.866344946749557,0.020319905589463165,12,0
249,88,0,0.6519999999999917,0.5020034560673445,9.52756036405016,236.8969467131908,0.0001731213071991533,116,134,1.8818178281174107,0.2331881870704789,10,0
250,89,0,0.6513970679609865,0.5019958392329816,9.981608782378729,237.87174060661172,0.00012187197057755839,116,135,1.8679152744634049,0.4582490965423233,10,0
251,86,1,0.6508006170489319,0.5019875012491964,-112.4668029758486,238.84653450003995,0.00017107580944752954,117,135,1.871683048434503,0.06193774456572131,6,0
252,90,0,0.6521739130434868,0.501980002162357,9.985425525169262,239.8214284176663,0.00012041465859624623,117,136,1.872619610516912,0.23188565878541564,16,0
253,89,0,0.6515773903729221,0.5019717989624346,9.534520239405424,240.7963223353466,0.0001690721155114261,118,136,1.8704235210079512,0.455775977645101,2,0
254,88,1,0.6509872055668783,0.501964414910459,-111.8790245235942,241.77131509587036,0.0001189882578387369,118,137,1.8719904782602923,0.05538997991519818,6,0
255,93,2,0.6523437499999918,0.5019563432487857,-119.2269678153048,242.74630785633562,0.0001671090078900761,119,137,1.873486422434341,0.004419630990808225,18,0
256,93,1,0.6517535034682174,0.5019490716018075,-107.7410978803138,243.72139830136953,0.000117591804780659,119,138,1.8735198560495618,0.041116243097303454,18,0
257,90,1,0.6511627906976611,0.5019411283362825,-87.42838292020573,244.696488746401,0.00016518530230769102,120,138,1.8766756311820496,0.007294301414324541,12,0
258,92,1,0.6525096525096781,0.5019339665440834,-119.1738328909313,245.6716757400918,0.00011622440399605694,120,139,1.8776463734719804,0.06859484865519225,14,0
259,91,0,0.6519255529380888,0.5019261486319689,9.544584586578594,246.64686273375912,0.00016329986868868218,121,139,1.876790342640275,0.227760618949522,14,0
260,93,2,0.6513409961685676,0.5019190942209838,-117.2289482460354,247.6221451621504,0.0001148851842174281,121,140,1.8803763362422137,0.03713922332301766,12,0
261,94,2,0.6507657747845249,0.5019113987150549,-111.9733603264573,248.59742759045415,0.0001614516094434748,122,140,1.8758263425904835,0.00522165341411038,16,0
262,90,0,0.6520936778267546,0.5019044492855158,10.00369786390141,249.572804360683,0.00011357329179872977,122,141,1.8769926872437348,0.2265458516799714,10,0
263,94,1,0.6515151515151869,0.5018968733302969,-116.7357936249327,250.54818113087038,0.00015963947072350493,123,141,1.8830476766440907,0.05431715437329804,6,0
264,96,4,0.6509457612244337,0.501890026553493,-123.9673612946473,251.5236511708863,0.00011228791069584076,123,142,1.866200603453533,0.023421300436671722,15,0
265,91,1,0.6522580109063366,0.5018832445305043,-112.7617747794063,252.4991212109798,0.00015782511960082957,123,143,1.8704584104666282,0.0404426347262169,8,0
266,97,3,0.6516853932584205,0.501875820997402,-122.348198987168,253.4746834688248,0.00011102827340891963,124,143,1.8882813348633607,0.00478552466625306,10,0
267,96,2,0.6511217185689647,0.5018691379676786,-98.89044994397332,254.4502457268118,0.0001560378553051578,124,144,1.8630119701330485,0.002474691195217039,6,0
268,94,1,0.6524186790266734,0.5018618277405088,-106.5005673761733,255.42589917028099,0.0001097936561222923,125,144,1.8805073686596958,0.025307436323568036,12,0
269,98,2,0.651851851851838,0.5018552415497812,-122.1420178551852,256.40155261376805,0.00015428588795884934,125,145,1.8814488963866471,0.00518378248751836,18,0
270,95,0,0.6512937806131581,0.5018480420512405,10.01740902103631,257.37729622978924,0.00010858328948870621,126,145,1.8695476689072539,0.44142753297611725,10,0
271,92,0,0.6507412707438361,0.5018415506073716,10.47271205735439,258.3530398456667,0.0001525682069427603,126,146,1.886849408706018,0.22301529323374086,12,0
272,96,0,0.6520146520146486,0.5018344593378116,10.02071947843817,259.3288726395254,0.00010739652049096549,127,146,1.878589138054278,0.22317706436936102,20,0
273,98,3,0.6514620752928454,0.5018280606085725,-128.8678736961377,260.3047054333804,0.00015088383071315548,127,147,1.8590427953853845,0.019295209373319924,14,0
274,95,0,0.6509149459310887,0.5018210751431071,10.02398491300357,261.280626428645,0.00010623266541642806,128,147,1.8866491236707459,0.22187472546108467,12,0
275,100,2,0.652173913043461,0.5018147671540361,-127.3230862076585,262.2565474240171,0.00014923183897508352,128,148,1.8621311986387883,0.04751171689239142,12,0
276,97,1,0.6516267250019501,0.5018078851397507,-133.7031292366862,263.2325556620838,0.0001050910779554215,129,148,1.863623186177125,0.07523141343554114,16,0
277,101,2,0.6510848737715903,0.5018016659721266,-125.4651785238196,264.2085639002272,0.00014761135230401123,129,149,1.8795234989693272,0.03537408081848997,22,0
278,97,1,0.6523297491039417,0.5017948851254342,-120.3255118523316,265.1846584395404,0.00010397114073157354,130,149,1.8668056540747004,0.04243429108225563,12,0
279,97,0,0.6517878468893465,0.5017887529143035,10.48678925594646,266.1607529789868,0.00014602148252151892,130,150,1.8681197285709377,0.21949268622896284,14,0
280,101,2,0.6512455516014287,0.5017820710184069,-135.0947107103033,267.1369328949939,0.00010287224972671538,131,150,1.8816111742522752,0.05127634101414337,18,0
281,100,1,0.6524822695035316,0.5017760239507248,-132.2885652524596,268.1131128110119,0.00014446141312873806,131,151,1.8708735685831788,0.07017003742638347,10,0
282,99,0,0.6519455531368243,0.5017694388531785,10.03661427373822,269.0893771953956,0.00010179386845265981,132,151,1.8728330554600177,0.21840483810894948,10,0
283,102,2,0.6514084507042253,0.5017634751660146,-130.7515497024212,270.0656415798978,0.00014293035150103606,132,152,1.8741884694071067,0.045849059635325956,10,0
284,99,0,0.6508792366162743,0.5017569847764246,10.03966777606078,271.04198954033757,0.00010073540244093238,133,152,1.875165367035016,0.43040540250173565,12,0
285,101,1,0.6520999512196575,0.5017511027552328,-120.0940529137376,272.0183375008803,0.00014142752917223333,133,153,1.8763584025331377,0.03419664156956726,10,0
286,101,0,0.6515679442508813,0.5017447050430146,10.0426813683296,272.99476816092374,9.969632634465597e-05,134,153,1.8777893262086223,0.21748186721179805,12,0
287,99,0,0.6510436705654581,0.501738903019976,10.50013579778195,273.9711988208366,0.0001399521559051209,134,154,1.8789437894452392,0.42835401886082686,12,0
288,104,3,0.6522511441507588,0.5017325960122432,-152.6501059317707,274.947711318791,9.867615779057815e-05,135,154,1.880225531028362,0.010959700207605534,17,0
289,105,3,0.6517241379310641,0.5017268723647138,-135.8253510306722,275.9242238167833,0.00013850355151134863,135,155,1.8738825736934974,0.021808801956527252,12,0
290,101,0,0.6512047144490499,0.5017206541442315,10.04859190786956,276.90081730608557,9.767434011109799e-05,136,155,1.8825864733010396,0.42633179237658686,12,0
291,102,0,0.6523992307099806,0.5017150072931843,10.50655258206902,277.8774107954354,0.00013708100289022696,136,156,1.8843890080971408,0.21523613426906718,12,0
292,104,0,0.6518771331058028,0.5017088759964259,10.05149034687489,278.85408444403635,9.669043367921404e-05,137,156,1.8832104117030066,0.21538131808593258,14,0
293,102,1,0.6513624720361417,0.5017033044050159,-118.7218508231032,279.8307580926595,0.00013568382502171517,137,157,1.8797158245250771,0.023431232030063285,14,0
294,103,1,0.6508525431214677,0.501697780465376,-114.3731267648683,280.80751108266116,9.569405335696501e-05,137,158,1.887517919377375,0.01666611866664228,8,0
295,103,0,0.6520270270270548,0.5016917603924507,10.51280700910871,281.78426407258564,0.00013431136926556064,138,158,1.8788268480672232,0.2143536690125172,16,0
296,105,1,0.6515170429035478,0.5016863092856046,-142.3181583962314,282.7610955997578,9.471193055787808e-05,138,159,1.8744469591736959,0.07361029460741847,10,0
297,106,3,0.6510117013379603,0.5016803720371978,-124.2876300463104,283.73792712683286,0.0001329630524651293,139,159,1.8834924300883977,0.021113319943091624,10,0
298,106,3,0.6521739130434738,0.5016749923306127,-301.8993009452532,284.71483640058204,9.374777147286295e-05,139,160,1.8684761304366173,2.564718479440087e-05,14,0
299,109,2,0.6516685226452158,0.5016691362074451,-137.9379029276847,285.6917456742812,0.00013163819420469736,140,160,1.8718041661135383,0.04252391105651728,14,0
300,105,0,0.6511676877213707,0.5016638265059461,10.97629495283346,286.66873191707685,9.28010648522104e-05,140,161,1.8780430203409453,0.21220184702244185,6,0
301,105,1,0.6523178807947351,0.5016580498549474,-124.9187836159398,287.64571815982777,0.0001303362621456472,141,161,1.8735441936612651,0.02689063586028495,10,0
302,110,1,0.6518170030693864,0.5016528087995146,-137.8882771923816,288.62278060713845,9.187136623722836e-05,141,162,1.8717976713893547,0.05160054804359052,20,0
303,106,2,0.651315789473641,0.5016471100122678,-148.5390403324428,289.59984305449217,0.00012905666324058984,142,162,1.8781894828674055,0.013695809238502245,12,0
304,109,4,0.6524590163934453,0.5016419362788652,-151.1627283331499,290.5769809542154,9.095822701965517e-05,142,163,1.863104229064642,0.011585001084084239,12,0
305,110,1,0.6519625723843202,0.501636313790109,-143.2317661345975,291.554118853957,0.00012779884701785704,143,163,1.8745470043883552,0.062192515091815365,18,0
306,108,0,0.6514657980456301,0.5016312060885723,10.98588496811942,292.5313314664875,9.006122263599536e-05,143,164,1.8700112814528416,0.2102490492753496,16,0
307,108,1,0.650975777130479,0.5016256583747547,-141.6894293819306,293.50854407896264,0.00012656228318519425,144,164,1.8677124323984717,0.055241651334054745,20,0
308,111,1,0.6521053153728162,0.5016206154477094,-105.0529355909186,294.48583067649616,8.91799349460598e-05,144,165,1.869089663123769,0.0038025245667303613,20,0
309,110,2,0.6516129032257719,0.5016151410256161,-139.8225373972924,295.4631172740551,0.0001253464710089247,145,165,1.8697320237248807,0.021865551724201907,14,0
310,109,0,0.6511271215320862,0.5016101616474369,10.99208590154836,296.44047714062594,8.831394637809353e-05,145,166,1.870986929075488,0.412685657348902,16,0
311,110,2,0.6522453135571464,0.5016047590728568,-152.4623336921246,297.4178370072347,0.00012415087070394293,146,166,1.8725001071905263,0.06700081425491958,12,0
312,108,1,0.6517571884983918,0.5015998420486834,-139.5231472827897,298.3952694382851,8.746292212435947e-05,146,167,1.8731306337634228,0.043875567756831255,12,0
313,115,4,0.6512755742423025,0.5015945099151334,-147.0948548813854,299.37270186941026,0.00012297503843683444,147,167,1.8739157893478073,0.019703873843139846,18,0
314,110,0,0.6523826453541005,0.5015896540798988,10.99813930122008,300.35020617169556,8.662644364676453e-05,147,168,1.8760209588403676,0.2072888638873176,18,0
315,111,1,0.6518987341772294,0.5015843910174066,-139.0132401305684,301.32771047408056,0.00012181849342596252,148,168,1.8770111200163786,0.03925661786652984,16,0
316,112,0,0.6514212173539052,0.501579595234917,11.00111230783685,302.3052859653425,8.580415510550665e-05,148,169,1.878377944984953,0.40909093915376005,14,0
317,111,2,0.6509477759929607,0.5015743999088299,-134.5008211739231,303.2828614565599,0.00012068077700178037,149,169,1.8795173012780868,0.024962369655761103,20,0
318,111,1,0.6520376175548205,0.5015696630708699,-154.8657197763856,304.26050746510214,8.499572328446448e-05,149,170,1.8804312424414473,0.07265515190718415,6,0
319,114,1,0.6515641298813258,0.5015645341807392,-152.3034611669677,305.2381534737124,0.0001195614461266814,150,170,1.881928040161932,0.06414995917130423,10,0
320,114,1,0.6510946459846235,0.5015598552062334,-149.2986454050891,306.21586933852956,8.420078756898874e-05,150,171,1.8827222778130794,0.05652113833369064,14,0
321,116,2,0.6521739130434738,0.5015547914847129,-135.3445364841479,307.19358520331366,0.00011846009363125631,151,171,1.8827510661167837,0.018998388458040097,14,0
322,114,0,0.6517043879036964,0.5015501693188763,11.00982403106897,308.17137027353783,8.341902645270238e-05,151,172,1.8850693560872083,0.4055888491440077,16,0
323,112,1,0.6512387967248568,0.5015455832326159,-142.877986195205,309.14915534375746,0.00011735190042827526,151,173,1.8809347221020718,0.0376611694802603,16,0
324,115,1,0.6523076923076816,0.5015406031442231,-104.8313370347044,310.12700897852613,8.265014588459962e-05,152,173,1.8869421062208205,0.0015535122120286062,16,0
325,119,3,0.6518420646998567,0.5015360721943657,-161.1486474407517,311.1048626133372,0.00011626055749047737,152,174,1.8801218504388257,0.017113963489770838,17,0
326,112,2,0.6513761467890188,0.5015311544735035,-158.9836422922813,312.08278418177747,8.18938132169933e-05,153,174,1.878736944020035,0.0607836144477468,10,0
327,116,0,0.6524390243902435,0.5015266776707037,11.47438142641897,313.06070575006964,0.00011518695424683756,153,175,1.8835514020513262,0.20381704159067854,16,0
328,118,1,0.651977230875938,0.501521821152023,-153.3393135151961,314.0386946307997,8.114973570627626e-05,154,175,1.8842612605171536,0.05408841526161555,12,0
329,113,0,0.6515151515151612,0.5015173975304894,11.47737066842998,315.0166835115161,0.00011413063674581281,154,176,1.8785480374267822,0.20282295180476484,14,0
330,117,1,0.651058919064143,0.501512601077501,-151.6955376391768,315.994739092594,8.041763288701986e-05,155,176,1.8835024018214939,0.04806292027513707,8,0
331,117,0,0.6521099544862446,0.5015082296943033,11.48032616389762,316.97279467372346,0.00011309119895486219,155,177,1.8756946914207755,0.2018445976187073,6,0
332,117,2,0.6516516516516146,0.501503492198524,-163.7866966906859,317.9509163525157,7.969720650180534e-05,156,177,1.8763263572777165,0.06519851852127913,14,0
333,118,1,0.6511990965692748,0.5014991721329052,-134.066046632356,318.9290380311979,0.00011206831544541274,156,178,1.8791359966569856,0.016483566235130302,18,0
334,119,1,0.6522403011475164,0.5014944925129786,-158.8135992391967,319.90722521386004,7.898818307694455e-05,157,178,1.8734579046989395,0.05810898645971829,16,0
335,120,2,0.6517857142856894,0.501490222865723,-155.6587105874049,320.88541239649356,0.0001110615117454472,157,179,1.8720485693346012,0.0382015319501817,18,0
336,118,0,0.6513367785132834,0.501485600066595,11.02901628078405,321.86366449832127,7.82903561571402e-05,158,179,1.881317939241283,0.3969885372194538,14,0
337,120,1,0.6523683341468992,0.5014813799593849,-127.6393036360988,322.84191660009543,0.00011007049505451505,158,180,1.8671997237112758,0.008642050325809933,14,0
338,122,2,0.6519174041298486,0.5014768129515224,-148.8464035772898,323.8202330447992,7.760340452023229e-05,159,180,1.8701964768198578,0.01266011255138709,16,0
339,122,2,0.6514720309511217,0.5014726415263506,-170.005978844988,324.79854948946064,0.0001090948944693082,159,181,1.8746567720760374,0.07038181263706117,14,0
340,120,2,0.6524941145446393,0.5014681293049545,-164.1007977143626,325.77692970926523,7.692709607454162e-05,160,181,1.8707620629899768,0.021872614593816175,10,0
341,120,1,0.6520467836257239,0.5014640057235221,-148.0850331548571,326.7553099290841,0.0001081343406212909,160,182,1.872875085394178,0.03057278081239099,12,0
342,120,0,0.6516049176268479,0.5014595473078031,11.03678973025276,327.7337533646905,7.626121981729739e-05,161,182,1.876825886384971,0.39378571020306813,26,0
343,118,0,0.6511665399330058,0.5014554707509744,11.49738134335428,328.7121968002122,0.00010718852519175925,161,183,1.8742979118564915,0.19852002543643446,10,0
344,123,2,0.652173913043461,0.5014510651834316,-144.947293521894,329.6907029003005,7.560549909157999e-05,162,183,1.8751374293013925,0.0008644770861742073,18,0
345,124,1,0.6517355000739055,0.5014470348506744,-171.254837192815,330.66920900021574,0.00010625713002809789,162,184,1.876241257573693,0.07511219303884233,20,0
346,123,3,0.6513005185815041,0.5014426811964136,-172.8760176846215,331.6477772214144,7.495974261928495e-05,163,184,1.8773064167897202,0.058363792136173785,10,0
347,122,0,0.6522988505746935,0.5014386963052846,11.50282072513465,332.626345442482,0.00010533980014315603,163,185,1.878349487138974,0.19782756224850018,16,0
348,125,2,0.6518638377100369,0.5014343936513476,-163.7933161285479,333.6049752490413,7.432372683524591e-05,164,185,1.8745404096783842,0.0246747139428032,16,0
349,122,0,0.6514322008684255,0.5014304534369757,11.50549657454482,334.58360505576246,0.00010443627303402536,164,186,1.8804721032186325,0.19691834712277573,12,0
350,124,1,0.6524216524217057,0.5014262008917039,-155.657371893742,335.56229592018354,7.36971984451884e-05,165,186,1.8814101013289481,0.03458188609241486,16,0
351,121,0,0.6519899879276111,0.5014223046063045,11.50814382031072,336.5409867844927,0.00010354622747854592,165,187,1.8818242988840155,0.1960227027095196,12,0
352,129,5,0.65155807365436,0.5014181012987248,-174.1403120549845,337.5197381861895,7.308002398076496e-05,166,187,1.877788903630023,0.016035884779025757,10,0
353,126,2,0.6525423728813518,0.5014142482111219,-175.7922123167219,338.49848958791114,0.00010266936686775807,166,188,1.8839651494255083,0.03095406867070407,12,0
354,126,1,0.6521140061788621,0.5014104226362032,-128.7055133778071,339.4773010139111,7.246058214605e-05,166,189,1.8722943197200896,0.004687485047057828,10,0
355,125,1,0.6516853932584333,0.5014062826855111,-166.3370535838079,340.45611243982796,0.00010180540402870975,167,189,1.8862335396054473,0.04916195873084808,14,0
356,126,2,0.6512618106052837,0.5014024991449909,-154.2444920783393,341.43498338430965,7.184244765312542e-05,167,190,1.8788232666531166,0.014448200856787347,14,0
357,128,2,0.652235946057532,0.5013984064987647,-164.7463301534321,342.4138543287294,0.0001009541070970954,168,190,1.874764101719403,0.0049781831505373835,8,0
358,125,1,0.6518105849582162,0.5013946643030242,-175.3805250263341,343.39278429283377,7.123373825379531e-05,168,191,1.8780837894269031,0.06655530572856318,14,0
359,132,5,0.6513901749200818,0.5013906181544153,-189.8608916406718,344.3717142569821,0.00010011517167640704,169,191,1.866868207708078,0.03887503242558304,27,0
360,129,3,0.6523558593759426,0.5013869166288523,-182.1426099373897,345.3507027489523,7.063422339115277e-05,169,192,1.8700004640363679,0.0012948292884483379,16,0
361,127,1,0.651933701657466,0.5013829161892815,-142.4669608778245,346.3296912411293,9.928836431072341e-05,170,192,1.8878523228366813,0.011126360310501774,12,0
362,130,3,0.65151641764544,0.5013792546738964,-168.9130267821624,347.30873777588187,7.004366631235825e-05,170,193,1.8645330827922393,0.0008847764432196788,20,0
363,130,2,0.6524737962382795,0.5013752991725103,-154.2314918125896,348.28778431081304,9.847342005286919e-05,171,193,1.878990825806167,0.019029403435229273,20,0
364,128,1,0.6520547945205192,0.5013716770215236,-167.2322912389098,349.2668884101302,6.946190751477843e-05,171,194,1.8796942541830783,0.04132963559077675,14,0
365,129,2,0.6516405909488291,0.501367765704735,-181.9848272197031,350.2459925094444,9.767007117034154e-05,172,194,1.8645110301665255,0.06287045996913856,18,0
366,130,1,0.6525891593493032,0.5013641822862057,-186.684407222036,351.2251537013743,6.888876498578611e-05,172,195,1.8768750775020342,0.08158072293561021,16,0
367,130,2,0.6521739130435255,0.5013603144171948,-172.9595306091656,352.20431489332486,9.687813394521072e-05,173,195,1.8775760869360902,0.02365540121188538,14,0
368,129,0,0.651762745301266,0.5013567691126399,11.98989588501431,353.1835327124866,6.832400589473764e-05,173,196,1.8669586220092833,0.3800790647398805,16,0
369,130,1,0.6513513513513282,0.5013529439708846,-164.9343774055413,354.1627505316762,9.609730489046342e-05,174,196,1.883461869106303,0.032928682003067,12,0
370,128,0,0.6522911051213199,0.5013494361749358,11.99248761526712,355.14202451883307,6.776749182790809e-05,174,197,1.8755329289047311,0.1916040453159701,12,0
371,132,3,0.6518829295456889,0.5013456530557829,-179.528676096477,356.1212985060508,9.532743274576205e-05,175,197,1.869923143992818,0.025009025487079013,14,0
372,132,3,0.651474530831094,0.5013421821758318,-188.3613312179084,357.10062820825,6.721906140683132e-05,175,198,1.8708846936782775,0.029500720494286113,20,0
373,131,1,0.6524064171122049,0.5013384403900386,-126.2888712730954,358.07995791070044,9.456825273446157e-05,176,198,1.8721324519502989,0.001424668630188587,14,0
374,133,1,0.6520011909621576,0.5013350058459143,-175.6852796273544,359.05934288111536,6.66784837335399e-05,176,199,1.8733039308114041,0.04648497124140306,16,0
375,131,1,0.6515957446808982,0.5013313047192456,-163.7178567181338,360.03872785151236,9.381958301446502e-05,177,199,1.8778654833180548,0.02640844140224455,4,0
376,132,1,0.652519893899216,0.5013279059428677,-174.1522555146071,361.0181676491936,6.614564745177631e-05,177,200,1.8749981705966485,0.04140920633505698,12,0
377,134,2,0.6521175753299566,0.5013242448156835,-184.814352576015,361.9976074468752,9.308114493933317e-05,178,200,1.8763450661244263,0.0023336836355803393,18,0
378,137,6,0.6517150395778439,0.501320881250772,-209.9508766342082,362.9771016366055,6.56203728226501e-05,178,201,1.876818005009953,0.017216958804682297,13,0
379,135,2,0.6526315789473421,0.5013172594776307,-179.7350366952679,363.9565958264841,9.235281260089323e-05,179,201,1.8779524861144399,0.02785390746797994,20,0
380,134,1,0.65223212698637,0.501313930579386,-145.0047004758351,364.9361439787747,6.510250591418298e-05,179,202,1.8791377495649515,0.006377493436783048,14,0
381,132,1,0.651832460733031,0.5013103475286818,-178.4385943599558,365.9156921312439,9.16343777248585e-05,180,202,1.880227511158443,0.043866588455817764,14,0
382,134,0,0.6514371679665488,0.5013070527634971,12.00750208341583,366.8952938224332,6.45918934196743e-05,180,203,1.8808274144212542,0.3729739170238463,22,0
383,134,0,0.6523448888833244,0.5013035078170591,11.54695388597275,367.8748955138478,9.092556240375416e-05,181,203,1.8818536808826956,0.18786692037367098,14,0
384,135,3,0.6519480519480536,0.5013002466622284,-191.6288900041953,368.8545503256627,6.4088423641806e-05,181,204,1.8825170410874166,0.051967059164568834,10,0
385,138,3,0.6515555242322565,0.5012970069645134,-208.1210899979161,369.8342051374872,9.022309194506306e-05,181,205,1.8781304050894447,0.0347607266392276,28,0
386,135,1,0.65245590264095,0.5012935111584491,-182.6082886649642,370.81391265713916,6.359184021675901e-05,182,205,1.8843301761996774,0.04640079152769761,10,0
387,133,0,0.6520618556701271,0.5012903042368877,12.47419325589104,371.79362017668683,8.951831824788314e-05,182,206,1.8852517025724898,0.1872794351783361,18,0
388,138,1,0.6516720550540606,0.5012868451581234,-205.5116999308217,372.77337999646073,6.310217918326089e-05,183,206,1.8840541777536761,0.05960208552084073,14,0
389,135,0,0.6525652085988081,0.5012836705174111,12.47673533951038,373.7531398162857,8.882309333557714e-05,183,207,1.8827105617120539,0.18650773482339156,12,0
390,140,3,0.6521739130434352,0.5012802475897346,-196.561470166459,374.7329515341218,6.261915621053049e-05,184,207,1.8814032186211458,0.05528790347260287,20,0
391,138,1,0.6517868023405261,0.5012771047445144,-186.6645218337678,375.71276325169276,8.813735473722772e-05,184,208,1.8821025780610467,0.04901161154947466,12,0
392,138,2,0.6526728458647723,0.5012737174037029,-183.5809728213462,376.69262647023777,6.214267472159918e-05,185,208,1.8787603656441108,0.03278610245208045,10,0
393,139,1,0.6522842639593933,0.5012706058783044,-169.4574211390917,377.6724896886475,8.746081641675119e-05,185,209,1.8735246215390216,0.021276812711629317,12,0
394,136,0,0.6518998067273704,0.5012672535718374,12.02165487317203,378.65240401574783,6.167261528844392e-05,186,209,1.888570627490832,0.3677107897008517,14,0
395,136,0,0.6515151515151482,0.5012641729000282,12.48421643522272,379.63231834269794,8.679336514205716e-05,186,210,1.880849885098408,0.18517770758019197,18,0
396,143,2,0.6523929471032496,0.5012608550867695,-198.326159776973,380.61228339105685,6.120890117244926e-05,187,210,1.8754516874301665,0.002827535198639376,20,0
397,139,2,0.6520111076249605,0.5012578048115425,-202.972254337389,381.5922484394726,8.6134794685222e-05,187,211,1.8802055282754013,0.04581129084891156,18,0
398,136,0,0.6516290726817368,0.5012545209614442,12.02619366626035,382.57226382706955,6.075131926763788e-05,188,211,1.8788719926424606,0.18452330413878595,10,0
399,141,2,0.6512510405351236,0.5012515006347893,-186.4693288684867,383.55227921455986,8.548496094817892e-05,188,212,1.873467623009768,0.03091263305472565,14,0
400,138,1,0.6521207432644007,0.5012482502286181,-207.8460409001985,384.53234456344853,6.029981005895024e-05,189,212,1.8803288702069425,0.07741687290983337,16,0
401,140,1,0.6517412935323509,0.5012452594112774,-184.821201855925,385.5124099125059,8.484366219363437e-05,189,213,1.872820084341726,0.03644714998053782,14,0
402,142,2,0.6513657903035316,0.5012420419403468,-200.0517049411257,386.49252485027336,5.9854239623291505e-05,190,213,1.873494537531344,0.05490411905812663,16,0
403,139,1,0.652228750741331,0.5012390802016164,-204.9546002872993,387.4726397878988,8.421076478271061e-05,190,214,1.8721398993522755,0.07091289476198143,10,0
404,144,2,0.651851851851851,0.5012358951675019,-209.1757865480263,388.45280394607977,5.941449870761062e-05,191,214,1.8713530154995879,0.04317691060102364,18,0
405,142,0,0.6514788443484479,0.5012329620850435,12.49622129028316,389.4329681042808,8.358611211178868e-05,191,215,1.8722440346759863,0.3642610203191017,18,0
406,140,1,0.6523351660576433,0.5012298089993369,-223.2891051288016,390.4131811191164,5.89804818673656e-05,192,215,1.8730199038354107,0.036019629291168066,11,0
407,147,0,0.6519607843136539,0.5012269041589428,12.49855560699888,391.39339413409493,8.296948658426118e-05,192,216,1.8726730550206154,0.18260105466907975,14,0
408,148,4,0.6515902399823751,0.5012237825429994,-205.1946099039062,392.37365564648724,5.855204307181339e-05,193,216,1.8734814143077938,0.034345978598759534,18,0
409,141,2,0.6512195121952038,0.501220905538416,-209.7381452495826,393.3539171587888,8.236084386226139e-05,193,217,1.8745478241049227,0.04553497004477847,10,0
410,148,2,0.6520681265206629,0.5012178149231183,-211.3743240792456,394.3342268139811,5.81291257049088e-05,194,217,1.8753373656481733,0.030577256191544118,14,0
411,144,0,0.6517000134312566,0.5012149653558572,12.50316002557835,395.3145364689146,8.175996759973714e-05,194,218,1.876490322209722,0.3600498818080573,22,0
412,140,0,0.6513317191282917,0.5012119052813591,12.04142375837716,396.29489391624116,5.771161801249036e-05,195,218,1.8772964773718348,0.181265352396596,8,0
413,148,3,0.6509671527363483,0.5012090827604944,-218.91191572914,397.27525136340546,8.116672643154743e-05,195,219,1.878005359446843,0.02745346466130763,10,0
414,146,3,0.651808199873574,0.5012060527760167,-210.1869735345391,398.25565625628184,5.729941153731488e-05,196,219,1.8773984771156718,0.047960687341563,18,0
415,145,2,0.6514423076922478,0.5012032569180306,-196.2134891492557,399.23606114925116,8.058099183472223e-05,196,220,1.8799423432439593,0.020996487058909608,14,0
416,146,1,0.6510800928156872,0.5012002565816224,-168.2104492387566,400.2165131459815,5.6892381735451636e-05,197,220,1.8810278640142775,0.009703380123141968,14,0
417,149,5,0.6519148334778057,0.5011974870102255,-508.1328516774931,401.1969651423918,8.000259640539298e-05,197,221,1.8738724569427936,0.0004858325744322889,16,0
418,147,0,0.6515513126491975,0.5011945158885598,12.04765563836236,402.1774639046498,5.649047687938946e-05,198,221,1.882854253633032,0.1800436426936048,18,0
419,147,1,0.6511914195396367,0.5011917722344926,-207.0978148635276,403.15796266662045,7.943145567423926e-05,198,222,1.883352889643763,0.05716198816413868,24,0
420,146,2,0.652019947438574,0.5011890451661742,-212.2336110322312,404.13850786034703,5.608890114672249e-05,198,223,1.8834039986132929,0.04480181451402731,8,0
421,150,1,0.651658767772547,0.5011861118035608,-216.6818800552968,405.1190530540645,7.886739444984414e-05,199,223,1.884934754744839,0.07392705315020828,16,0
422,149,1,0.6513011672335567,0.5011834100615393,-183.2819730148634,406.09964434904344,5.5685481981981866e-05,199,224,1.8856348362900772,0.019781186067026748,14,0
423,144,0,0.6509458597919456,0.5011805049450845,12.51648017518858,407.0802356441415,7.831031001614974e-05,200,224,1.8864474285413109,0.1787632350441628,16,0
424,151,0,0.6517647058824205,0.5011778281779204,12.98008119681236,408.0608727144635,5.528725625936204e-05,200,225,1.8872340677232926,0.17884637052957125,16,0
425,151,3,0.6514093692558716,0.5011749509012984,-212.4818041082842,409.04150978476815,7.776009084636826e-05,201,225,1.8821241841228544,0.04713362135520396,26,0
426,149,1,0.6510562953726391,0.501172298764031,-217.2601152785506,410.0221923080946,5.489409170422732e-05,201,226,1.885922319307201,0.06868077500770707,16,0
427,152,1,0.6518691588785295,0.5011694489286853,-239.0573736781811,411.00287483126505,7.72165757325638e-05,202,226,1.8848245781852297,0.02987618245811622,17,0
428,152,3,0.6515160580320888,0.5011668210826697,-222.978709046278,411.9836024887888,5.45059132264214e-05,202,227,1.8627579534738894,0.0284278729378815,14,0
429,147,0,0.6511627906976223,0.501163998297614,12.52287629242818,412.964330146434,7.667968179703166e-05,203,227,1.891056595755043,0.17759098095534,16,0
430,152,1,0.6519721577725897,0.501161394410407,-198.8735616132586,413.9451026232919,5.412262709114657e-05,203,228,1.879870273260955,0.03338181565348252,20,0
431,152,2,0.6516212650869327,0.5011585982920624,-247.3816639185569,414.9258751001534,7.614927727672693e-05,204,228,1.8692005292361453,0.017292440069974758,14,0
432,152,1,0.6512702078521923,0.5011560180372596,-196.9261312562773,415.9066920851096,5.3744137346711796e-05,204,229,1.8877392070439492,0.02976667620653324,22,0
433,153,2,0.650922540569374,0.5011532482092618,-223.8022698532507,416.8875090703001,7.562523660453735e-05,205,229,1.879792652238597,6.486345276090505e-05,12,0
434,151,0,0.6517250210755646,0.5011506912663478,12.99139214173576,417.8683702559012,5.3370362877558364e-05,205,230,1.8738948851521728,0.17636215113727097,14,0
435,154,1,0.6513761467889414,0.5011479473593904,-175.0400509539679,418.8492314413681,7.51074844060895e-05,206,230,1.8860557826149755,0.007876146253074947,18,0
436,154,2,0.6510306185519824,0.5011454134136493,-218.04753545189,419.83013652332585,5.300122467133406e-05,206,231,1.876473427411873,0.05238249728835925,14,0
437,155,1,0.6518273558132078,0.501142695065313,-222.8070287118699,420.811041605342,7.459585270908065e-05,207,231,1.875351619890147,0.06721560284590626,12,0
438,153,0,0.6514806378132227,0.501140183807656,12.99578008799122,421.79199028278555,5.263658636067703e-05,207,232,1.8861259311885337,0.17587516766761213,16,0
439,155,2,0.6511372228055399,0.5011374906622563,-206.2291353927214,422.77293896046604,7.409030177996101e-05,208,232,1.8731378452637328,0.02801348678146956,12,0
440,157,1,0.6519282983038533,0.5011350017891164,-230.1505009676931,423.75393093667776,5.227643885064026e-05,208,233,1.8712887324400094,0.07713832255113266,21,0
441,155,1,0.6515837104072782,0.5011323334975293,-218.2484129692458,424.73492291268985,7.359072583312809e-05,209,233,1.8774665383509483,0.05491265751384704,12,0
442,156,4,0.6512423832692091,0.5011298667107407,-236.5112689608412,425.7159578932555,5.1920685280038015e-05,209,234,1.8727112424793293,0.04318992534032516,22,0
443,160,2,0.6520278767677644,0.5011272229302843,-227.7567234004489,426.6969928741291,7.309698833068978e-05,210,234,1.8739187278558256,0.0018551937353033132,12,0
444,158,1,0.6516853932583946,0.5011247779369493,-229.4291243707005,427.6780705687138,5.156922782134643e-05,210,235,1.874677931638264,0.07121792088069837,24,0
445,156,2,0.6513461290766652,0.501122158331201,-260.2145419374053,428.6591482635593,7.26089766089899e-05,211,235,1.875323693943336,0.008151493184106523,9,0
446,159,2,0.6510089290861742,0.5011197348435837,-243.4423978938548,429.64026838478117,5.1222007755313825e-05,211,236,1.8768732941773405,0.004770021986394039,16,0
447,159,3,0.6517857142856894,0.5011171390822607,-223.7548702633648,430.6213885061536,7.212664780809064e-05,212,236,1.877044277941874,0.045342006901360775,12,0
448,156,1,0.6514484885831823,0.5011147368176744,-228.5007920263741,431.6025507701091,5.087894413691174e-05,212,237,1.8778773529436086,0.06570704482155433,14,0
449,160,2,0.6511133011336018,0.5011121645764819,-230.2137131220402,432.58371303394887,7.164988960539631e-05,213,237,1.8789419145076613,0.0050025377502139305,22,0
450,158,1,0.6518847006652498,0.5011097832571739,-234.2165489313937,433.5649171596134,5.053995710113668e-05,213,238,1.8794149767871777,0.07484175303895473,18,0
451,160,2,0.6515494893910815,0.5011072342176828,-235.860186541607,434.5461212852286,7.117857308003295e-05,214,238,1.8802542137696445,0.02107883559649064,18,0
452,160,1,0.6512162909160835,0.5011048735707331,-177.8618356308454,435.5273669946345,5.020498059593592e-05,214,239,1.8811003535925352,0.005242985825345619,10,0
453,158,1,0.6519823788546305,0.5011023474202342,-229.1170053693362,436.5086127041064,7.07126357042398e-05,215,239,1.8814787329764653,0.06100196371421493,18,0
454,160,0,0.6516491583747577,0.5011000071774397,13.01260089899162,437.4898997224103,4.987395885791557e-05,215,240,1.8825762183869754,0.17243878755535624,24,0
455,162,3,0.6513179257127261,0.5010976800188693,-235.2047293667135,438.47118674080593,7.024660538945682e-05,215,241,1.8806344399846275,0.00895732922734208,16,0
456,157,1,0.6520787746171027,0.5010951835066031,-213.3510651826904,439.4525147964365,4.9546804689271084e-05,216,241,1.8794212095946818,0.03365726424171468,16,0
457,163,1,0.6517475217046023,0.501092876321822,-240.4905679250715,440.43384285217877,6.978219875009017e-05,216,242,1.8800749748584584,0.07904485623819903,17,0
458,166,6,0.6514161220043513,0.5010904019975436,-258.1946994494036,441.41521167605964,4.9223463065573014e-05,217,242,1.8752202183006537,0.019825830769284965,18,0
459,160,2,0.6521739130434868,0.5010881145303147,-234.3388696638522,442.39658050013094,6.932314084906466e-05,217,243,1.8722485913786757,0.03949995640042766,16,0
460,162,0,0.651844604869607,0.5010856620993367,13.01862327976454,443.37798982698195,4.890386458100693e-05,218,243,1.887089525808204,0.17138577074210937,18,0
461,163,1,0.6515151515151224,0.5010833940977977,-201.7967037284502,444.3593991534478,6.886937359240619e-05,218,244,1.8789788538569918,0.017790693614394025,18,0
462,162,1,0.6511886812141181,0.5010809632706438,-241.7203572183124,445.340848719617,4.8587959895485255e-05,219,244,1.8777773011948473,0.07348268352726525,14,0
463,165,1,0.6519404326998219,0.5010787144872186,-229.9515365699759,446.3222982859314,6.842079238822407e-05,219,245,1.880331006786048,0.052509005638813944,16,0
464,164,2,0.6516129032258494,0.5010763049794869,-235.0294789676203,447.3037878313246,4.827563702747284e-05,220,245,1.8753552170067267,0.04143299620185251,8,0
465,166,1,0.6512883205389527,0.5010740751707573,-239.4243225307684,448.2852773769285,6.79772658145339e-05,220,246,1.8760068866850577,0.0674063565573135,20,0
466,164,0,0.6520350293869837,0.5010716867030125,13.02449881781132,449.2668066445232,4.796691393949004e-05,221,246,1.8826510531850105,0.17035186823081397,20,0
467,161,0,0.6517094017093826,0.5010694756296795,13.48995986971983,450.24833591218083,6.753882814791723e-05,221,247,1.8754353729495332,0.1704237719396356,18,0
468,166,2,0.6513866852082142,0.5010671079273732,-246.4225992537441,451.22990464711756,4.7661677115229395e-05,222,247,1.874229162346413,0.01672878284688926,16,0
469,167,1,0.6521284185055567,0.5010649153541341,-248.0536761667199,452.2114733820721,6.710531744147374e-05,222,248,1.8730005552024995,0.0775191458137102,26,0
470,161,2,0.6518046709129234,0.5010625681474511,-240.318987572881,453.19308133241225,4.735987175763512e-05,223,248,1.8699443125137252,0.038660309562813105,2,0
471,166,1,0.6514837995259973,0.5010603938429411,-222.1396112839547,454.17468928290737,6.667663103598898e-05,223,249,1.8802388159930061,0.034372982940085395,20,0
472,168,1,0.6522206230316384,0.5010580668667448,-246.0541827929406,455.1563361995807,4.7061492296052165e-05,224,249,1.8730999735941396,0.07117147505211951,18,0
473,164,1,0.6518987341772167,0.5010559106034285,-220.7015616596554,456.13798311605666,6.625271856819381e-05,224,250,1.8702170673545688,0.030764926881859188,12,0
474,171,5,0.6515796871824782,0.5010536035971276,-263.4385808129378,457.119668752322,4.676636626754771e-05,225,250,1.8725220777095186,0.04884724653902202,14,0
475,167,1,0.6512624638316833,0.5010514651512508,-218.9309640070815,458.10135438846265,6.583357162526227e-05,225,251,1.8703963685982454,0.02750601769659934,16,0
476,169,2,0.6519916142558116,0.501049177858712,-245.4739940234135,459.08307850012307,4.6474612247493496e-05,226,251,1.8710045668883302,0.02116118839535799,20,0
477,167,0,0.651674371273022,0.5010470570101959,13.50008694129301,460.06480261190836,6.541900665979483e-05,226,252,1.88046286058243,0.3346894844880826,18,0
478,167,0,0.6513589303802124,0.5010447891796622,13.03583031416017,461.0465649577378,4.6186047597984725e-05,227,252,1.8729418930595807,0.16833913698821756,18,0
479,175,6,0.652083333333363,0.5010426857120506,-252.5032250579265,462.0283273036161,6.50090121894209e-05,227,253,1.8733352446155191,0.009083427367022879,18,0
480,172,2,0.6517678743168334,0.5010404370960203,-244.6768156474295,463.0101276445549,4.590060939335672e-05,228,253,1.8744474063614742,0.037514169089053216,12,0
481,167,0,0.6514541962151517,0.5010383507963831,13.50402618207048,463.99192798544476,6.460352204840092e-05,228,254,1.8752285905781503,0.16784703350692043,20,0
482,171,1,0.6521739130435125,0.5010361211515388,-212.1907542242415,464.9737660850581,4.5618358910815004e-05,229,254,1.8761059136668183,0.01708564298532827,20,0
483,172,1,0.6518602182748767,0.5010340518104172,-252.1911930322608,465.9556041845101,6.420237662041473e-05,229,255,1.8767058387424211,0.06931236578298731,18,0
484,167,1,0.6515482836160073,0.5010318408975526,-240.320763848668,466.93747980870916,4.5339113171394274e-05,230,255,1.8774664152119294,0.04966864298073468,14,0
485,173,3,0.65226337448553,0.5010297883088914,-245.4652168503701,467.91935543289276,6.380563542052187e-05,230,256,1.8783098528038091,0.013254169185662792,14,0
486,173,2,0.6519514245669034,0.5010275958927831,-258.7770080106094,468.9012683501444,4.5062946128382464e-05,231,256,1.8789799370414113,0.06358799987663888,22,0
487,167,0,0.6516393442622922,0.5010255598538402,13.50982013896095,469.8831812670836,6.341312780477892e-05,231,257,1.8796563500505103,0.16687567026803282,6,0
488,171,0,0.6523517382413383,0.5010233857032041,13.04486912731397,470.86513124815787,4.478972613242149e-05,232,257,1.8806447479697428,0.16694386981977266,22,0
489,173,1,0.6520415140882936,0.5010213660145066,-257.0637339726539,471.84708122869364,6.302484104026007e-05,232,258,1.88112972035553,0.0725720812535323,22,0
490,170,1,0.6517311608961487,0.5010192099018979,-258.7298661155468,472.82906804651105,4.451947216921326e-05,233,258,1.8820150311195212,0.07300864887910129,12,0
491,171,2,0.6514234529452578,0.5010172063671642,-250.9187556959974,473.8110548639535,6.264067951633479e-05,233,259,1.8825765704867319,0.036648538709510466,14,0
492,174,3,0.6521305072255191,0.5010152132108998,-255.0483004498627,474.79307829373454,4.424965294447247e-05,233,260,1.8823891593174673,0.014410611799792413,20,0
493,175,3,0.6518218623481637,0.5010130804949813,-256.7610172088221,475.77510172361787,6.22606228262157e-05,234,260,1.883896347405907,0.0015141739686211745,10,0
494,176,1,0.6515158324090131,0.5010111031769856,-231.2149236548214,476.7571615430399,4.3977951179385855e-05,234,261,1.8811320610248585,0.029230677026508393,26,0
495,174,2,0.6522184238721577,0.5010089879878712,-249.9486892294594,477.73922136256095,6.188459195755058e-05,235,261,1.884208045513561,0.00602893531962064,18,0
496,176,2,0.6519114688128773,0.5010070263199986,-263.4554392914632,478.7213173517572,4.370922169982805e-05,235,262,1.8821667560107578,0.009715146617198817,18,0
497,179,2,0.6516070989050725,0.5010049284423865,-265.0954196838823,479.70341334115335,6.151246134322719e-05,236,262,1.8781042418684966,0.06188647253078615,19,0
498,172,1,0.6523052834432332,0.5010029822394398,-270.5660910034709,480.6855452821963,4.34433883924612e-05,236,263,1.8801330864667858,0.0684531790215937,12,0
499,178,2,0.6520000000000176,0.5010009014615405,-261.7314387542586,481.66767722333435,6.114430976822405e-05,237,263,1.8806537206198712,0.013537983363945186,18,0
500,181,3,0.6516972724262976,0.5009989705412512,-250.620107527594,482.64984490055167,4.318045540685489e-05,237,264,1.8736282260858634,0.02724086969297673,14,0
501,175,2,0.6523911048895976,0.5009969066547192,-255.4979956881548,483.6320125777521,6.0779921113862656e-05,238,264,1.880147522124535,0.03550771429849817,14,0
502,176,0,0.6520874751490955,0.5009949908376665,13.98938411631758,484.61421577764384,4.292036703645863e-05,238,265,1.882269630031118,0.1645193537490445,12,0
503,182,3,0.6517863724896682,0.5009929436375262,-269.6783485309749,485.59641897727306,6.0419365127017954e-05,239,265,1.8735781145860795,0.0035360395454857073,26,0
504,178,1,0.6524759067121327,0.500991042747078,-235.5302633947196,486.57865748821337,4.266306734734826e-05,239,266,1.8801986826531933,0.02834523345382623,24,0
505,178,2,0.6521739130434868,0.5009890120316648,-254.5285509667322,487.56089599914145,6.0062483441924996e-05,240,266,1.8776061124141945,0.04159406291780223,18,0
506,179,4,0.6518744181499698,0.500987125893966,-280.7109711652428,488.5431696117097,4.240853502324171e-05,240,267,1.8765701065370677,0.01468047354915435,14,0
507,176,1,0.6515748031496184,0.5009851114648547,-241.8316603275383,489.5254432244344,5.9709313404709974e-05,241,267,1.8851376801347048,0.033108661021099654,16,0
508,176,0,0.6522593320236139,0.5009832399086994,13.99510370460771,490.5077517314699,4.215671930296594e-05,241,268,1.8824337195399474,0.1636044527958613,20,0
509,177,1,0.6519614280138076,0.5009812415706248,-266.5029465758732,491.49006023871334,5.9359702845540596e-05,242,268,1.8813690617460403,0.06777044053821804,16,0
510,182,5,0.651663405088053,0.500979384427483,-255.2187819853945,492.47240343487846,4.190754992805523e-05,242,269,1.8709814424111293,0.008576204761485146,10,0
511,181,2,0.652343749999979,0.5009774019883082,-260.1740952468145,493.4547466313925,5.901368479044322e-05,243,269,1.8729805833006226,0.020458561099620503,22,0
512,178,2,0.65204742025249,0.5009755590922246,-272.9471909004799,494.43712431347944,4.166099847680016e-05,243,270,1.8719658679050366,0.062216648844544975,20,0
513,180,1,0.6517509727626133,0.5009735923628544,-274.5845553428848,495.41950199577866,5.867119341473881e-05,244,270,1.875587473634704,0.07744918187287414,12,0
514,181,0,0.6524271844660468,0.5009717635504006,14.00069671670627,496.40191396277385,4.141699128012988e-05,244,271,1.871607543224542,0.16270468291828444,16,0
515,180,3,0.6521324126149146,0.5009698123447158,-259.2023553525756,497.3843259295401,5.83321459544095e-05,245,271,1.873680153916328,0.040234043387985974,12,0
516,184,4,0.6518375241779577,0.5009679974549842,-273.1327449066699,498.36677198188846,4.1175585351993504e-05,245,272,1.872929257375941,0.010710840534823018,12,0
517,184,1,0.652509652509691,0.5009660615898215,-265.6899287716976,499.3492180341127,5.7996520013148256e-05,246,272,1.8737205978899887,0.057780035504323514,20,0
518,180,1,0.6522164224393423,0.5009642604643214,-269.6455214356909,500.33169797437046,4.0936649156719795e-05,246,273,1.8756560662650688,0.06505120021513434,18,0
519,184,2,0.6519230769230536,0.5009623397593669,-307.7356952676491,501.3141779146167,5.7664224755171745e-05,247,273,1.8751847338417886,0.017598576935054767,20,0
520,187,1,0.6525911708252918,0.5009605522420146,-259.9090721217943,502.2966915470803,4.070022299629272e-05,247,274,1.8759022559712686,0.04719685812904349,12,0
521,180,0,0.6522994666656261,0.5009586465197836,13.54025672399126,503.2792051797073,5.733522880291275e-05,248,274,1.877646395639657,0.1612593482871514,16,0
522,186,2,0.652007648183539,0.5009568724568585,-277.9381298457188,504.26175231110795,4.0466197731348075e-05,248,275,1.8772864181738893,0.06007321828870337,20,0
523,189,3,0.6517181658410431,0.5009549815426171,-284.8345874868994,505.2442994425384,5.700947787090627e-05,249,275,1.8779862941074983,0.010056939169064614,24,0
524,182,1,0.6523815618464949,0.500953220782685,-235.8301176572291,506.2268798810423,4.023456199320208e-05,249,276,1.8788013042427232,0.017880564378662672,20,0
525,185,3,0.6511412856212728,0.5009513445044211,-276.421309985133,507.20946031943544,5.668702618777388e-05,250,276,1.8793137058713283,0.0388962056784518,16,0
526,185,1,0.6518032586324177,0.5009495968983348,-268.7388580169871,508.1920738745604,4.0005280709465296e-05,250,277,1.8800291601847834,0.05544485059276692,14,0
527,182,1,0.6515151515152255,0.5009477350866777,-250.8831096719611,509.1746874303021,5.6367667752965644e-05,251,277,1.8809356458572344,0.031012246892128656,20,0
528,185,1,0.6512293282862812,0.500946000487491,-274.5947455468273,510.1573339144891,3.977827202561457e-05,251,278,1.8813879789316936,0.06278051107387875,16,0
529,187,2,0.6518873881389551,0.5009442742585349,-284.2639509043575,511.139980398798,5.605097419447702e-05,251,279,1.8820969917545178,0.06314856581444786,24,0
530,186,4,0.651600753295741,0.5009424312386617,-290.2067298662707,512.1226596257068,3.955363604291051e-05,252,279,1.8827675883425292,0.03602759515632768,13,0
531,187,1,0.6513163780177494,0.5009407177798154,-281.3492713778953,513.105338852403,5.573204123265896e-05,252,280,1.8834216936120627,0.07130195894361746,20,0
532,188,3,0.6519705706257788,0.5009388888450074,-302.2668077277259,514.0880506369421,3.933120979127125e-05,253,280,1.8840160529409102,0.04385381667636197,11,0
533,188,2,0.6516853932583688,0.5009371880150156,-231.2109553566177,515.0707624215795,5.541630207517301e-05,253,281,1.8846916247519583,0.009788164448223686,12,0
534,191,2,0.651402451518767,0.5009353730043353,-240.2915835712971,516.0535065812503,3.9111010551096115e-05,254,281,1.8853291902575662,0.007376500131402766,22,0
535,190,3,0.6511209467084652,0.5009336846640039,-281.4911494757561,517.0362507407143,5.510373591732787e-05,254,282,1.8824497395153648,0.03758261657541185,22,0
536,191,3,0.6517690875233011,0.5009318834189537,-314.7315528137141,518.0190270941937,3.8893002169970714e-05,255,282,1.8841028097300112,0.024020405302900786,18,0
537,194,3,0.6514875651200546,0.5009302074311369,-299.4689040093418,519.0018034473192,5.479421156451281e-05,255,283,1.8832487953055392,0.015617384041703703,23,0
538,189,2,0.6512074645569212,0.5009284197956085,-287.821509095015,519.9846118147589,3.8677169186485116e-05,256,283,1.8849434122041462,0.06056004967822834,18,0
539,189,2,0.6518518518518768,0.500926756025146,-289.4784275289391,520.967420182604,5.448773492844339e-05,256,284,1.8802642978014452,0.020835395021958587,14,0
540,194,2,0.6515717347898833,0.5009249818453976,-272.873443530686,521.9502603864636,3.846349329705845e-05,257,284,1.8751058844362343,0.009186835663191556,26,0
541,188,1,0.6512930247145905,0.5009233301591239,-286.5194611533362,522.9331005901963,5.418422449565696e-05,257,285,1.882340105692258,0.06875086606596828,12,0
542,193,1,0.651933701657453,0.5009215692837133,-279.2882881308724,523.9159724540599,3.825185137884546e-05,258,285,1.8789349237404225,0.05592262161117223,26,0
543,191,0,0.6516549761443775,0.5009199295503648,14.49308003062418,524.8988443180731,5.388369254433201e-05,258,286,1.88187758654213,0.3140289858195728,16,0
544,192,2,0.6513776429954902,0.5009181818301188,-284.9074377139589,525.8817476678754,3.804228902026807e-05,259,286,1.8836230342616218,0.04053584965426367,12,0
545,197,4,0.6520146520146873,0.5009165539203352,-294.1358414851438,526.864651017401,5.358605108085612e-05,259,287,1.865778502752313,0.019397025406402993,14,0
546,192,1,0.6517373044572092,0.500914819208297,-295.7689383439731,527.8475856793995,3.7834786553503363e-05,260,287,1.881859394110911,0.07864287590583963,17,0
547,192,2,0.6514598540146059,0.5009132029945917,-282.9794339624219,528.8305203415196,5.3291323297344206e-05,260,288,1.8796797241155405,0.028983070698592947,6,0
548,197,3,0.6520947176684696,0.5009114811460025,-335.8363373054383,529.8134861446214,3.762928736250615e-05,261,288,1.8787960782641975,0.002160551246655754,22,0
549,191,1,0.651818734668542,0.5009098765026991,-272.5335815054186,530.7964519479366,5.299936992742005e-05,261,289,1.8792107264079987,0.042194815188165605,18,0
550,196,4,0.6515426497277824,0.5009081673749186,-290.0585196077055,531.7794487224583,3.742576382137486e-05,262,289,1.8757880226007737,0.013632397510448375,16,0
551,197,3,0.6512686624034244,0.5009065741781418,-321.2985221128486,532.762445496875,5.271027566777775e-05,262,290,1.8774540590783952,0.006744147195174903,25,0
552,191,0,0.65189928139462,0.5009048776306525,14.03343282167634,533.7454730745114,3.722416659002192e-05,263,290,1.8805010413216743,0.15657072929457883,18,0
553,193,1,0.6516245487365245,0.5009032957582976,-288.3705813698858,534.728500651996,5.242384020220925e-05,263,291,1.8782901562980414,0.06057086804257858,20,0
554,200,4,0.6513518922784765,0.5009016116526306,-297.8944151237569,535.7115588652946,3.7024481684966304e-05,264,291,1.8748325170828126,0.016280450429939523,20,0
555,195,3,0.6519789589360129,0.500900040984311,-304.8055561679511,536.6946170790941,5.214021985011641e-05,264,292,1.873045349768955,0.04946440452654274,13,0
556,197,2,0.6517055655297083,0.5008983691840285,-295.0950355073921,537.6777057635857,3.682674343963299e-05,265,292,1.8743472650842588,0.05563180160462222,24,0
557,200,2,0.6514342272325215,0.5008968096010711,-296.8003950660865,538.6607944478113,5.185922066175408e-05,265,293,1.8743606560582717,0.014671580957681844,28,0
558,194,1,0.6520577812865088,0.5008951499717359,-321.4721789915055,539.6439134394959,3.663080440219346e-05,266,293,1.8791594612851383,0.03789768974312594,14,0
559,202,5,0.6517857142856894,0.5008936013571318,-293.6445405030212,540.6270324308647,5.158088367807068e-05,266,294,1.8755829414019707,0.01951049683197824,18,0
560,200,2,0.6515156816222201,0.5008919537662275,-285.9019835624176,541.6101815668292,3.643682930487557e-05,267,294,1.876328755065758,0.03244770830949342,22,0
561,195,1,0.6521357621409477,0.5008904160046057,-268.0347601611526,542.5933307029507,5.130512704454304e-05,267,295,1.8771019213852096,0.029008648471965267,14,0
562,203,4,0.6518650088809989,0.500888780321574,-320.6576518192751,543.5765098228637,3.624458076956216e-05,268,295,1.877698030871131,0.044250405992705945,21,0
563,201,4,0.6515962694989151,0.5008872532991926,-325.6876521855148,544.5596889427147,5.103198952838284e-05,268,296,1.8781845976059965,0.0006962193027361348,14,0
564,198,2,0.6522129149034053,0.500885629395324,-285.2056557805879,545.5428978868606,3.605415167839965e-05,269,296,1.8789516894662386,0.04231774801523612,16,0
565,202,3,0.6519434628975307,0.5008841130000047,-298.8040258646129,546.5261068308769,5.076136051229696e-05,269,297,1.8796469779099314,0.01816054054202665,22,0
566,198,2,0.6516760046164232,0.5008825007484511,-300.5341585758476,547.5093454411797,3.5865464951712056e-05,270,297,1.8801571919207118,0.05359988047774965,16,0
567,201,2,0.6514098285438384,0.5008809948695954,-341.075323849698,548.4925840512566,5.049318906458211e-05,270,298,1.880861383956418,0.014674287735060331,23,0
568,204,4,0.6520210896309568,0.5008793941453376,-318.9510753965505,549.4758521711742,3.5678603467204084e-05,271,298,1.8814188512451504,0.0039148989314989275,21,0
569,199,3,0.6517549004390327,0.5008778986738553,-289.2677397942015,550.4591202909113,5.0227558745064016e-05,271,299,1.8819999139571968,0.0349606417986586,16,0
570,201,2,0.6514899807293808,0.5008764099108648,-308.159035876897,551.44241776475,3.549161931459821e-05,271,300,1.880691315202508,0.012799888390102217,18,0
571,203,2,0.6520979020979693,0.500874824181952,-344.421277297081,552.4257152388335,4.9964331310548005e-05,272,300,1.8832323541029308,0.015260115284710326,21,0
572,199,2,0.6518329701491813,0.5008733456502111,-324.700781462812,553.4090419129537,3.530352228153788e-05,272,301,1.8838553795968132,0.0536901476387438,20,0
573,204,2,0.6515692951443075,0.5008717711662967,-285.1023280066449,554.392368587163,4.9703557806424215e-05,273,301,1.8807738701513963,0.011524434769513116,14,0
574,202,2,0.6521739130434352,0.5008703027606455,-302.5570199398198,555.3757243089315,3.511723502924724e-05,273,302,1.881288701141485,0.04565803958297113,18,0
575,201,3,0.6519102266544518,0.500868739402476,-295.1245353016333,556.359080030656,4.944507395521214e-05,274,302,1.8803341126467885,0.017558390881798523,16,0
576,207,0,0.6516477848553812,0.5008672810191812,14.98851558205854,557.3424646488373,3.493267479370843e-05,274,303,1.8838246546650714,0.15348295761257483,24,0
577,202,3,0.6522491349480823,0.5008657286691742,-753.8660305890537,558.3258492670074,4.9188982075065724e-05,275,303,1.8799098328336727,0.00074690120749031,20,0
578,206,5,0.6519866825951894,0.5008642802059167,-310.4781034970105,559.3092626310656,3.474982838724827e-05,275,304,1.8746528883086555,0.005986616596000743,24,0
579,207,2,0.6517241379310512,0.5008627387481617,-312.1636719977919,560.2926759955723,4.893521327176131e-05,276,304,1.8879711523817555,0.047379636174324634,12,0
580,204,4,0.6523235800345256,0.5008613001040221,-307.7277512700608,561.2761179577757,3.456875163010409e-05,276,305,1.8756269873988662,0.008176537224085397,10,0
581,203,1,0.6520623503508975,0.500859769424211,-263.9375523004078,562.259559919682,4.8683727754905703e-05,277,305,1.8884548337919786,0.01633943175303236,16,0
582,205,1,0.6518010291594307,0.500858340499625,-274.5114868876879,563.2430303320375,3.438927274146408e-05,277,306,1.8810537999432269,0.02413423931236688,22,0
583,203,2,0.6515415851652644,0.5008568204850646,-306.3512367552595,564.2265007443343,4.8434427640131616e-05,278,306,1.8786017225944702,0.043712907929888106,14,0
584,204,2,0.6521372420472411,0.5008554011818073,-365.0743612859002,565.2099994607489,3.4211527918159845e-05,278,307,1.877652739433199,0.003135913616867101,17,0
585,207,1,0.651877133105777,0.5008538917213442,-316.9544954699214,566.1934981770281,4.818740637801966e-05,279,307,1.8766893582904742,0.07467746397401821,22,0
586,208,4,0.6516188832207404,0.500852481942524,-318.6173337824656,567.1770250529827,3.403534628887428e-05,279,308,1.8700077570997364,0.02499330694106551,16,0
587,209,2,0.6522113695624625,0.500850982926576,-314.5024499888064,568.160551928495,4.7942558012437075e-05,280,308,1.8777320549183592,0.035980635357637784,14,0
588,208,2,0.6519524617996346,0.5008495825765841,-298.0505258977235,569.1441068193088,3.3860810731312085e-05,280,309,1.87383811327163,0.03227403326356192,20,0
589,205,2,0.6516953952134623,0.5008480938970555,-311.6451623365373,570.1276617105182,4.7699837637082965e-05,281,309,1.8728799598395254,0.050925395433874705,14,0
590,210,0,0.6522847445334525,0.5008467028815661,15.00007176073859,571.111244474908,3.368789407431905e-05,281,310,1.8861004059309647,0.1515927362310565,18,0
591,208,2,0.6520270270270291,0.5008452244318635,-308.3747912212356,572.0948272389801,4.745933995309315e-05,282,310,1.8724368075474898,0.015789058787113414,24,0
592,210,4,0.6517711330734839,0.5008438426578086,-343.1002136254858,573.0784377348516,3.351654208927357e-05,282,311,1.871118950278199,0.01813394570073496,9,0
593,215,5,0.6523573783622634,0.5008423743327908,-324.9253973185639,574.0620482307547,4.722087919617479e-05,283,311,1.8719779777132928,0.008197555937756678,22,0
594,206,0,0.6521008403361105,0.5008410017083255,15.00327832302042,575.0456863186042,3.334672021537699e-05,283,312,1.8783203486272766,0.15128368207998374,28,0
595,209,2,0.6518461084903998,0.5008395434043041,-316.8297704875922,576.0293244063862,4.698453142282233e-05,284,312,1.8729975003435428,0.05304082137946045,22,0
596,209,0,0.6524292822217252,0.5008381798388121,15.0048662371928,577.0129899467653,3.3178446415149665e-05,284,313,1.8735163036167173,0.15087597110923884,10,0
597,209,4,0.65217391304359,0.5008367314534827,-347.2548830159787,577.996655487313,4.675028606015985e-05,285,313,1.8739515697132743,0.030893653938904087,17,0
598,209,1,0.6519203329196851,0.5008353768575257,-306.2905381512239,578.9803483432025,3.301167259905924e-05,285,314,1.8747748091476353,0.04872705298390731,18,0
599,210,0,0.651666666666539,0.5008339382899982,14.53831218470731,579.9640411990525,4.651801248201082e-05,286,314,1.875276238615815,0.1505213902966313,10,0
600,212,3,0.6522462562396182,0.5008325925753263,-336.2457483535552,580.9477612332163,3.284647505097382e-05,286,315,1.8757652542980996,0.054903289164679375,15,0
601,216,2,0.6519938175885495,0.5008311637260683,-321.9074420621622,581.931481267545,4.628775650417083e-05,287,315,1.8783165218253197,0.04003168528386093,24,0
602,214,2,0.651741293532325,0.5008298268055714,-323.6258331290549,582.9152283453103,3.2682609798939666e-05,287,316,1.877004905807559,0.044988843605167944,16,0
603,215,4,0.652317880794748,0.500828407576379,-340.8226926039704,583.8989754223936,4.605948458902276e-05,288,316,1.87769675983021,0.00794181831793901,23,0
604,213,0,0.6520665735014477,0.500827079364094,15.01111776438904,584.8827494087946,3.2520327067686594e-05,288,317,1.8809686092854419,0.2982353030803002,26,0
605,210,0,0.651815181518138,0.500825669658099,14.54268466185221,585.8665233952978,4.583318911954848e-05,289,317,1.8791153376867262,0.14981968369630932,18,0
606,216,4,0.6523887973640767,0.5008243500691789,-317.7799182287336,586.8503241569056,3.235934923395689e-05,289,318,1.8794054110595853,0.03315838197868859,22,0
607,217,4,0.6521386114456342,0.5008229497908052,-332.294699857785,587.8341249189369,4.560879813197971e-05,290,318,1.8802203584812478,0.014187631932350033,16,0
608,211,1,0.6518883415435333,0.5008216387414985,-328.5789794190325,588.8179523240605,3.2199858083004074e-05,290,319,1.8807497804270503,0.0706154605312301,16,0
609,215,3,0.6516397930668784,0.5008202477964369,-330.2749534098347,589.801779729587,4.5386361080090865e-05,291,319,1.8812012581262423,0.05251496788409209,18,0
610,214,2,0.6513914212759659,0.5008189452040738,-337.2269677579609,590.7856336475649,3.204183224170265e-05,291,320,1.8817881605272708,0.06476271541308094,12,0
611,212,2,0.6519607843137055,0.5008176480708028,-309.4211620202715,591.7694875653405,4.5163180743656994e-05,291,321,1.8823380833820265,0.0307270803741009,16,0
612,215,2,0.6517133321204411,0.5008162692822593,-323.2320474741337,592.7533678656948,3.1885061844150187e-05,292,321,1.8830716954233995,0.04826363655489699,18,0
613,216,2,0.6514657980455267,0.5008149804722284,-285.8033797001975,593.7372481658821,4.494076017635962e-05,292,322,1.880890782334533,0.0003241605524072736,24,0
614,217,3,0.6520315556296168,0.5008136108036801,-338.5125442680495,594.7211547196688,3.172972617448977e-05,293,322,1.8840119555742745,0.015157701535458448,22,0
615,220,4,0.6517861549009184,0.5008123302369923,-335.1066826239182,595.7050612735065,4.472019929835369e-05,293,323,1.8846754170572066,0.01737400951734867,12,0
616,220,3,0.6515397082658361,0.5008109695982075,-331.2063929690503,596.6889939534027,3.1575737693856354e-05,294,323,1.8796876870607369,0.028465052845978618,24,0
617,214,0,0.6512949344470061,0.5008096971959831,15.4897753421119,597.6729266328377,4.450154415280849e-05,294,324,1.8825138155675427,0.2956189272379398,22,0
618,222,3,0.6518582718221418,0.5008083454979214,-377.8696658766043,598.6568853113521,3.14230495632728e-05,295,324,1.8852035562416125,0.012469146385299931,30,0
619,216,0,0.6516129032258235,0.5008070811822947,15.49134608014487,599.6408439899081,4.428478189311136e-05,295,325,1.880893833820477,0.1480600371933496,16,0
620,220,3,0.6513691921813063,0.5008057383370679,-325.5338849205018,600.6248285413056,3.1271684633793484e-05,296,325,1.8788752258863441,0.029390201672486786,18,0
621,220,2,0.6519296930975125,0.500804482031149,-345.1155288279074,601.6088130931363,4.406984874094633e-05,296,326,1.8842323129693705,0.046148079987886406,20,0
622,219,3,0.6516853932584205,0.5008031479520373,-366.5840284816439,602.592823393015,3.1121565939429274e-05,297,326,1.8784623955018747,0.03489766459218994,16,0
623,221,2,0.6514427359140937,0.5008018995799108,-323.943385257711,603.576833692987,4.3856731394953385e-05,297,327,1.8788663722708294,0.012740006730090979,22,0
624,222,3,0.6520004287440238,0.5008005741813036,-333.8162378077021,604.5608696174472,3.0972771014603495e-05,298,327,1.880516084618059,0.0339610020579111,20,0
625,217,1,0.6517571884983532,0.5007993336680253,-317.4437406154615,605.5449055416848,4.364542746770894e-05,298,328,1.8772467245443099,0.04261706046252564,10,0
626,226,3,0.6515155758941222,0.5007980168654441,-331.0225333840479,606.5289669676715,3.082529372022691e-05,299,328,1.8839141639330808,0.0066944621520597086,26,0
627,221,0,0.6520704885873998,0.5007967841369879,15.49753359975256,607.5130283941205,4.343592183886358e-05,299,329,1.8756299205835973,0.14701509423213463,16,0
628,217,1,0.6518282988871981,0.5007954758470311,-351.7308658261011,608.4971152000475,3.0678993425681256e-05,300,329,1.883525747243204,0.07117633292790876,17,0
629,225,2,0.6515877221749221,0.5007942508303138,-347.7446457798357,609.481202006164,4.322813481394405e-05,300,330,1.881411937428242,0.07256849727821604,26,0
630,225,3,0.6521398822665587,0.5007929509706659,-367.4725678843502,610.4653140711378,3.053394323160319e-05,301,330,1.8720268059671783,0.04164069537285996,28,0
631,218,2,0.6518987341773198,0.5007917335935135,-334.621219296463,611.4494261362577,4.3022127783842734e-05,301,331,1.8785018199522157,0.049382846447362704,10,0
632,228,3,0.6516591846191817,0.5007904420829078,-380.6699224656103,612.4335633403316,3.0390101301236427e-05,302,331,1.8789303181286638,0.004046679164813102,31,0
633,223,2,0.6514206643562329,0.5007892322740429,-315.8062877715647,613.4177005446955,4.281782696580194e-05,302,332,1.870796647033494,0.03246657683204064,20,0
634,221,2,0.6519685039369391,0.5007879490322645,-333.4447685659269,614.4018627689953,3.0247481049627822e-05,303,332,1.8760244487980207,0.001040586800085728,16,0
635,226,3,0.6517299729036271,0.5007867467212913,-367.3480327415985,615.3860249934606,4.261519359261001e-05,303,333,1.87520887680457,0.04564018384003858,34,0
636,224,2,0.6514924620051136,0.5007854716691489,-349.2199967612265,616.3702121200843,3.0106034159871342e-05,304,333,1.872189657969897,0.023491360149541052,28,0
637,223,1,0.6520376175549624,0.5007842767865518,-345.7024155350603,617.3543992464718,4.2414263134560315e-05,304,334,1.8772970057653966,0.06904715392612838,16,0
638,230,6,0.6518000965234436,0.5007830098458517,-838.550346850036,618.3386111581196,2.9965774615448026e-05,305,334,1.8733967530442466,0.0005808392090499202,20,0
639,224,1,0.6515635865879684,0.5007818223229629,-276.1303226431243,619.3228230699775,4.221495657930063e-05,305,335,1.8740490517667094,0.006687474243365386,14,0
640,229,3,0.6521060842434333,0.5007805634165157,-338.9714351311846,620.3070596502106,2.9826680133737682e-05,306,335,1.8786187548282773,0.02425959513642842,10,0
641,224,1,0.6518695647960862,0.5007793831855202,-368.2815049101901,621.2912962309958,4.201732201636332e-05,306,336,1.8751302401244092,0.05608986948148219,16,0
642,225,2,0.6516340475251517,0.5007781322371126,-335.8408306189338,622.2755573652464,2.96886503292626e-05,307,336,1.875814129432983,0.03468395044288462,16,0
643,230,3,0.6521739130435125,0.5007769592310097,-355.5260598384968,623.2598184992545,4.182124951057631e-05,307,337,1.8763994894369254,0.043377679347848676,16,0
644,231,6,0.6519383868658964,0.5007757161653784,-357.1677795664789,624.2441040724659,2.9551835609709087e-05,308,337,1.8752578379574656,0.000186795594638613,19,0
645,224,2,0.6517027863777785,0.500774550318012,-334.1977559683699,625.2283896458251,4.162682614605728e-05,308,338,1.877551284741847,0.00931586942056932,18,0
646,230,1,0.6522411128284079,0.5007733150608501,-344.3941248006262,626.2126995451323,2.9416145935101667e-05,309,338,1.8781828113100971,0.05998962211166764,22,0
647,228,4,0.6520065717075018,0.5007721563068505,-406.4322637041711,627.1970094441311,4.143397211464617e-05,309,339,1.8775225656846355,0.007412699565378479,13,0
648,226,3,0.6517719568566626,0.5007709287847818,-341.5114227211802,628.1813435565559,2.9281529577929177e-05,310,339,1.8791960860282368,0.02584129177596616,24,0
649,229,0,0.6515388564887987,0.5007697770595768,15.51379884665869,629.1656776689581,4.124260397020407e-05,310,340,1.8797512240595833,0.2884351676750755,12,0
650,230,2,0.6520741281306034,0.500768557200139,-357.1165087098703,630.1500358825558,2.9147929126338568e-05,311,340,1.880166116940451,0.06770193151940969,18,0
651,231,3,0.6518404907975371,0.5007674124399365,-358.788540600937,631.1343940960132,4.1052818801290414e-05,311,341,1.8808573837746723,0.0331401295174676,20,0
652,231,3,0.6516083547921521,0.5007662001715824,-349.7149698211233,632.1187763000379,2.901552807088592e-05,312,341,1.8812866663623597,0.02665485776396277,30,0
653,231,3,0.6521410647829791,0.500765062313367,-345.2544033769371,633.1031585038862,4.0864596485334914e-05,312,342,1.881776936629864,0.023933746972663015,12,0
654,231,0,0.651908396946575,0.5007639289165106,15.98693928679268,634.0875645887944,2.8882432047794282e-05,312,343,1.8826706982864339,0.14413883127597835,16,0
655,228,0,0.6516772174527474,0.5007627265469203,15.51805382071285,635.0719706730213,4.067788472639222e-05,313,343,1.8829108346740926,0.2863311070023305,26,0
656,231,3,0.6522073901543578,0.500761599949975,-356.9236997043985,636.0564005285437,2.8749097964464454e-05,313,344,1.8834401018807556,0.013373917170090663,6,0
657,234,4,0.6519756838906132,0.5007604050093081,-363.4796642920136,637.0408303843508,4.0492622247256804e-05,314,344,1.8839301810021354,0.024692974732821643,20,0
658,233,4,0.6517454531516542,0.5007592851512108,-402.5610800452702,638.0252839028461,2.8616801841963024e-05,314,345,1.8737413749146918,0.020139003771965758,20,0
659,231,2,0.6522731125802262,0.5007580975707936,-390.1852129592648,639.0097374217574,4.0308833831659285e-05,315,345,1.8849919332395124,0.03656133280576969,25,0
660,236,2,0.652042360060513,0.5007569843912523,-330.587501182176,639.9942144952367,2.848562769486307e-05,315,346,1.8850102791973233,0.019995570863360942,26,0
661,231,3,0.6518130704122189,0.5007558041032643,-347.8799559041593,640.9786915687674,4.012650140339247e-05,316,346,1.8828100703212134,0.009532622251868057,22,0
662,233,2,0.6523382402454247,0.5007546975426685,-340.5780758343446,641.9631920912775,2.835550014879118e-05,316,347,1.8852048189585306,0.018027158204304932,22,0
663,235,2,0.6521084337350026,0.50075352448011,-374.1639226897612,642.947692613835,3.994558892372879e-05,317,347,1.8870157281386208,0.07179695137039943,24,0
664,238,6,0.6518800776043389,0.500752424479585,-369.7130368948071,643.9322164787304,2.822643239142053e-05,317,348,1.869914170594086,0.0162389070452281,18,0
665,238,3,0.6524027811869124,0.5007512585762819,-356.120341058702,644.9167403433911,3.9766161080478923e-05,318,348,1.8852007764127272,0.02625471975040649,22,0
666,234,0,0.6521739130434093,0.5007501650776297,15.99576409751052,645.9012874459264,2.809848137985682e-05,318,349,1.883442365931515,0.1429136966199962,24,0
667,235,2,0.6519464829471193,0.5007490062682126,-353.5064944686568,646.8858345481598,3.958812226301234e-05,319,349,1.882732611016709,0.045730989057575944,16,0
668,237,3,0.6517189835575932,0.5007479192139316,-881.4821933307464,647.8704047836574,2.797140621169092e-05,319,350,1.8851955934418632,0.0005438182473640671,13,0
669,237,4,0.6522388059701915,0.5007467674338206,-379.4940940642674,648.8549750192232,3.9411428360836e-05,320,350,1.8682293709754567,0.03023667882607742,17,0
670,239,4,0.6520122945130745,0.5007456867670852,-369.93860452524,649.8395682838769,2.7845547720062314e-05,320,351,1.8686787618824372,0.015115413353162535,18,0
671,239,5,0.651785714285612,0.500744541952487,-383.16816188647,650.8241615491902,3.923612166545354e-05,321,351,1.88200089004914,0.003534578075861505,18,0
672,236,3,0.6523031203566292,0.500743467617137,-415.4726221046183,651.8087777406167,2.772052948785131e-05,321,352,1.8730468745824518,0.01568769087632857,20,0
673,240,4,0.6520775202308916,0.5007423297050307,-391.6267358158243,652.7933939325318,3.906224162619765e-05,322,352,1.879550233828776,0.031129408638583347,25,0
674,240,4,0.6518518518519025,0.5007412616455511,-388.4040435978812,653.7780329485772,2.7596628342507756e-05,322,353,1.8798823082432659,0.009458109635588314,22,0
675,237,2,0.6523668639052721,0.5007401305736714,-347.0994550599208,654.7626719647542,3.888959349751531e-05,323,353,1.8791695878451429,0.01231576514763998,14,0
676,239,0,0.6521421678884377,0.5007390687352162,16.00288967701488,655.7473337046044,2.7473564841784537e-05,323,354,1.881619834687229,0.2821671051381862,30,0
677,241,5,0.6519174041297325,0.500737944442038,-376.2518636634664,656.7319954437894,3.871829107993108e-05,324,354,1.8798438270628508,0.020354526248006315,20,0
678,238,2,0.652430044182732,0.5007368887703817,-377.8969684596546,657.7166798066489,2.7351648554940766e-05,324,355,1.8770560247600445,0.07188584460242939,14,0
679,241,2,0.6522062451367162,0.500735771195124,-364.457895368334,658.7013641686937,3.854836029404396e-05,325,355,1.8805384897129556,0.004438296872982462,22,0
680,237,2,0.6519823788545789,0.5007347216366812,-360.0668794333592,659.686071054295,2.7230586965742987e-05,325,356,1.8787592901105563,0.04484885826658912,18,0
681,238,0,0.6524926686218013,0.5007336107192868,15.53566351591564,660.6707779396293,3.837971553366515e-05,326,356,1.878050777237989,0.14101022399523752,14,0
682,242,2,0.651537335285624,0.5007325672210834,-344.4620821307079,661.6555072488853,2.7110583459943882e-05,326,357,1.8783925025517978,0.033144490299674555,28,0
683,236,2,0.6513161455059056,0.5007314629022085,-371.6837574178559,662.6402365583104,3.821227608113986e-05,327,357,1.876624245628914,0.002625384471232992,16,0
684,241,3,0.6518251739480544,0.5007304254118843,-378.2191511874645,663.624988193565,2.6991446816282405e-05,327,358,1.8749551467989196,0.06174361025286505,30,0
685,243,3,0.6516034985422566,0.5007293276328786,-379.8948074627277,664.6097398284792,3.804619927905151e-05,328,358,1.8783639516924047,0.04627897721292572,18,0
686,240,3,0.6513831769893133,0.5007282960986765,-365.6544821906166,665.594513691186,2.6873297429119702e-05,328,359,1.8760012405534532,0.01943938969222625,22,0
687,241,1,0.6518898883930913,0.5007272048016012,-349.0808815964239,666.5792875540877,3.788137087212817e-05,329,359,1.876922390818607,0.03813640462748116,16,0
688,243,3,0.651669085631243,0.5007261791723563,-362.8859866415518,667.5640835477868,2.6756046509035514e-05,329,360,1.877270967470864,0.01754710863258003,18,0
689,243,1,0.6514496256005149,0.5007250942999446,-273.4162426132042,668.5488795415908,3.7717798136327474e-05,330,360,1.8775294086504601,0.0011498305397984895,22,0
690,245,3,0.6519540409286017,0.5007240745250705,-388.2403606036208,669.5336975703734,2.6639647785486886e-05,330,361,1.878103992669482,0.04773327044501847,16,0
691,244,4,0.6517341040462785,0.5007229960207312,-384.5938079775972,670.5185155990878,3.755536226890399e-05,331,361,1.8787383763056105,0.035232426409801544,14,0
692,245,2,0.6515154989091348,0.5007219820502181,-416.1531310727254,671.5033555668534,2.652419004789408e-05,331,362,1.8790342638449231,0.03295683475937296,22,0
693,248,2,0.6520176388413227,0.500720909858021,-366.7565506158294,672.4881955348206,3.739421379123087e-05,332,362,1.8796113752028778,0.04395437328515518,24,0
694,237,0,0.6517985611511025,0.5007199016424454,16.01522120958845,673.4730573470841,2.6409601105115144e-05,332,363,1.8804307749352527,0.13990213956890424,16,0
695,248,3,0.6515808043542357,0.5007188357071202,-412.3225336748305,674.4579191596403,3.723429961155489e-05,333,363,1.8802124053758644,0.02919478585153509,34,0
696,249,2,0.6520806892926639,0.5007178331975919,-383.284660123841,675.4428027220049,2.6295977363588463e-05,333,364,1.8811083638817272,0.04044875348514358,24,0
697,245,5,0.6518624641833686,0.500716834380764,-427.6762836810111,676.4276862849485,3.707450969159254e-05,333,365,1.878363392115397,0.01675622920723374,15,0
698,250,2,0.6516455492473927,0.5007157766127003,-390.8444994861431,677.4125915042927,2.6183129989476583e-05,334,365,1.8798821122799878,0.04533573304664171,18,0
699,250,4,0.6521431929187259,0.5007147834226447,-392.4819860850519,678.3974967234512,3.691439178510336e-05,334,366,1.8826326687158759,0.019142727809517437,18,0
700,242,2,0.6519258202569133,0.5007137317859995,-355.8450095847489,679.3824235068727,2.6071197339661012e-05,335,366,1.8824650296650867,0.005503400632727817,18,0
701,248,2,0.6517097407749121,0.5007127441752737,-369.6540822675293,680.3673502902961,3.675546918202599e-05,335,367,1.881075104033704,0.041738646405798094,24,0
702,247,0,0.6514944989311265,0.5007116986168629,16.02050780227768,681.3522985455514,2.5960087782550545e-05,336,367,1.8841715202748408,0.13901951744594054,14,0
703,249,4,0.651988636363608,0.5007107165385696,-389.760301338318,682.3372468007854,3.659777087250404e-05,336,368,1.87841449490424,0.04674017162709193,22,0
704,252,4,0.6517733860010801,0.5007096770058278,-414.0263448095287,683.3222164364383,2.5849816324807762e-05,337,368,1.882308412132556,0.012351940213871851,14,0
705,246,1,0.6515589665470145,0.5007087004135901,-377.9604917218811,684.3071860715828,3.644127548341203e-05,337,369,1.884742943242008,0.05740051616455301,22,0
706,252,3,0.6520509193775821,0.5007076668545504,-373.5735661973415,685.2921769965999,2.57404090007185e-05,338,369,1.8784572666451178,0.009800455387656505,20,0
707,251,0,0.6518364918700918,0.5007066957025029,16.49465288441735,686.2771679217736,3.6285897181187465e-05,338,370,1.8823790897964574,0.275823235918655,26,0
708,249,3,0.6516228886222708,0.5007056680658032,-358.0204063167603,687.2621800462537,2.5631751896071364e-05,339,370,1.8780952369307857,0.018272907897145016,22,0
709,253,2,0.6521126760563973,0.5007047023086004,-385.2851925552576,688.247192169953,3.613162959936744e-05,339,371,1.8761912293562608,0.023146103503335798,24,0
710,258,6,0.6518990652094213,0.5007036805434575,-408.8206211980971,689.2322254039966,2.5524006559862755e-05,340,371,1.8754442691526916,0.016504850586600756,30,0
711,247,3,0.6516862720524967,0.5007027201362424,-397.7661594928978,690.217258637768,3.597856425585633e-05,340,372,1.8769800250513742,0.04438468571963289,10,0
712,256,5,0.6521739130435125,0.5007017041924571,-412.7857644788085,691.202312892638,2.5417004735572846e-05,341,372,1.8716976904863885,0.008020851352561847,26,0
713,254,1,0.6519611127313849,0.5007007490908899,-346.8619002262228,692.187367147329,3.582669353363599e-05,341,373,1.8789671802916192,0.02382606433368075,22,0
714,248,4,0.6517491156557604,0.5006997389188365,-442.7775625206752,693.1724423346794,2.531081952383829e-05,342,373,1.8770286131462715,0.01734746104056798,27,0
715,251,0,0.6522346368715154,0.5006987890790343,16.50006020647442,694.1575175216077,3.56758750967856e-05,342,374,1.8786095206812532,0.13795771201540857,12,0
716,257,6,0.6520226410360931,0.5006977846296448,-435.9533236710323,695.1426135532475,2.520541204376059e-05,343,374,1.8766656307747944,0.0279044382744527,22,0
717,252,5,0.6518105849582162,0.5006968400082419,-398.4104190478282,696.1277095847573,3.5526256851881044e-05,343,375,1.8735931109436792,0.024518035706926296,28,0
718,254,2,0.652294810409008,0.5006958412329977,-403.9795366737281,697.1128263745201,2.5100752282014582e-05,344,375,1.8786814442378863,0.022085685888755462,22,0
719,253,3,0.6520836566136776,0.5006949017870858,-380.5161399598986,698.0979431640521,3.5377637004785356e-05,344,376,1.8755418368092678,0.015753199881870315,16,0
720,252,1,0.6518723994451627,0.5006939086380399,-332.2304905605339,699.0830806243692,2.4996883439598605e-05,345,376,1.8824185164702825,0.012502597943170095,22,0
721,258,4,0.6516623702820296,0.5006929743251785,-377.54614119137,700.0682180847663,3.5230148341725e-05,345,377,1.8751867690409085,0.017974711707372477,20,0
722,255,4,0.6521441658466457,0.5006919867548862,-397.1826966279756,701.0533761304707,2.4893863155739382e-05,346,377,1.874414910579822,0.02273219090729577,20,0
723,256,6,0.6519337016575304,0.5006910575331076,-472.6971273711124,702.0385341766591,3.5083685361314565e-05,346,378,1.872096526593619,0.0003891783359700487,24,0
724,259,3,0.6517244558617377,0.5006900754946908,-410.1560257179207,703.0237127221606,2.479145598499599e-05,347,378,1.877620181510353,0.04342863620919177,18,0
725,252,3,0.6522041750116637,0.5006891513224787,-386.2944816422191,704.0088912678854,3.493832070944336e-05,347,379,1.8730739473812124,0.025938167330688752,28,0
726,258,4,0.6519944979367348,0.5006881747695523,-381.6432905286843,704.9940902285744,2.46899460307759e-05,348,379,1.8732361279249474,0.0027490759718503404,4,0
727,255,0,0.6517860297554505,0.5006872556058334,16.50795781175754,705.9792891899575,3.4794033354046405e-05,348,380,1.883047449638554,0.2720221843072561,22,0
728,249,0,0.6522636902825243,0.5006862844925576,16.03692073819064,706.9645084816414,2.4589048962297966e-05,349,380,1.8852055991226364,0.1365428191259509,16,0
729,264,8,0.6520547945204805,0.5006853702967203,-470.9379517629733,707.9497277735629,3.465069517005759e-05,349,381,1.8736447166222745,0.002896467848042717,17,0
730,260,3,0.6518470982628762,0.5006844045777473,-390.1239931932623,708.9349673133771,2.448895634188375e-05,350,381,1.8754772306927965,0.024059542798369644,18,0
731,252,1,0.6523227177316425,0.5006834953095928,-411.1256582286516,709.9202068529553,3.45085270510026e-05,350,382,1.8792366367738151,0.07870063571204357,12,0
732,259,1,0.6521145975443877,0.5006825349400877,-412.7731698155973,710.9054665575336,2.4389567215621355e-05,351,382,1.8764501013487818,0.0790076421065016,24,0
733,256,0,0.6519076675808037,0.5006816305598839,16.51181384596737,711.8907262611481,3.436725546634989e-05,351,383,1.8791143623148152,0.27098532457264324,22,0
734,255,3,0.6523812633321159,0.5006806754954971,-384.6215698570568,712.8760060476753,2.4290910801028076e-05,352,383,1.8776850913207648,0.007578668531952307,14,0
735,266,5,0.652173913043461,0.5006797759638998,-419.3713969856372,713.8612858337516,3.4227085620841535e-05,352,384,1.8778315987484049,0.037967291052167285,28,0
736,259,4,0.6519677438049595,0.5006788261607809,-439.3161686263848,714.8465856199981,2.4192915248022473e-05,353,384,1.878561385498579,0.03974566809644406,10,0
737,253,1,0.6517615176151781,0.5006779314389032,-391.5392499812195,715.831885407092,3.4087798894688603e-05,353,385,1.8804308089769977,0.05161586293963864,22,0
738,265,2,0.6522327469553622,0.5006769868536727,-374.7249717045863,716.8172051122156,2.4095616026897915e-05,354,385,1.8794487532287891,0.025432944074466612,34,0
739,260,3,0.6520273329324587,0.5006760969030191,-388.7677597235784,717.8025248182796,3.3949585827031115e-05,354,386,1.8800409523981731,0.0008569428872011638,32,0
740,256,0,0.6518218623481121,0.5006751574927931,16.04412311761899,718.7878643617312,2.39991400121653e-05,355,386,1.880474677927972,0.1354998972175861,22,0
741,269,5,0.6522911051213071,0.5006742722752832,-443.4668256975626,719.7732039055196,3.3812350807238545e-05,355,387,1.8807339435190291,0.04094147592123038,28,0
742,263,6,0.6520864408635019,0.5006733379976177,-415.0790629338426,720.7585632073014,2.3903185365270474e-05,356,387,1.8813117233743346,0.02613700390492616,18,0
743,260,2,0.6518817204301687,0.5006724574755752,-416.7453377922878,721.7439225091549,3.367605575022026e-05,356,388,1.881792466273057,0.013355660537915908,24,0
744,264,2,0.6523489932886635,0.5006715799958832,-392.8517537304432,722.729301489244,2.3806302692719328e-05,356,389,1.8822372342716105,0.0401181873255914,24,0
745,257,0,0.6514753300074834,0.5006706524246772,16.51934753927361,723.7146804697104,3.354073760419851e-05,357,389,1.8829212652209026,0.2689467809847714,16,0
746,266,3,0.6519410977241015,0.5006697795792598,-442.1901515482547,724.7000790493479,2.3709663992121932e-05,357,390,1.8822068708748643,0.02685268124546463,25,0
747,268,5,0.6517382666265819,0.5006688570441814,-438.4181795320505,725.6854776284955,3.340634646065155e-05,358,390,1.8825969030224936,0.03695201990817369,30,0
748,263,3,0.6515361736773865,0.5006679887964023,-415.9630208514171,726.6708957281427,2.361372514769755e-05,358,391,1.8839245921796222,0.05481194965903616,16,0
749,270,4,0.6519999999999144,0.5006670712565324,-436.0628828766024,727.6563138284812,3.327295439703448e-05,359,391,1.8812932853977435,0.04131620842785679,21,0
750,271,7,0.6517978996662335,0.5006662075701622,-423.0306082122411,728.6417513706717,2.351858859128697e-05,359,392,1.8787002581745762,0.008713011124097041,16,0
751,262,3,0.6515957446809498,0.500665294985033,-424.6771347082578,729.6271889137328,3.3140420214294863e-05,360,392,1.8851901928984958,0.034185186564401795,18,0
752,272,3,0.6520584329348272,0.5006644358241892,-386.6945947168108,730.6126458209762,2.3424012624673196e-05,360,393,1.8783673442352058,0.012740626784506952,26,0
753,269,3,0.651857058179621,0.5006635281537407,-414.9548299441428,731.5981027287719,3.300883747670014e-05,361,393,1.8836326496010478,0.05632704196949628,18,0
754,260,4,0.65165562913913,0.5006626734829404,-416.6898713929569,732.5835789241963,2.3330038743551995e-05,361,394,1.88297187114625,0.04253348881769517,18,0
755,275,5,0.6514553182231623,0.5006617706875819,-460.693932229669,733.5690551196169,3.287817276032001e-05,362,394,1.8745241044277772,0.016452444843506605,25,0
756,267,3,0.6519157478084282,0.5006609204716964,-424.1495863652834,734.5545505265994,2.323686942418135e-05,362,395,1.8826480075698848,0.02074818601314715,24,0
757,262,1,0.6517150395777924,0.5006600225122252,-357.0678149237888,735.540045933131,3.274836183209118e-05,363,395,1.886104322527705,0.014883309729146438,18,0
758,270,0,0.6515154411193881,0.5006591767165061,16.99921493705955,736.5255604753532,2.3144409624364926e-05,363,396,1.8783332742046022,0.2670234401538742,24,0
759,267,4,0.6519739741049674,0.5006582835541639,-415.4870316916168,737.5110750171503,3.261947006194532e-05,364,396,1.881660070277091,0.02363252984597803,16,0
760,270,5,0.65177398160305,0.5006574421442194,-473.4246202042567,738.4966086193598,2.305250870904274e-05,364,397,1.8770184944224062,0.019408972121415978,22,0
761,271,2,0.6515750906140612,0.500656553740651,-393.721502643626,739.482142221695,3.249150825013203e-05,365,397,1.878323307451279,0.019235618768146473,24,0
762,264,3,0.6520317425346954,0.5006557166824371,-434.1953951584973,740.4676948080573,2.296134312018694e-05,365,398,1.88169351599857,0.04899023689076361,22,0
763,271,3,0.651832460733031,0.500654832999693,-430.5215304929361,741.4532473949126,3.23643926094519e-05,366,398,1.8789911728683923,0.024277795247652785,14,0
764,270,1,0.651634272276277,0.5006540002595179,-401.4082688566871,742.4388188920187,2.287073232309922e-05,366,399,1.8803500234996124,0.04502575487866915,20,0
765,265,1,0.6520890584769728,0.5006531212600587,-415.8547836425694,743.4243903889321,3.2238117796623555e-05,367,399,1.881724928304958,0.05991368483785581,24,0
766,276,6,0.6518904823988712,0.5006522928045923,-426.5906350002199,744.4099807224565,2.2780789436183113e-05,367,400,1.8730849241594023,0.004686409116435157,24,0
767,275,5,0.6516929915884048,0.5006514184512658,-463.4820142158389,745.3955710549498,3.211277726222761e-05,368,400,1.8763301079295187,0.02493364395204746,20,0
768,262,0,0.6521459272274729,0.5006505942475057,17.00546195389529,746.3811801509538,2.269147614697431e-05,368,401,1.8817719074179609,0.13292507636391843,24,0
769,273,3,0.6519480519481311,0.5006497245035627,-435.1341917663711,747.3667892468343,3.1988202067623206e-05,369,401,1.8750025221103075,0.03812342838443991,20,0
770,270,1,0.6517512539475964,0.5006489045188542,-436.7805269669552,748.3524170319739,2.260281883081916e-05,369,402,1.8783546431489326,0.07955653497408408,26,0
771,268,3,0.65220235399953,0.5006480393479276,-421.2061174442294,749.3380448169969,3.186450135217456e-05,370,402,1.8787030688785225,0.02560010779077138,14,0
772,281,7,0.6520051746442888,0.5006472235499319,-467.8557971733787,750.3236912189655,2.2514765532832826e-05,370,403,1.8731389413995017,0.009265048807478242,30,0
773,272,2,0.6518090646670089,0.5006463629160297,-433.1026484732961,751.3093376216384,3.1741710472488194e-05,371,403,1.8773524909369017,0.014956766979879894,22,0
774,270,3,0.651613644524751,0.500645551272768,-434.7856812471567,752.2950025680739,2.2427282942771853e-05,371,404,1.8777002503292257,0.03923715246105595,30,0
775,278,4,0.6520618556699981,0.50064469514029,-389.0640836725478,753.280667514712,3.161963456932426e-05,372,404,1.8748950763014818,0.013531470367503596,22,0
776,269,2,0.6518664289780336,0.5006438876200776,-464.8498455567575,754.2663509349846,2.234046701232728e-05,372,405,1.8753263925350836,0.04126749560860653,15,0
777,274,4,0.6516716870884568,0.5006430359537771,-426.4717905573564,755.2520343541466,3.1498384714723215e-05,373,405,1.8757264645050569,0.012232887833623307,14,0
778,282,5,0.6521181001283842,0.5006422325252682,-448.7298525020835,756.2377361764228,2.22542363417233e-05,373,406,1.8761653266773441,0.005229628287439973,33,0
779,272,3,0.6519233520314881,0.5006413852902868,-434.2116716277674,757.223437997246,3.1378028211292985e-05,374,406,1.876606582186998,0.0013618817278034418,16,0
780,278,4,0.6517292837593076,0.5006405859224552,-439.5014468687226,758.2091581497829,2.216855784809013e-05,374,407,1.877000775302959,0.01574746592296085,18,0
781,282,5,0.6521739130434093,0.5006397430842735,-463.2274252154166,759.1948783025173,3.12584138555394e-05,375,407,1.8776345391467535,0.00537211395988864,20,0
782,270,1,0.6519798388991456,0.5006389477463914,-369.5255423843935,760.1806167163649,2.208351918397966e-05,375,408,1.8781518309135627,0.01425792578652783,18,0
783,279,4,0.6517864396557652,0.5006381092708616,-461.0007641299247,761.1663551286142,3.113957393452438e-05,376,408,1.8783806088972317,0.05260602554526539,26,0
784,279,4,0.6522292993629711,0.5006373179325216,-455.2520064379367,762.1521117330155,2.1999045202392153e-05,376,409,1.8788583426033778,0.008017266472848165,19,0
785,272,3,0.652035894575518,0.5006364837858469,-447.8108770325045,763.1378683371254,3.102141749877774e-05,377,409,1.879421925194126,0.050453818001084665,20,0
786,284,4,0.6518431598182985,0.5006356964169512,-440.8110905655355,764.1236430624442,2.1915104753134074e-05,377,410,1.8793322209850924,0.018370895201116785,22,0
787,276,1,0.6522842639594707,0.5006348665656838,-445.7892644937931,765.1094177883882,3.090414168127609e-05,378,410,1.8803395753523209,0.07908923220877007,16,0
788,278,5,0.6520915239790713,0.5006340831364136,-464.6497397391351,766.0952105656825,2.1831822436979564e-05,378,411,1.880684355935204,0.023130521135721775,18,0
789,288,4,0.6518987341771134,0.5006333022622901,-432.3685907079226,767.0810033438391,3.078724762417551e-05,378,412,1.8789659030630754,0.015009289296356167,40,0
790,272,2,0.6523388116308455,0.5006324780283157,-438.4903387829759,768.0668141053937,2.1749036136498034e-05,379,412,1.8816650793101621,0.0518078104406751,18,0
791,274,1,0.6521467319537487,0.5006317010453551,-419.5062426991685,769.0526248666987,3.066978263177589e-05,379,413,1.8821441726701829,0.047487285317615674,14,0
792,287,2,0.6519546027742857,0.5006308810306627,-445.614635492658,770.0384535441975,2.1666767224814976e-05,380,413,1.882489075668615,0.03238666844397969,20,0
793,274,3,0.6517634893376175,0.50063010790985,-447.2980925477175,771.0242822211333,3.055312652122666e-05,380,414,1.8830312817722814,0.012295993287647198,16,0
794,276,0,0.652201523270363,0.500629292082105,17.02099820947774,772.0101287470993,2.158514632810693e-05,381,414,1.8834394723614074,0.1307550877418867,10,0
795,289,4,0.6520100502512437,0.5006285227947052,-437.6368885244161,772.9959752720387,3.043719186734961e-05,381,415,1.8837966900256924,0.04014145813922443,34,0
796,278,5,0.6518195857401154,0.5006277111219242,-443.492076830436,773.9818395780883,2.1503981884052337e-05,382,415,1.8842340642364679,0.02192439094275095,22,0
797,279,1,0.6522559026279877,0.5006269456394828,-445.212773987993,774.9677038845314,3.0322062571030983e-05,382,416,1.8846641136456235,0.06987791574696373,16,0
798,285,3,0.6520650813517523,0.5006261380899749,-488.4695561771588,775.9535859044117,2.1423473071990884e-05,383,416,1.8843860496293647,0.031119637423807897,22,0
799,275,2,0.6518752614253127,0.5006253763843124,-457.3584803205963,776.9394679244414,3.02076615525948e-05,383,417,1.885521675664588,0.07627110466610842,8,0
800,287,5,0.652309874655425,0.5006245729267441,-453.6748729974832,777.9253675913325,2.134340695647552e-05,384,417,1.8832369664980215,0.004339757922647929,18,0
801,287,5,0.65149651869468,0.5006238149699866,-442.8227608036575,778.9112672594842,3.0094008707237663e-05,384,418,1.8737969439809898,0.02034745274998355,18,0
802,281,3,0.6519305211085227,0.5006230155733079,-444.5792638307456,779.8971845081779,2.1263913254188083e-05,385,418,1.883783696339393,0.0015129672771541916,22,0
803,287,3,0.6523634439121804,0.5006222613378133,-450.1194310208019,780.883101757249,2.9981142688484397e-05,385,419,1.8857997379043945,0.038082672775124046,20,0
804,282,2,0.6515530525602694,0.5006214659713091,-396.960641140584,781.8690365218398,2.1184947399888188e-05,386,419,1.8852193130647565,0.002331630217428711,26,0
805,281,1,0.6519853694348037,0.5006207154297505,-422.4927307598714,782.8549712867099,2.9869031777707278e-05,386,420,1.8829029764725067,0.04240001563388754,22,0
806,290,3,0.6524166148900833,0.5006199240630104,-488.1819317333228,783.8409235015282,2.110650905251532e-05,387,420,1.8840514698994348,0.036282425414020394,28,0
807,285,5,0.651609166625275,0.5006191771882915,-459.9435515348245,784.8268757177082,2.9757572747257655e-05,387,421,1.8717371835675598,0.017045918496474598,12,0
808,289,6,0.6520398109806311,0.5006183897912106,-523.311153267236,785.812845318927,2.1028533183198306e-05,388,421,1.869973947969069,0.006824286528370889,27,0
809,292,3,0.6524693920143881,0.5006176465565163,-465.7066536772921,786.7988149198138,2.9646897928614635e-05,388,422,1.8814423019676179,0.032384272856262684,29,0
810,284,4,0.6516648655484109,0.5006168630992801,-507.1274340232629,787.7848018428919,2.0951130863977596e-05,389,422,1.8800121076299219,0.021892295715700037,18,0
811,284,1,0.6514785070698683,0.5006161234780632,-492.5087878910068,788.7707887654884,2.9536999022639066e-05,389,423,1.8837476461687916,0.03729748297186437,26,0
812,292,7,0.6519065190651838,0.5006153439311717,-447.2059303293622,789.7567929463512,2.0874169194939896e-05,390,423,1.8704952227586125,0.012624348953149433,26,0
813,283,3,0.6517201539198025,0.5006146078971255,-448.9829426271527,790.7427971258252,2.942777109637973e-05,390,424,1.8799686694918478,0.019795149753344336,14,0
814,290,3,0.6515344122289892,0.50061383223137,-454.6783101955051,791.7288185002416,2.0797675915673608e-05,391,424,1.8828614726335167,0.0004693497683236739,22,0
815,288,2,0.6519607843137571,0.5006130997584535,-456.4019529370512,792.714839874943,2.9319202667466016e-05,391,425,1.8796636240487348,0.044725976087514004,18,0
816,284,2,0.651775036261809,0.5006123279448943,-461.3729449681648,793.7008783795613,2.0721722762573336e-05,392,425,1.8799399753371242,0.0276096325628362,22,0
817,293,3,0.6515899073396583,0.5006115990073189,-463.044680363597,794.6869168844362,2.9211338642198825e-05,392,426,1.882856250752932,0.001538118959287297,34,0
818,290,4,0.6520146520146873,0.5006108310173352,-448.0585518701723,795.6729724566874,2.064624732156517e-05,393,426,1.878770148905494,0.007350328349027705,16,0
819,290,5,0.6518295170308488,0.5006101055895487,-474.1287915119798,796.6590280295001,2.9104298846505117e-05,393,427,1.8729474193754676,0.009400367066240556,15,0
820,292,4,0.6516449968967636,0.5006093413947794,-477.8401816501,797.645100607723,2.057134588540066e-05,394,427,1.8810805287653372,0.0031030359726395354,34,0
821,289,3,0.6520681265206888,0.5006086194514944,-495.0478823183485,798.6311731853195,2.8997808044550766e-05,394,428,1.8770138892198107,0.01202792085223848,22,0
822,289,3,0.651883600618374,0.5006078590238738,-463.0252241757217,799.6172627074694,2.049683564564475e-05,395,428,1.8790154210069479,0.034908224301658124,26,0
823,295,1,0.6516996853297131,0.5006071405400312,-446.891311990445,800.6033522284298,2.889202460210072e-05,395,429,1.8775587308244672,0.05589227927851678,28,0
824,292,6,0.6521212121212008,0.500606383851756,-469.3467487547772,801.5894586312694,2.042286939740734e-05,396,429,1.8752265214677957,0.026172610298381634,14,0
825,295,5,0.6519372913519974,0.5006056688025341,-520.6111659401655,802.5755650343732,2.8786958637283533e-05,396,430,1.875838146261585,0.017461794534246525,15,0
826,293,2,0.651753325272218,0.500604915826077,-484.6627270243936,803.5616882580911,2.034929173078126e-05,397,430,1.8766586027665468,0.06002855470914245,33,0
827,291,4,0.652173913043461,0.5006042041869063,-486.4694821923839,804.5478114815271,2.868245587706042e-05,397,431,1.8765831416584717,0.006203929722857734,20,0
828,294,3,0.651990593496413,0.500603454895018,-467.8503740260229,805.5339514640308,2.0276292730159184e-05,398,431,1.878110532963134,0.024204980632673644,18,0
829,294,4,0.6518072289155623,0.5006027466415494,-514.2650388762061,806.5200914467777,2.8578690148606256e-05,398,432,1.877489207754679,0.02748131101694106,26,0
830,291,5,0.651624790540274,0.5006020010072464,-458.7303928677202,807.5062481285859,2.02037952021783e-05,399,432,1.8778923565167591,0.005626722913224641,20,0
831,296,2,0.652043511255423,0.5006012961153729,-464.3230589232438,808.4924048101911,2.8475542421801947e-05,399,433,1.880787932929456,0.06321957117285582,18,0
832,294,4,0.6518607442977539,0.5006005541119202,-466.0521747642993,809.4785781302305,2.0131550968471856e-05,400,433,1.8788031514506929,0.024807308728444298,24,0
833,289,2,0.6516788972448451,0.5005998525577463,-424.4739710594338,810.4647514501501,2.8373083409860556e-05,400,434,1.8793073977887862,0.020264537646972638,16,0
834,294,1,0.6520960487719539,0.5005991141586832,-429.2524820427328,811.4509413492664,2.0060004885635863e-05,401,434,1.8799356137032297,0.03387627912685688,28,0
835,296,5,0.6519138755980555,0.5005984159185543,-474.2758599246692,812.4371312483906,2.82712971966248e-05,401,435,1.88000813909631,0.016574360512132087,14,0
836,297,6,0.6517326160922587,0.5005976810976669,-512.1703671312648,813.4233376666679,1.9988859662589675e-05,402,435,1.8805053954599773,0.022939034946190786,20,0
837,296,2,0.652148210129514,0.5005969861481541,-465.7114028175521,814.4095440849742,2.8170001542093814e-05,402,436,1.8809958853402653,0.04569023783837963,30,0
838,293,2,0.6519666269368604,0.500596293334992,-470.9952647106443,815.3957669627331,1.9917688518944487e-05,402,437,1.8802093015054675,0.0419000205491304,20,0
839,294,1,0.651785951238401,0.5005955631973799,-472.7076807699548,816.3819898410936,2.8069608788428013e-05,403,437,1.881921981724171,0.07126923323587935,22,0
840,295,1,0.652199999353754,0.5005948736366725,-417.7384118106798,817.368229121597,1.9845890960823453e-05,403,438,1.8822624725563633,0.02351037918015532,24,0
841,297,4,0.6520190023753201,0.5005941470175119,-516.7363524813285,818.3544684007621,2.7969626103185874e-05,404,438,1.8793022896845892,0.03274686595741114,23,0
842,298,2,0.6518389067795883,0.5005934606864128,-480.5969692832997,819.3407240228603,1.977469412395294e-05,404,439,1.8831359791586484,0.04686604937445102,23,0
843,295,4,0.6522514204127883,0.5005927375603358,-482.2547401551323,820.3269796456976,2.787023652217613e-05,405,439,1.88337520439139,0.035606248187763825,18,0
844,294,1,0.6520710059170837,0.5005920544361899,-420.9845557416327,821.3132515536846,1.9703822772498825e-05,405,440,1.8812108361845779,0.024090307842758278,18,0
845,301,3,0.6518914867541284,0.5005913347780563,-477.5607838098418,822.2995234604907,2.777149882149388e-05,406,440,1.8843001402768462,0.019691417494997185,26,0
846,300,6,0.6523024772187023,0.500590654838428,-479.256823692111,823.2858115953727,1.9633370584415388e-05,406,441,1.8780982241943285,0.00813001835144147,16,0
847,301,4,0.652122641509472,0.5005899386233347,-468.6505205504278,824.2720997294814,2.7673438353303936e-05,407,441,1.881249314399933,0.016116056480208314,24,0
848,300,2,0.6519436951431589,0.5005892618460072,-449.6982997653531,825.2584040328913,1.956345931830583e-05,407,442,1.885432162655996,0.02467884575506237,22,0
849,298,5,0.6523530600019347,0.5005885490493038,-515.7411355116575,826.2447083378426,2.757599088454299e-05,408,442,1.8790597862174176,0.004019186990765781,24,0
850,301,3,0.6521739130435641,0.5005878754122625,-477.6138151079782,827.2310287541762,1.9493993704600143e-05,408,443,1.8803361658038849,0.009410857687362315,20,0
851,299,2,0.6519955358721286,0.500587166009523,-367.8895693092913,828.2173491713752,2.7479033633426297e-05,409,443,1.8845763790434253,0.0005359826339489746,22,0
852,301,6,0.6518177289773495,0.5005864954909366,-484.0215934247266,829.2036856433476,1.942494441209419e-05,409,444,1.8753381957164454,0.025276016707186787,18,0
853,307,4,0.6522248243559364,0.5005857894579624,-485.7015690764523,830.1900221164469,2.7382776920603646e-05,410,444,1.8775207116909207,0.03102198769145122,28,0
854,299,1,0.6520470128107047,0.50058512203624,-519.9906153125123,831.1763745879773,1.9356261077518866e-05,410,445,1.8836604076354082,0.038953976565836185,22,0
855,298,3,0.6518691588785551,0.5005844193490842,-497.1421206393155,832.1627270603159,2.7287091029393196e-05,411,445,1.8772269430337927,0.03453046227225251,22,0
856,306,3,0.6522753792298317,0.5005837550027922,-482.5701327720877,833.1490954754361,1.9287981103843777e-05,411,446,1.881410410206849,0.02338704069827682,14,0
857,301,2,0.6520981297750533,0.5005830556377012,-467.0546999483494,834.1354638911633,2.7191883077648527e-05,412,446,1.8788358170929287,0.03837442296981937,16,0
858,304,4,0.6519208381838973,0.5005823943456417,-473.3978234201494,835.1218481936571,1.9220285594201414e-05,412,447,1.8744301878461913,0.017318254036804342,14,0
859,306,3,0.6523255813953478,0.5005816982791215,-490.3796059451829,836.108232497114,2.7097419661004096e-05,413,447,1.8882198119136753,0.012584132600574525,18,0
860,304,6,0.6521488905280022,0.5005810400202625,-492.0438182482625,837.0946326315498,1.9152895674778847e-05,413,448,1.8731958759333391,0.02163070317061755,12,0
861,303,1,0.6519721577726412,0.500580347229014,-439.0252648735161,838.0810327671916,2.700344862205384e-05,414,448,1.8782503083525257,0.02940990774837895,28,0
862,305,2,0.6523754345307089,0.5005796919825279,-487.4523596245241,839.0674486786675,1.9086042357230326e-05,414,449,1.8805466859702284,0.03259999848822082,12,0
863,304,5,0.6516208852320304,0.5005790024434792,-497.0259545806679,840.0538645911527,2.6910008386948903e-05,415,449,1.8722715523905007,0.047547164877360326,20,0
864,310,6,0.6520231213873358,0.5005783501887339,-478.7423708502801,841.0402962259967,1.9019422097699135e-05,415,450,1.8725826381482618,0.0024236697795222226,26,0
865,304,2,0.6524249422632774,0.5005776638790318,-460.2143998403043,842.026727860151,2.6817306661541807e-05,416,450,1.878642904982661,0.030086399115032872,18,0
866,309,6,0.6516724336792977,0.500577014595569,-536.8017758316846,843.013175162664,1.895337334190117e-05,416,451,1.8720254042012552,0.02795652157757301,26,0
867,308,2,0.6520736353275206,0.5005763314925816,-511.7864744696055,843.9996224650546,2.672500465905614e-05,417,451,1.8823552369201977,0.06099314124805506,27,0
868,307,3,0.6524741081702045,0.5005756851601412,-564.6979581284306,844.9860853814848,1.8887717715188046e-05,417,452,1.8748073983701092,0.008559928757925552,20,0
869,306,5,0.6517241379308965,0.5005750052414194,-493.9500518866752,845.9725482982392,2.6633253810359747e-05,418,452,1.8733091707057001,0.018575971906669212,14,0
870,311,4,0.6515501625689889,0.5005743618399218,-495.6366824501843,846.9590267737333,1.882244998796523e-05,418,453,1.8754713645201309,0.006864503812756455,24,0
871,305,3,0.6519497614507672,0.5005736850832669,-485.7871890643873,847.9455052498689,2.6542162572695815e-05,419,453,1.8743301664368883,0.01223810505292831,26,0
872,305,2,0.6517754868270494,0.500573044592808,-490.8859373800726,848.9319992325455,1.8757551174530818e-05,419,454,1.8747271752039,0.025703001855294533,18,0
873,310,2,0.6516020492203067,0.500572370976184,-492.6111732787117,849.9184932145848,2.64515216485961e-05,420,454,1.8839903339007198,0.03800197148030359,18,0
874,307,4,0.6520002187466457,0.5005717333770543,-481.81867063297,850.9050026504789,1.8692916796680947e-05,420,455,1.875479763158907,0.03160507777425963,16,0
875,310,3,0.6518264840183452,0.5005710628786654,-483.6341072750002,851.891512085782,2.6361352524872927e-05,421,455,1.8760195793237484,0.034977449134810726,22,0
876,313,5,0.6516535808927718,0.5005704281513177,-500.3464552481738,852.8780369208642,1.862886608705594e-05,421,456,1.8764435519471139,0.004452658136107426,22,0
877,306,3,0.6520503312357558,0.5005697607495531,-507.3935816815382,853.8645617567721,2.6271792535226268e-05,422,456,1.8767598704368584,0.06553979388137254,18,0
878,311,2,0.6518771331058028,0.5005691288746257,-461.9193433800338,854.85110194062,1.8565296841188683e-05,422,457,1.877289136731072,0.03231068541151891,28,0
879,308,2,0.6517047612167736,0.500568464548067,-497.5236275689139,855.8376421229348,2.618276732846425e-05,423,457,1.8777887888966838,0.05131300495303994,18,0
880,311,6,0.6521001024405527,0.5005678355063596,-499.2329484853325,856.8241976014509,1.8501947238291905e-05,423,458,1.8779860978009815,0.02202286497889747,18,0
881,316,4,0.6519274376417288,0.5005671742338019,-489.0050636877379,857.8107530799603,2.6094282929989276e-05,424,458,1.8785438732494373,0.01803421397679973,18,0
882,310,2,0.6517555937734386,0.5005665480063106,-428.454042463246,858.7973238020711,1.8439024188410258e-05,424,459,1.878994287133756,0.00668943881366994,30,0
883,309,3,0.6521495358356693,0.5005658897667334,-543.4091794103259,859.7838945237539,2.60062855659271e-05,425,459,1.8794891924146897,0.033999647755948936,27,0
884,315,3,0.651977401129955,0.5005652663346004,-508.2991871749357,860.770480436899,1.8376438333689293e-05,425,460,1.879853803156224,0.009585412355697305,18,0
885,314,7,0.6518060820952559,0.500564611107175,-509.953315294075,861.7570663504977,2.591889222003374e-05,426,460,1.8800769209037873,0.010798463237740221,30,0
886,313,5,0.6521986348484359,0.5005639904517085,-514.8728266566421,862.743667403149,1.8314355997972598e-05,426,461,1.8805888293555906,0.044433609928121516,18,0
887,318,3,0.6520270270270548,0.5005633716005629,-494.300264185101,863.7302684568771,2.5831723746705393e-05,426,462,1.8809321571967814,0.03389269281579045,18,0
888,309,2,0.6518562296674486,0.5005627203185106,-547.8572531010404,864.7168845994305,1.8252497170578863e-05,427,462,1.8813315580988061,0.006225105693282653,18,0
889,312,2,0.6516859556846477,0.5005621042135989,-501.097235092307,865.703500741372,2.574396671661816e-05,427,463,1.881871771090413,0.03760542483403956,22,0
890,319,4,0.6520763187429404,0.5005614558961907,-502.8295068691199,866.6901319213446,1.8191062281402992e-05,428,463,1.8820819446945596,0.012469678571318078,24,0
891,310,3,0.651906039927617,0.5005608425192587,-492.2170639995168,867.6767631009725,2.5656775733295945e-05,428,464,1.8824484421891308,0.004452842384067869,20,0
892,314,4,0.6517362811610219,0.5005601971462939,-543.8827878490135,868.663409269355,1.8129953559764544e-05,429,464,1.8828938029642994,0.03936032486333665,14,0
893,316,2,0.6521252796420256,0.5005595864792737,-510.4958673801578,869.6500554374234,2.5570050866008387e-05,429,465,1.8832333132363739,0.06464587139553366,16,0
894,312,3,0.6519555162680383,0.5005589440307382,-512.1742307233599,870.6367165415575,1.8069359384753625e-05,430,465,1.883636220653686,0.015860984898606843,22,0
895,315,0,0.6517862696460949,0.5005583360556919,18.49718663777242,871.6233776464196,2.5484040179435397e-05,430,466,1.8840601395289562,0.1232228790251736,16,0
896,322,8,0.652173913043461,0.5005576965117379,-507.7732302555617,872.6100536381758,1.8009087966674997e-05,431,466,1.8788173983510545,0.00932311122183542,12,0
897,315,5,0.6520046620351787,0.5005570912109019,-548.0681071544162,873.5967296307109,2.5398484126526455e-05,431,467,1.8831272290700158,0.029555586177616118,25,0
898,319,2,0.6518359245134833,0.5005564545518736,-473.2637815986824,874.583420459742,1.7949084281099204e-05,432,467,1.8850842140999728,0.03269613439723633,26,0
899,313,1,0.6522222222221928,0.5005558519076336,-504.6679810984497,875.5701112898449,2.5313261289738875e-05,432,468,1.8836920765975973,0.06630691865202411,16,0
900,315,3,0.6520534805309082,0.5005552181140414,-516.8339594171981,876.5568169068433,1.788934014257393e-05,433,468,1.8859014081907914,0.006064445880204189,14,0
901,326,6,0.6518852490916951,0.5005546181089452,-518.4972604472414,877.543522524478,2.522866054732731e-05,433,469,1.8785112419691852,0.0033455906642151727,30,0
902,314,3,0.6522702104098145,0.5005539871614914,-512.6460897165045,878.5302428796025,1.7830223100645526e-05,434,469,1.8820441113885242,0.04390120864346461,18,0
903,320,5,0.6521019750138427,0.5005533897782297,-547.3113807109492,879.5169632362163,2.5144628580164863e-05,434,470,1.8840081169510738,0.0055150162897781765,28,0
904,326,3,0.6519342466655847,0.5005527616577757,-460.9006036850345,880.5036982820301,1.7771383795661677e-05,435,470,1.8793041206960956,0.002072872552562676,22,0
905,314,2,0.6523178807946448,0.5005521668792022,-509.7427164167273,881.4904333284753,2.506092937437643e-05,435,471,1.8812235920987128,0.037187096491131236,18,0
906,320,3,0.6521501486985722,0.500551541566778,-536.0545758973416,882.477183015681,1.771271013240039e-05,436,471,1.8831883036076849,0.048864744749225045,22,0
907,328,8,0.6519823788545789,0.500550949375881,-603.7091219886388,883.4639327026007,2.497770447007497e-05,436,472,1.8737025542556496,0.0031248753366449056,20,0
908,316,1,0.6523652365236103,0.5005503268526997,-482.2372186688755,884.450696983521,1.7654397538535704e-05,437,472,1.8820763978566566,0.04132991649411776,24,0
909,321,2,0.6521980047582384,0.5005497372326222,-519.1385838645631,885.437461263695,2.4894990701795905e-05,437,473,1.8815178275723299,0.06372619799148112,22,0
910,320,5,0.6514820890077752,0.5005491174800579,-547.6799528421923,886.4242400886286,1.7596606085135136e-05,438,473,1.8792978008683972,0.031668782158251904,18,0
911,319,2,0.6518642362284895,0.500548530414101,-493.8725801494875,887.4110189129727,2.481287231148599e-05,438,474,1.8804079230583977,0.023853434525698346,18,0
912,325,3,0.6522455463235561,0.5005479134136813,-516.4739251068959,888.3978122339595,1.7539176837999548e-05,439,474,1.8806929713424396,0.0460292410147349,22,0
913,318,4,0.6515319283996425,0.5005473288852671,-1258.045159265349,889.384605556545,2.4731253461141023e-05,439,475,1.878470981661689,0.0006147741344149954,24,0
914,321,1,0.6519127682067286,0.5005467146187037,-473.5413662646034,890.3714133279794,1.7481951886111347e-05,440,475,1.8829859099404644,0.0323472916206052,24,0
915,330,4,0.6522927764846417,0.5005461326114148,-513.4251029491944,891.3582210982976,2.465002319240739e-05,440,476,1.8757304148054135,0.019990785387756452,32,0
916,321,5,0.651581441691978,0.5005455210605745,-592.6262926744862,892.3450432715337,1.742503161494824e-05,441,476,1.8768131402236214,0.013287430862216423,20,0
917,324,4,0.6519609829859718,0.5005449415581318,-532.5929194250916,893.3318654450145,2.4569061338297615e-05,441,477,1.8795978750521878,0.04711364182547675,14,0
918,329,3,0.6523396982910387,0.5005443327050316,-521.3935258334164,894.3187019726246,1.736845774757967e-05,442,477,1.8757116015278053,0.04334764784660616,26,0
919,327,8,0.6516306320747448,0.5005437556912897,-523.1060094959283,895.305538501008,2.4488772510267154e-05,442,478,1.8743471094466557,0.01091213635533201,20,0
920,324,2,0.6520088836655354,0.5005431495181089,-596.1094512349819,896.2923893372082,1.7312241766376246e-05,443,478,1.8787673728001204,0.013619002246528226,22,0
921,329,4,0.6523863147528232,0.5005425749770674,-600.2455786417028,897.2792401733308,2.4409025058957923e-05,443,479,1.8741133318544076,0.005621578707609752,25,0
922,323,4,0.6516795026966294,0.5005419714661616,-585.0240394113916,898.2661052707055,1.7256488263228675e-05,444,479,1.8768078159497121,0.020983480772714603,19,0
923,329,6,0.6520564733050338,0.5005413993819524,-531.8340926562793,899.2529703683048,2.432972223687102e-05,444,480,1.874934608766864,0.023113548786018477,28,0
924,329,5,0.652432628840654,0.5005407985157954,-533.4922643254883,900.2398496809035,1.720089767331956e-05,445,480,1.8752424586339458,0.0045437154257182595,28,0
925,329,4,0.6517280566652203,0.5005402288726913,-535.1488055965488,901.226728994425,2.4250610294984654e-05,445,481,1.875748300248456,0.03750347634607707,24,0
926,326,2,0.6521037549241973,0.5005396306339499,-529.6406763640822,902.2136224766055,1.7145396782325406e-05,446,481,1.8788054041475921,0.014142289589453795,18,0
927,325,2,0.6519396551724514,0.5005390634163531,-471.1277257612231,903.2005159594308,2.4172018925128214e-05,446,482,1.8764845326365285,0.019377689826626666,24,0
928,332,5,0.6517762970484781,0.5005384677878091,-615.1179019242145,904.1874235641372,1.7090557776100468e-05,447,482,1.8768866180710602,0.005271312716214181,31,0
929,330,3,0.6516134180154272,0.500537902980253,-527.06857115678,905.1743311702648,2.4094075229186274e-05,447,483,1.8773182375452933,0.041787534127105924,18,0
930,325,2,0.6519871106338182,0.5005373099448649,-517.163313264962,906.1612528533994,1.7035986047631013e-05,448,483,1.877650333552412,0.03841590799711088,14,0
931,330,5,0.6518242268743987,0.500536747532025,-543.5215063515277,907.1481745362638,2.401658377948479e-05,448,484,1.878046867912146,0.010596036123905589,18,0
932,333,5,0.6516618192906439,0.500536157072889,-534.3969007995091,908.1351102528281,1.698168262009858e-05,449,484,1.8783893750481289,0.00856234248229695,24,0
933,331,5,0.6520342612420398,0.500535597039556,-536.0795805202387,909.1220459691906,2.3939407924444822e-05,449,485,1.8787336208867673,0.014770486135928794,16,0
934,328,2,0.6518718491323526,0.5005350091399094,-500.113583643104,910.1089956722276,1.6927523120102705e-05,450,485,1.8793191308860207,0.03264980517557696,18,0
935,330,2,0.6517099103093783,0.5005344514710104,-532.0221204268538,911.095945375898,2.3862543002906023e-05,450,486,1.8795590830162168,0.06031794134987231,22,0
936,324,1,0.6520811099252527,0.50053386611425,-533.7427445701618,912.0829090217744,1.687371491243539e-05,451,486,1.8800919964612421,0.07097290695765598,12,0
937,327,2,0.6519191667732371,0.5005333107948341,-527.5035170243108,913.0698726680764,2.3786202973496984e-05,451,487,1.8804739719293548,0.03019456764466479,26,0
938,333,3,0.6517576940451391,0.5005327279644877,-529.2645477097993,914.0568502124104,1.6820298924358212e-05,452,487,1.8806536134205079,0.04753986403512657,22,0
939,332,3,0.6521276595745342,0.5005321749797473,-574.7465204626426,915.0438277558349,2.371036907788948e-05,452,488,1.8810909014508628,0.04131359703763827,35,0
940,332,6,0.6519661827105823,0.5005316235134654,-601.9207823595784,916.0308191531028,1.676661327110196e-05,452,489,1.8814917744499273,0.0019388955362158473,14,0
941,334,6,0.6518051734338279,0.5005310439947046,-591.6458277915506,917.0178105514395,2.3634964009033865e-05,453,489,1.878092606568239,0.01131062325432197,27,0
942,333,2,0.652173913043461,0.5005304948389269,-538.6149969866059,918.0048157586301,1.671284360327263e-05,453,490,1.882219150454591,0.02329648648245351,32,0
943,334,3,0.6520128998208309,0.5005299178089788,-511.9893679357168,918.9918209658906,2.3559977876175253e-05,454,490,1.882559566203085,0.017380777842605832,22,0
944,337,5,0.6518523513738996,0.500529370949183,-605.1001309298582,919.9788399392817,1.6659187622281024e-05,454,491,1.8763637079166553,0.01755245923375641,25,0
945,335,4,0.652219873150038,0.5005287963920356,-573.4824720976261,920.9658589122478,2.3485218434871058e-05,455,491,1.883286772703951,0.004738513562977351,20,0
946,336,5,0.6520593209437477,0.5005282518138706,-547.0225792111562,921.9528916072093,1.6605766404609312e-05,455,492,1.8812020508589824,0.019560079109901225,31,0
947,335,4,0.6518987341772167,0.5005276797136629,-548.6764736741256,922.9399243021774,2.341100594094314e-05,456,492,1.8790751731039634,0.00849135241400209,20,0
948,338,6,0.6522655426765138,0.5005271374028625,-543.4202371079805,923.9269706755932,1.6553060845581058e-05,456,493,1.8843867329254582,0.0048460777880075905,20,0
949,337,4,0.6521054488835744,0.5005265677438601,-545.1130823782728,924.9140170486867,2.333727229597571e-05,457,493,1.884733935797392,0.042030627479710356,20,0
950,340,5,0.6519453207149357,0.5005260276862868,-599.2302704465046,925.9010770578409,1.650040485401405e-05,457,494,1.8773306390816191,0.02432874150002807,39,0
951,334,5,0.6517858987643577,0.5005254604529012,-569.0739811047952,926.8881370666022,2.326393018847739e-05,458,494,1.8854812188716927,0.004955368625269326,25,0
952,338,3,0.6521512864090513,0.5005249226345453,-500.6899262062196,927.8752106688927,1.6448152337034116e-05,458,495,1.8807267806449959,0.014944723324688415,32,0
953,337,3,0.6519916142556826,0.5005243578112977,-575.2481220191521,928.8622842699932,2.3190873093881237e-05,459,495,1.8860836379016979,0.013558986010415445,14,0
954,338,8,0.6518326441223572,0.5005238222182514,-538.3862505328881,929.8493714204761,1.6396062505918962e-05,459,496,1.885597130415731,0.005066400284996253,26,0
955,339,4,0.6521968362541074,0.5005232597898157,-549.8394848274106,930.8364585715399,2.311820389877539e-05,460,496,1.8836563406950653,0.027472826852180093,14,0
956,336,3,0.652037617554885,0.5005227264082954,-551.5179465532691,931.8235592301488,1.634423858831724e-05,460,497,1.8860869539981375,0.002512894650416061,28,0
957,336,3,0.6518790967147123,0.5005221663594784,-546.0293553034169,932.8106598883876,2.3045958414513734e-05,461,497,1.8863357049521619,0.005179186916509877,28,0
958,340,5,0.652242101118526,0.500521635175804,-547.7471603666964,933.7977740113839,1.629283667625714e-05,461,498,1.874462258363882,0.010182906603228778,14,0
959,338,5,0.6520833333333115,0.5005210774915134,-525.892169089812,934.7848881346376,2.2974187459112727e-05,462,498,1.8838800186505282,0.00824531084855939,24,0
960,338,4,0.6519252592832554,0.5005205484921311,-543.5173145021314,935.7720156806497,1.6241718412857153e-05,462,499,1.8826652859724022,0.004195420290432445,16,0
961,336,2,0.6522870836685815,0.5005199931574265,-533.6409578547111,936.7591432256369,2.2902953560333117e-05,463,499,1.881459214455167,0.03725908755799031,16,0
962,339,3,0.652128764278278,0.50051946632888,-556.1667937446794,937.7462841531315,1.6190998621823383e-05,463,500,1.8838688693317072,0.025928345619105668,14,0
963,344,4,0.6519711345354925,0.5005189133289476,-557.8311135241497,938.7334250798082,2.2831784576737846e-05,464,500,1.8772645973121813,0.03438399618023283,32,0
964,341,5,0.6523317865369564,0.5005183886579021,-559.4938532014302,939.7205793461696,1.6140305092449125e-05,464,501,1.8799981230254668,0.044980336813589816,22,0
965,342,4,0.6521739130434093,0.5005178379780278,-531.6718845779744,940.7077336120257,2.2761008835914254e-05,465,501,1.8823954711586073,0.021743997922409948,16,0
966,343,3,0.6520167251456814,0.5005173154512524,-548.5804755506197,941.6949011766876,1.6089968084997963e-05,465,502,1.880453215069993,0.02647527027240948,12,0
967,343,3,0.6523762123241783,0.500516767076874,-550.3235107281574,942.6820687406666,2.269066385451879e-05,466,502,1.8806845752461658,0.014754095455025651,20,0
968,339,2,0.6517029643231717,0.5005162466812406,-544.0947257160282,943.6692495609167,1.6039975093917747e-05,466,503,1.8838665918678652,0.010854343410405906,20,0
969,344,6,0.6515468647109006,0.5005157005979012,-545.8782579190047,944.656430381134,2.2620891286351252e-05,467,503,1.8760738040745268,0.01826527363697671,32,0
970,346,5,0.6524203635984559,0.5005151823204036,-616.4440354745448,945.6436244177808,1.599010988684313e-05,467,504,1.8792186812717433,0.02250568295158375,21,0
971,339,1,0.6517491481069402,0.5005146385137744,-559.0818702783968,946.6308184542695,2.2551338702214707e-05,468,504,1.8831213649450156,0.07505361282621023,20,0
972,342,4,0.6515934815254341,0.5005141223414965,-553.576675673869,947.6180256648815,1.5940702610350854e-05,468,505,1.8736282540346985,0.029943749715575306,24,0
973,346,5,0.6519507186858605,0.5005135807973603,-555.3067848150506,948.6052328766309,2.248207169941452e-05,469,505,1.879915992496454,0.0028806889035657983,22,0
974,341,3,0.6517950476853887,0.500513066717496,-635.6396710398238,949.592453221713,1.5891545558588405e-05,469,506,1.8808865310737963,0.011254388312967994,21,0
975,345,4,0.6516398117679771,0.5005125274217628,-551.070725164476,950.5796735667981,2.2413541387322766e-05,470,506,1.8767723740058841,0.0020290885353226266,28,0
976,344,2,0.6519959058341446,0.5005120154216179,-541.154426242365,951.5669070058639,1.5842668517507263e-05,470,507,1.8806356199003242,0.030550910714316572,20,0
977,341,2,0.6518406656737935,0.5005114783603031,-563.7941672907232,952.5541404455969,2.2344995045386895e-05,471,507,1.8816248323774512,0.017297261959494346,18,0
978,347,5,0.6516858580729842,0.500510968427269,-565.4707780749393,953.5413869382979,1.5793962916177406e-05,471,508,1.8760172136681568,0.0037983118028636544,16,0
979,347,5,0.6520408163266347,0.5005104335865177,-576.5901187159876,954.5286334316933,2.2277019070315873e-05,472,508,1.8776810992160056,0.04803838055087136,22,0
980,346,3,0.6518860046556605,0.5005099257081078,-561.9398864640126,955.5158929386847,1.5745624637020228e-05,472,509,1.8786489580565764,0.04067240027922327,22,0
981,346,3,0.6517316230426886,0.5005093930741735,-556.195779327031,956.503152445892,2.220939995822846e-05,473,509,1.8776815938282179,0.03744542517944854,20,0
982,346,2,0.6520854526958816,0.5005088872379803,-557.9512921031024,957.4904249266338,1.56974076617189e-05,473,510,1.8780082583356763,0.057290004696310105,18,0
983,342,0,0.6519310671828978,0.5005083567972175,18.54058349515884,958.4776974074231,2.2141967065181234e-05,474,510,1.8808766540904767,0.2343719674261493,18,0
984,349,4,0.651777109247552,0.5005078529909566,-570.1072921084844,959.4649828225877,1.564953299748595e-05,474,511,1.8783002357389453,0.019850108091257652,26,0
985,348,4,0.6521298174442169,0.5005073247298552,-571.7700757764588,960.4522682381242,2.207502609508083e-05,475,511,1.878672902859655,0.031910425532731296,16,0
986,347,4,0.6519758557760659,0.500506822941313,-573.4313142986683,961.4395665480199,1.5602043731632875e-05,475,512,1.8789785448321372,0.03830422205473874,20,0
987,354,8,0.6518218623480605,0.5005062968464568,-1401.04642341982,962.4268648586683,2.2008455289324047e-05,476,512,1.8792982206977795,0.0002533209989005409,24,0
988,350,4,0.6521739130434093,0.5005057970635468,-584.963347754266,963.4141760253859,1.5554671676909493e-05,476,513,1.879743741290018,0.01839714696785493,21,0
989,347,2,0.6520203729258649,0.5005052731216323,-517.5796032694257,964.4014871918563,2.194224748564011e-05,477,513,1.8800508995182192,0.008084933713062764,26,0
990,352,5,0.6518668012110251,0.5005047753323428,-558.751544329728,965.3888111752204,1.550763590785209e-05,477,514,1.8803854420762456,0.005845987918039868,22,0
991,348,4,0.6517138794817778,0.5005042788406958,-635.5720405444221,966.3761351587517,2.187601728564914e-05,477,515,1.8808031886541174,0.01876856193214848,22,0
992,349,3,0.652064621092172,0.500503757722601,-604.2037415115504,967.3634719199435,1.5460710642400954e-05,478,515,1.8810747311136489,0.01704440185171408,16,0
993,352,4,0.6519114688128773,0.5005032632049844,-591.8139858333698,968.3508086815638,2.180962155762245e-05,478,516,1.881409767297333,0.011411531729767216,23,0
994,354,4,0.651758962812156,0.5005027442094301,-596.8925314418678,969.338158183789,1.5413937717312365e-05,479,516,1.881808110641448,0.027786592098813057,33,0
995,354,6,0.652108602705657,0.5005022516540807,-601.6492187673405,970.3255076839077,2.1743547677033348e-05,479,517,1.8809219399106807,0.012808399127632028,22,0
996,354,3,0.651955867602832,0.5005017347681232,-563.9387584721437,971.3128698875772,1.536770889742911e-05,480,517,1.8822164946348297,0.023287536002258427,28,0
997,349,2,0.6518037751027819,0.5005012441633865,-565.7069980361284,972.300232090734,2.167780792206031e-05,480,518,1.8828667964133312,0.0561454138424543,18,0
998,354,2,0.6521523201676951,0.5005007293741826,-525.2394834350368,973.2876069559951,1.5321652426791843e-05,481,518,1.8831693372410847,0.028345834190912904,30,0
999,354,2,0.6520000000000691,0.5005002407084891,-561.2414171735095,974.2749818212236,2.1612396494674613e-05,481,519,1.8831574645278146,0.04425211912269868,40,0
1000,352,6,0.6518483187905628,0.5004997280033037,-579.6209776363796,975.2623693124073,1.5275654391189164e-05,482,519,1.8822814571980189,0.01613928183717991,20,0
1001,359,5,0.6521957758508736,0.5004992412651733,-1379.56190149521,976.2497568040217,2.154719436475716e-05,482,520,1.880179437887826,0.0004376499584944777,16,0
1002,351,2,0.6520438683949368,0.500498730631376,-576.3232375755638,977.2371568814098,1.5230264011734107e-05,483,520,1.8845608349446044,0.05730014018233801,18,0
1003,353,6,0.6518925962833755,0.5004982458094305,-570.8154238437802,978.2245569594133,2.148259750356374e-05,483,521,1.879148397360367,0.009840191330984235,16,0
1004,357,4,0.6522389720992653,0.5004977372344821,-572.5692099080745,979.2119695874377,1.5184781432253658e-05,484,521,1.8825980288301132,0.02426261013633408,26,0
1005,354,4,0.6520874751490181,0.5004972543174191,-566.557535870239,980.1993822158646,2.141823642887175e-05,484,522,1.8836964894440233,0.005794688485004337,28,0
1006,353,1,0.6519366099601853,0.5004967477888956,-556.5449931904815,981.1868073567357,1.5139582956180675e-05,485,522,1.8815524838961666,0.05372215144468941,22,0
1007,357,6,0.6522819112296809,0.5004962667655075,-671.521564582809,982.1742324968427,2.1354139107643277e-05,485,523,1.8786506977954929,0.007269882397567703,24,0
1008,356,4,0.6521308225966436,0.5004957622710771,-587.5698088222368,983.1616701110332,1.5094841387508495e-05,486,523,1.884571600443472,0.02475928940832364,14,0
1009,356,4,0.651980362171965,0.5004952831302465,-589.228679328624,984.14910772662,2.1290445488375553e-05,486,524,1.8784042835046193,0.02729826384669407,22,0
1010,355,4,0.6523245955306278,0.5004947806576809,-577.600106428908,985.1365577808972,1.5050035472086165e-05,487,524,1.881067530505953,0.03914773224077297,18,0
1011,358,4,0.6521739130433578,0.500494303388369,-632.3421085926844,986.1240078337838,2.122710964158614e-05,487,525,1.8805458481813604,0.022895698437201316,26,0
1012,362,4,0.6520238552412974,0.5004938029255213,-686.5146530550375,987.1114702882228,1.5005866316641914e-05,488,525,1.8792215920027437,0.0021473566435714878,14,0
1013,357,2,0.6518737672582606,0.5004933275167818,-532.9331411735303,988.0989327423638,2.1163972860449576e-05,488,526,1.8802996102335616,0.02784137439499842,12,0
1014,354,3,0.6522167487685144,0.5004928290516364,-596.7701177995564,989.0864075619992,1.4961673514335416e-05,489,526,1.8797772860123296,0.06001751055389154,20,0
1015,364,6,0.6515752343474888,0.5004923554926219,-587.6040698867334,990.0738823798898,2.110123830334487e-05,489,527,1.875300985733351,0.03076637691888704,20,0
1016,361,5,0.6519174041298357,0.5004918590132124,-636.8206589727101,991.0613695275874,1.4917670114300563e-05,490,527,1.8779271583926294,0.025771002732653002,22,0
1017,357,4,0.6522593320235366,0.5004913872931193,-584.2942709857647,992.0488566732901,2.1038981344645435e-05,490,528,1.876612803090295,0.028390904432781826,16,0
1018,359,2,0.651619663357411,0.5004908927876255,-578.759729447844,993.0363561120554,1.487409679157281e-05,491,528,1.880095835068696,0.01963375317858255,26,0
1019,358,0,0.6519607843137055,0.5004904228957817,19.50855283650043,994.0238555510133,2.097683056945243e-05,491,529,1.8885889982745976,0.11553527685267884,26,0
1020,361,6,0.6523016650344066,0.5004899303524303,-574.4866182429482,995.0113672453205,1.4830455370429263e-05,492,529,1.8742708207780048,0.00038090734683018164,16,0
1021,359,5,0.6516638315373434,0.5004894622782161,-633.7942876969099,995.9988789393593,2.091510430091148e-05,492,530,1.8761102676337154,0.03769136962291781,18,0
1022,367,7,0.6520039100683445,0.5004889716853597,-651.0304720389867,996.9864028523386,1.4787229702051263e-05,493,530,1.8779855669015828,0.008060894375885912,33,0
1023,362,3,0.652343749999979,0.5004885054182416,-595.6436031748286,997.9739267651737,2.085374217131175e-05,493,531,1.8758613805090174,0.05743364226894735,20,0
1024,359,2,0.6517077411774576,0.5004880167643154,-583.8665375160294,998.9614628630808,1.4744215945938777e-05,494,531,1.880186462993712,0.026807276966008195,20,0
1025,360,3,0.6520467836257884,0.5004875522938539,-562.4961108848596,999.9489989600787,2.079243506614148e-05,494,532,1.878022700301258,0.012453255152166404,22,0
1026,364,3,0.6518988928374286,0.5004870655673745,-579.7989125505983,1000.9365472043697,1.47014062577e-05,495,532,1.8766861728343422,0.022500563568618348,24,0
1027,360,2,0.6517513945411963,0.5004866028831982,-581.5932997633571,1001.9240954496535,2.073169957839127e-05,495,533,1.8769652838302493,0.0538668249424363,18,0
1028,358,2,0.6520894071915969,0.500486118072786,-540.7341491264439,1002.9116558077562,1.4658651821264357e-05,496,533,1.877246468455486,0.02733465547984529,28,0
1029,366,4,0.6519419053639269,0.5004856571646084,-600.2507284874513,1003.899216165344,2.0671139054684318e-05,496,534,1.8750235210155153,0.042517598810278036,22,0
1030,371,9,0.6517943743937084,0.5004851742589647,-601.9108405908228,1004.8867886006266,1.4616353382734815e-05,497,534,1.875336644732434,0.015646641128684424,26,0
1031,364,4,0.6521317829458481,0.5004847151165707,-634.1879685256041,1005.8743610361746,2.061102338757337e-05,497,535,1.875651152482277,0.03615589170501294,26,0
1032,364,2,0.6519846680617051,0.5004842341044945,-585.0460360101919,1006.8619455124485,1.457411246974516e-05,498,535,1.8761446339922287,0.05495247480830791,20,0
1033,372,5,0.6518375241779061,0.5004837767177629,-586.8278235197118,1007.8495299893742,2.055110780929681e-05,498,536,1.876475850647733,0.011786161521471716,32,0
1034,365,4,0.6516909772157148,0.5004832975881285,-580.714604118185,1008.8371264740607,1.4532260252053675e-05,499,536,1.8767437216436809,0.02342097010654985,16,0
1035,367,3,0.652027183101045,0.5004828419469945,-582.536851280623,1009.8247229596641,2.0491666873567738e-05,499,537,1.877119875694996,0.04007005027361415,26,0
1036,370,3,0.6518804243008356,0.5004823646887763,-619.9312031662264,1010.8123314156312,1.4490565831692948e-05,500,537,1.8776461512574125,0.05153037420538083,39,0
1037,367,4,0.6517342591589824,0.5004819107832724,-602.1611937444246,1011.7999398728197,2.0432238329703978e-05,500,538,1.8778760140850608,0.02166405509460851,26,0
1038,369,4,0.6520694526273266,0.5004814353855194,-655.2277461825793,1012.7875602680891,1.444892984636681e-05,501,538,1.8782055347653333,0.008905625118250833,22,0
1039,367,5,0.6519230769232858,0.5004809832057471,-635.5598706149001,1013.7751806634578,2.0373352185742988e-05,501,539,1.8785812251804326,0.007249272358801968,31,0
1040,368,5,0.6517772916405974,0.5004805096575993,-586.1025244120069,1014.7628129612272,1.440780988559709e-05,502,539,1.8789889714127859,0.0018588010058758293,20,0
1041,366,3,0.6521114787609885,0.5004800591937155,-627.0834987388242,1015.7504452595937,2.0314704329393862e-05,502,540,1.8793084732252492,0.052570492650231115,12,0
1042,362,2,0.6519654841802645,0.5004795874844021,-669.4659808275004,1016.7380894274356,1.4366586356118205e-05,503,540,1.8797522491179557,0.020279346433725615,26,0
1043,369,4,0.6518200768109876,0.5004791387266695,-606.8454405192217,1017.7257335946347,2.025626031354477e-05,503,541,1.879973925185543,0.004807707043939503,18,0
1044,373,6,0.6521532635982376,0.5004786688454886,-613.935203822892,1018.7133895973643,1.4325924666991341e-05,504,541,1.8804062560041206,0.018587338994448012,30,0
1045,366,5,0.652007648183539,0.500478221784229,-610.1936346487645,1019.7010456009225,2.0198285483274958e-05,504,542,1.8806002076947237,0.029616330766058047,28,0
1046,368,4,0.6518626167961141,0.5004777758280621,-598.8607084345448,1020.6887134044615,1.4284872463576903e-05,504,543,1.8809599491478712,0.010366634450279884,22,0
1047,374,5,0.652194809211423,0.5004773083461849,-593.2224786549597,1021.6763812080071,2.014027791119588e-05,505,543,1.8814322025743488,0.0024891337761476463,28,0
1048,367,2,0.6520495710201537,0.5004768640706775,-522.9420648493274,1022.6640607793875,1.4243698501559265e-05,505,544,1.8816194369737276,0.011612490726140413,22,0
1049,371,4,0.6519049136975872,0.5004763983924775,-588.8706544080144,1023.6517403502196,2.0082904370610777e-05,506,544,1.881974795866935,0.030175792164674347,28,0
1050,376,4,0.652236117648688,0.5004759557881365,-613.1335201579869,1024.639431655621,1.420272201357875e-05,506,545,1.8823564119266305,0.012990116245857969,24,0
1051,374,6,0.6520912547528029,0.5004754919031845,-614.7953820820959,1025.6271229596919,2.0025619051011745e-05,507,545,1.8825841619962294,0.009632735013310658,26,0
1052,372,4,0.6519469695928334,0.5004750509606052,-616.4557933780403,1026.614825965704,1.4161833860271145e-05,507,546,1.8829794934234318,0.02127730716081274,22,0
1053,370,2,0.6522771909355803,0.5004745888585698,-598.4689935818399,1027.6025289706888,1.9968757214883226e-05,508,546,1.8832931062977996,0.006393436871833014,26,0
1054,370,3,0.6521327014217531,0.5004741495684069,-572.0485083935625,1028.5902436426352,1.4121287904345081e-05,508,547,1.8835859979217828,0.02582104229470254,22,0
1055,373,4,0.651988786536064,0.500473689239016,-680.7212443336746,1029.5779583146414,1.9912090692741913e-05,509,547,1.883902381452263,0.005210525338445027,13,1
1056,369,3,0.6518452431466746,0.5004732515919905,-596.1447492256656,1030.565684621566,1.408068692398956e-05,509,548,1.8840939253780227,0.03398839832322381,26,0
1057,369,2,0.6521739130435125,0.5004727930250711,-624.4144902458057,1031.5534109268012,1.985570065698994e-05,510,548,1.8845557813145737,0.07485316027308397,22,0
1058,380,7,0.6520303665580538,0.5004723570119858,-615.2295982118687,1032.5411488339028,1.4040565247341874e-05,510,549,1.8838710448476952,0.0053148541835553766,34,0
1059,375,8,0.6518871895769601,0.5004719001974202,-610.5939886331463,1033.5288867408278,1.9799716255874955e-05,511,549,1.8779439127161448,0.0002824296491761138,20,0
1060,371,2,0.652214891611618,0.5004714658091327,-605.4231068859459,1034.5166362157972,1.400053474753804e-05,511,550,1.8850605617901142,0.048243660458569454,22,0
1061,377,2,0.6520717116664119,0.500471010736907,-599.7080720900921,1035.5043856902598,1.9743858274523518e-05,512,550,1.8858457897178131,0.05247109218861948,22,0
1062,375,4,0.6519288992495323,0.5004705779643498,-601.5187041115172,1036.4921467008348,1.3960927162770531e-05,512,551,1.8799459586462064,0.02682095683000839,20,0
1063,374,1,0.6522556390977295,0.5004701246244984,-595.292896672288,1037.4799077108314,1.968838955690444e-05,513,551,1.8861446231741907,0.05718369773125504,34,0
1064,380,5,0.652112823846496,0.5004696934586774,-619.9202201886773,1038.467680223519,1.3921325034971233e-05,513,552,1.8824899296105952,0.03832023229173037,18,0
1065,379,6,0.6519699812383537,0.500469241841331,-621.5970635092291,1039.4554527367363,1.9633145711850375e-05,514,552,1.8792518491223562,0.01278419716050882,32,0
1066,380,4,0.6522961574507127,0.500468812273302,-617.2089675892737,1040.4432367204195,1.3881903441870236e-05,514,553,1.8829698618936406,0.011636739937210958,24,0
1067,375,2,0.6521537050610379,0.5004683623686617,-605.0308160153442,1041.431020703783,1.9578156070565456e-05,515,553,1.882500338089074,0.05366437672692867,16,0
1068,375,3,0.6520112254444969,0.5004679343895615,-724.5925650211352,1042.4188161250752,1.3842767884852947e-05,515,554,1.8799335890910265,0.004519312279537634,22,0
1069,380,3,0.6523364485981464,0.5004674861878907,-600.8197638428518,1043.4066115471398,1.952341017386061e-05,516,554,1.883704747297125,0.03912578967269764,30,0
1070,375,4,0.6517277461269346,0.5004670597889278,-635.0066292171177,1044.3944183746305,1.380377239001973e-05,516,555,1.8790082235906809,0.017580475364253702,12,0
1071,378,3,0.65205223880582,0.5004666132805828,-626.2179500587428,1045.3822252024236,1.9468883465378894e-05,517,555,1.8813405409381876,0.03330068744079921,18,0
1072,384,5,0.6523765144454052,0.5004661884530013,-1537.429829589311,1046.370043404936,1.3765017911282484e-05,517,556,1.8801695856641572,0.0002232896784428941,15,0
1073,375,4,0.651769087523327,0.5004657436283958,-629.5447026170526,1047.3578616062205,1.9414684629737167e-05,518,556,1.8797014361442481,0.0548711268650603,18,0
1074,383,7,0.6520930232558504,0.5004653203635309,-685.9135798610708,1048.3456911516446,1.3726442375627812e-05,518,557,1.8757983602451342,0.016313009851742367,18,0
1075,384,2,0.6524163568773722,0.5004648772131576,-1418.703272400865,1049.3335206950442,1.9360766827958287e-05,519,557,1.8808840528448425,4.461263602360159e-05,32,0
1076,376,3,0.6518105849582679,0.5004644555024083,-662.8897337922948,1050.3213615518707,1.3687990303878905e-05,519,558,1.8783072324030354,0.04502012773324233,22,0
1077,379,0,0.6516699025544935,0.5004640140168339,19.53410314542623,1051.3092024072273,1.9307014781588805e-05,520,558,1.8820868763228806,0.224296662233892,34,0
1078,385,5,0.6519927295706115,0.5004635938516392,-626.8039820856314,1052.2970545410076,1.3649840411744663e-05,520,559,1.8780706247541048,0.0039044714603678845,24,0
1079,381,5,0.6518518518519025,0.5004631540214893,-702.5148860739553,1053.2849066759798,1.9253634263804997e-05,521,559,1.8769106444213457,0.008345710608295902,28,0
1080,386,5,0.6517115213456399,0.5004627353933746,-630.186588125722,1054.2727700588546,1.3611872418550774e-05,521,560,1.8778384206035323,0.006810717674613932,20,0
1081,383,4,0.6520334148115656,0.5004622972093588,-611.6813792613505,1055.2606334409847,1.9200519318474107e-05,522,560,1.8787742820023248,0.01859604911124995,16,0
1082,381,4,0.651892890120059,0.5004618801099028,-668.8138401435515,1056.2485080414485,1.3573969454228063e-05,522,561,1.8748325429672763,0.022488648850563897,16,0
1083,385,5,0.6517529097763057,0.5004614435627939,-650.337678485247,1057.2363826408791,1.914759286592016e-05,523,561,1.879253126956069,0.01278995801448534,32,0
1084,381,4,0.652073875066932,0.5004610279836343,-663.7454753474761,1058.2242684257635,1.3536322512663901e-05,523,562,1.875278723047827,0.003250204995699656,25,0
1085,387,7,0.6519337016575304,0.500460593064272,-665.6655146705182,1059.2121542121993,1.9094807839792338e-05,524,562,1.8754294335102502,0.015700699900368188,28,0
1086,386,6,0.6517940697534271,0.5004601789971083,-686.6279882607139,1060.2000511516378,1.3498891121344059e-05,524,563,1.8778417940450225,0.022921973631999593,24,0
1087,382,5,0.6521141121972656,0.500459745696408,-636.5516987612566,1061.1879480913065,1.9042449594053323e-05,525,563,1.8760908578717883,0.030065778878472237,24,0
1088,387,4,0.6519742883378794,0.5004593331330035,-661.9775977587434,1062.1758561558775,1.3461672551784432e-05,525,564,1.8764322514241383,0.038963577695082005,31,0
1089,387,4,0.6518350031637299,0.5004589014419426,-612.9430692212588,1063.1637642210646,1.899028143270698e-05,526,564,1.8778466355616972,0.027795347242492708,16,0
1090,380,3,0.6521541280437704,0.5004584903741153,-614.7850249732685,1064.1516833778885,1.3424694543573423e-05,526,565,1.8770881689625536,0.023360360334053774,28,0
1091,385,2,0.6520146520147905,0.5004580602837242,-632.0732457390782,1065.1396025356958,1.89384552413685e-05,527,565,1.878331951779976,0.012106137872018434,16,0
1092,387,4,0.6518757118725789,0.5004576507033587,-639.503802309919,1066.1275327565027,1.3387850231083576e-05,527,566,1.8777893613439076,0.054516809921183004,14,0
1093,387,8,0.6521939244265298,0.5004572222047743,-641.1705723524615,1067.1154629774753,1.8886707721321727e-05,528,566,1.8780178600715747,0.021637747987762593,16,0
1094,391,5,0.6520547945205837,0.5004568141038032,-1493.48869997325,1068.1034042317297,1.33510552586813e-05,528,567,1.8785204494775445,0.00019710778715690446,28,0
1095,384,2,0.651916197725047,0.5004563871881806,-618.418543260643,1069.0913454854249,1.8835393120752997e-05,529,567,1.8787943399539808,0.05101337892006495,14,0
1096,386,4,0.652233503145936,0.5004559805586114,-620.2482424630485,1070.079297741,1.3314428997546202e-05,529,568,1.8790543990050859,0.018251607503113013,16,0
1097,388,3,0.6520947176684954,0.5004555552172014,-706.5707449389212,1071.0672499984364,1.8784313624564675e-05,530,568,1.879587796539433,0.008371624165870721,27,0
1098,386,4,0.6519564625462092,0.5004551500510743,-638.5695417576696,1072.0552132267874,1.3278183587317471e-05,530,569,1.8796791197298384,0.037361026734295616,24,0
1099,389,5,0.6518185503851271,0.5004547262751877,-651.1658605660924,1073.0431764556793,1.8733437627815874e-05,531,569,1.8800058859672157,0.04785886250478197,28,0
1100,390,6,0.6521344232516044,0.5004543225646231,-1534.38850570754,1074.0311506256398,1.3241961141829961e-05,531,570,1.8803690185799606,0.00047585085545169743,30,0
1101,385,3,0.6519965081414613,0.5004539198028882,-623.8315314931556,1075.0191247978585,1.868238064162142e-05,531,571,1.8806328912436963,0.006969071702402569,22,0
1102,388,3,0.651858934225176,0.5004534980827905,-625.6491283835563,1076.0071098815986,1.3206001312937587e-05,532,571,1.8810184369035081,0.007778846134200752,28,0
1103,389,4,0.6521739130434093,0.5004530967637133,-619.6883307098458,1076.9950949648166,1.863140232671867e-05,532,572,1.8813399333874377,0.017217880427869897,22,0
1104,388,3,0.6520363362959377,0.500452676589229,-692.8000813603688,1077.9830909317855,1.3170221563996165e-05,533,572,1.8794156434339104,0.03582948818568983,26,0
1105,390,2,0.6518990989888117,0.5004522767050782,-644.9846091419009,1078.9710868995387,1.8580421283331816e-05,533,573,1.8819416161548936,0.07133584535325294,22,0
1106,392,4,0.6522131887985607,0.5004518580677222,-646.6682406183694,1079.9590937192113,1.313433267569053e-05,534,573,1.8822416656067102,0.05313218463838202,20,0
1107,396,8,0.6520759487762233,0.5004514596108084,-648.3504507146154,1080.9471005395826,1.8529821318225004e-05,534,574,1.877222970802165,0.015985789985812324,32,0
1108,393,2,0.651939046454074,0.5004510425021645,-630.9884632288171,1081.9351181838733,1.3098827594149043e-05,535,574,1.8829554399716397,0.04576019607103185,26,0
1109,392,4,0.6522522522521477,0.50045064546486,-697.1693850268347,1082.9231358290856,1.847945941335638e-05,535,575,1.8815756935508035,0.03306947352506775,18,0
1110,389,2,0.652115347329073,0.5004502298765583,-584.8751801013021,1083.9111642686748,1.3063746109764907e-05,536,575,1.8834944692918407,0.02562862526169149,24,0
1111,391,0,0.6519787783794203,0.5004498342512909,20.5017766263494,1084.899192707896,1.8429401052344474e-05,536,576,1.8838753894762872,0.11065924081621617,28,0
1112,396,8,0.6522911051212555,0.5004494201750428,-662.1432062635573,1085.8872319128643,1.3028627790845348e-05,537,576,1.877019631194805,0.02822486426995819,27,0
1113,398,7,0.6521545336831751,0.5004490259542848,-736.8807413907628,1086.875271118898,1.8379607126917108e-05,537,577,1.8787757610550104,0.012255787020794506,33,0
1114,398,6,0.6520182965048185,0.5004486133818418,-693.0267501909165,1087.8633210609469,1.2993389191251481e-05,538,577,1.884731890924089,0.018185919721539053,24,0
1115,392,4,0.6523297491038387,0.5004482205581243,-630.7299767237783,1088.8513710026923,1.832989164540777e-05,538,578,1.8763044519052663,0.013765960079717102,12,0
1116,391,1,0.6521935095478458,0.5004478094813044,-585.2055119071241,1089.8394316534275,1.2958641491422895e-05,539,578,1.885370278234408,0.02873055542091546,12,0
1117,396,4,0.6520576025511714,0.500447418047226,-626.5162233422222,1090.8274923029187,1.828045924412436e-05,539,579,1.8851872394633775,0.037175030439798425,18,0
1118,394,5,0.6523681858803301,0.5004470084579254,-644.5299824192041,1091.8155636333586,1.2923953363497276e-05,540,579,1.8741117953073516,0.010436485778908254,24,0
1119,397,3,0.6517857142857153,0.5004466184061086,-652.2257725101584,1092.8036349614954,1.8231380636279937e-05,540,580,1.8862553005277551,0.022357106834276014,26,0
1120,398,6,0.6520959765692433,0.5004462102962527,-670.0660859027078,1093.7917169420193,1.2889489653389319e-05,541,580,1.8847158601561167,0.005709247249481906,35,0
1121,396,2,0.6524064171123596,0.5004458216193876,-692.2830947794798,1094.779798921116,1.8182352050644113e-05,541,581,1.880093014360256,0.04569989159180115,22,0
1122,402,5,0.6518254674980015,0.500445414980973,-614.7170399176526,1095.7678915242207,1.2855238310294226e-05,542,581,1.8851254490100247,0.014274663579555074,24,0
1123,397,4,0.6516905236979357,0.5004450276718088,-632.1447857599012,1096.7559841255647,1.81336502009799e-05,542,582,1.8834682362365118,0.007936208437768889,18,0
1124,391,1,0.6520001323280887,0.5004446224968904,-622.5160519891821,1097.7440873211679,1.2821033124055248e-05,543,582,1.8849127431346686,0.048594128628348006,16,0
1125,401,6,0.6518650088810247,0.5004442365482122,-651.2256405067676,1098.7321905171386,1.808513729883998e-05,543,583,1.8826384505620362,0.0027475296116534114,20,0
1126,401,9,0.6517303888976629,0.5004438328289021,-696.206411172596,1099.7203042792437,1.2786977322321036e-05,544,583,1.8739164613637238,0.013244491751585524,17,0
1127,400,6,0.6520391387579245,0.5004434482335544,-660.3413020667168,1100.708418040654,1.8037004110738053e-05,544,584,1.8749236945263767,0.012086285483156708,14,0
1128,402,5,0.6519043401238986,0.5004430459620278,-686.8658367994111,1101.6965423387908,1.2753174132740241e-05,545,584,1.8826235194420935,0.004850642425099639,24,0
1129,397,7,0.6517700424252174,0.5004426627128997,-692.6509911164305,1102.6846666372132,1.7988995750783943e-05,545,585,1.871716053520954,0.014795444771650769,24,0
1130,398,1,0.652077938258714,0.5004422618813715,-723.7438226446884,1103.6728014460746,1.2719589449261548e-05,546,585,1.8855522592631413,0.02815251105971952,35,0
1131,402,5,0.6519434628973243,0.5004418799714148,-633.4249867855493,1104.6609362548977,1.794104537111707e-05,546,586,1.8729639889909704,0.004942381300730014,18,0
1132,403,4,0.651809485961964,0.5004414805721658,-761.9587225334569,1105.649081544428,1.268600499315653e-05,547,586,1.8724728153958,0.007462414189009843,24,0
1133,405,8,0.6521165324725126,0.5004410999943547,-690.4296899842404,1106.6372268344005,1.7893472431751434e-05,547,587,1.880540328780986,0.013732405185891815,18,0
1134,402,4,0.6519823788545789,0.5004407020197245,-692.2897139636887,1107.625382576948,1.2652589020945015e-05,548,587,1.8813557141065735,0.005035347235559831,24,0
1135,399,2,0.6518487211715497,0.5004403227671106,-668.3523735972877,1108.6135383213837,1.7846153241407592e-05,548,588,1.8797087952974927,0.05886869489584703,12,0
1136,404,5,0.6521549230242546,0.5004399262094813,-637.2504304892684,1109.6017044915168,1.2619454309970024e-05,549,588,1.8830165569114878,0.010430604584200656,26,0
1137,398,4,0.6520210896309568,0.500439548275159,-741.526865830341,1110.5898706612666,1.7799002534957253e-05,549,589,1.8819656238396032,0.005129548626329752,20,0
1138,402,3,0.6518877497001715,0.5004391531269805,-773.1536458775688,1111.5780472296537,1.2586455341079272e-05,550,589,1.8796849730582663,0.005663789466269909,22,0
1139,404,5,0.6521931115218637,0.5004387765040761,-664.3750302356855,1112.566223799274,1.7752111943991622e-05,550,590,1.879882614759778,0.008692418481580935,20,0
1140,403,7,0.6520595968448617,0.500438382757845,-671.2764338836195,1113.5544107385206,1.2553553460747935e-05,551,590,1.879462403454653,0.005224993838939209,28,0
1141,401,3,0.6519265731765581,0.5004380074395399,-672.9391948627257,1114.5425976797358,1.7705391201161547e-05,551,591,1.879660909685539,0.04428667075120693,20,0
1142,404,3,0.6522310995563383,0.5004376150878,-642.9057564545002,1115.5307949637395,1.2520719565145555e-05,552,591,1.8804864146745595,0.03209143008713239,20,0
1143,403,6,0.6520979020979177,0.5004372410673342,-725.5955240391593,1116.518992248209,1.7658844853940536e-05,552,592,1.8759006614941907,0.0013962391271028413,26,0
1144,402,1,0.6519651932124694,0.5004368501026988,-585.3632433701752,1117.5071998497817,1.2488311313063605e-05,553,592,1.8821670502825754,0.020985453235484213,28,0
1145,409,8,0.6518328003437762,0.5004364773733476,-663.5090347810857,1118.4954074515251,1.7612361943974975e-05,553,593,1.8765522272671258,0.003911315103307126,20,0
1146,406,7,0.6521360069746167,0.5004360877884676,-670.8310289133905,1119.4836253427932,1.2455685919121606e-05,554,593,1.8769291944214457,0.011005924015331016,22,0
1147,407,5,0.652003611402988,0.5004357163435568,-672.5230184238619,1120.4718432350903,1.7566273754709982e-05,554,594,1.878380347963769,0.008223434655958942,22,0
1148,404,3,0.6518715302845647,0.5004353281311287,-648.4997384296623,1121.4600713898187,1.2423472298905835e-05,555,594,1.8792066575308644,0.021372898305226998,32,0
1149,402,1,0.652173913043461,0.5004349579640238,-603.0346569443024,1122.4482995437463,1.7520540723126032e-05,555,595,1.8779275215314186,0.02790559145365233,12,0
1150,407,3,0.6520418293261663,0.500434571116824,-644.2987310010644,1123.436537935919,1.239124094354338e-05,556,595,1.8802492667996615,0.03906618204340627,24,0
1151,405,5,0.6519100585104226,0.5004342022209415,-662.4020138448417,1124.4247763260976,1.747481633174175e-05,556,596,1.8785323662692897,0.013688574223042127,20,0
1152,407,3,0.6522116218559394,0.5004338167317712,-670.1501205398338,1125.4130249277175,1.2359309494058834e-05,557,596,1.8788204778455984,0.06238518326509106,16,0
1153,413,7,0.6520798485438852,0.5004334491005793,-677.2093613252813,1126.4012735284364,1.74294295902655e-05,557,597,1.879064153007083,0.006269494083889338,22,0
1154,406,6,0.6519483865931437,0.5004330649622901,-678.8893436677986,1127.3895323121442,1.2327448757787351e-05,558,597,1.8794797293370957,0.001062911747389787,12,0
1155,412,4,0.6522491349480308,0.5004326985892891,-632.5467846428204,1128.3777910956494,1.738421156005643e-05,558,598,1.8797142777235933,0.012705334554862833,26,0
1156,412,4,0.652117670601992,0.5004323157948053,-746.657495592595,1129.3660600358292,1.2295810847717803e-05,559,598,1.8800500184354125,0.02421312357301133,32,0
1157,406,4,0.6519865160882558,0.5004319506735452,-728.3446530268856,1130.3543289775305,1.7339125406579114e-05,559,599,1.8803868006506588,0.0024410178828248594,27,0
1158,412,6,0.6522864538395934,0.5004315863687938,-691.4424074980474,1131.3426080490372,1.2264196811884176e-05,559,600,1.8805885068180999,0.014178855288129961,21,0
1159,415,7,0.6521552970300226,0.5004312053398897,-676.7124335427532,1132.3308871198967,1.7294352346652886e-05,560,600,1.880850410340753,0.026739621571529912,26,0
1160,407,5,0.6520244485351131,0.5004308422763307,-683.5110923026981,1133.3191762963659,1.223213917000976e-05,560,601,1.8811655632300015,0.031806637875065005,20,0
1161,412,2,0.6523235800344226,0.500430462574976,-685.1792360630268,1134.3074654707407,1.724976732475625e-05,561,601,1.881527045850564,0.05550346582200793,21,0
1162,412,3,0.6521927293418559,0.5004301007462737,-655.701990118382,1135.2957647247063,1.220048579853028e-05,561,602,1.881787779455233,0.0011291731105051775,28,1
1163,410,2,0.652062185457318,0.5004297223655426,-725.6818134708395,1136.284063978606,1.720530713100743e-05,562,602,1.8820677478440035,0.027204143992680438,20,0
1164,414,4,0.6523605150214968,0.5004293617653934,-674.2364341100475,1137.2723732834008,1.216882105836703e-05,562,603,1.8823939887531806,0.03509578675922232,20,0
1165,412,7,0.6518010291596371,0.5004289846984075,-675.9771101398758,1138.2606825898647,1.716123119877011e-05,563,603,1.8824577062571781,0.010019625298431223,22,0
1166,413,4,0.6516710738112884,0.5004286253205855,-699.7953398593278,1139.2490019216807,1.2137338217144134e-05,563,604,1.8829842726799257,0.029974721809449392,21,0
1167,414,6,0.6523972585941897,0.5004282495605108,-689.7372609427301,1140.237321254668,1.711696518214012e-05,564,604,1.8832709352309258,0.011158949320072636,26,1
1168,411,4,0.6518391787851451,0.5004278913987925,-729.761337918426,1141.2256505869514,1.2105924724892247e-05,564,605,1.883567711582169,0.008361134606218904,26,0
1169,414,4,0.6517095237727369,0.5004275169388469,-655.3312980940324,1142.2139799203312,1.7073261687983177e-05,565,605,1.8835215830982865,0.01968668780474391,14,0
1170,412,4,0.6520069539102552,0.5004271599870682,-724.3165793182469,1143.2023192262684,1.2074675623807707e-05,565,606,1.88416680054101,0.021613627012367458,20,0
1171,412,5,0.6518771331058544,0.5004267868205096,-680.9174723904424,1144.190658535946,1.7029629816533998e-05,566,606,1.8840549648372402,0.002992580289811915,32,0
1172,417,5,0.6517477770606745,0.5004264310725632,-682.6459087445477,1145.1790077921908,1.2043590231769485e-05,566,607,1.8811855484905355,0.016657526716827013,36,0
1173,415,6,0.6520444145705369,0.5004260591927061,-689.6050651623739,1146.1673570488101,1.6986111859296216e-05,567,607,1.881417580720501,0.012659998111701296,16,0
1174,411,4,0.6519148936172064,0.5004257046424946,-708.1023517197087,1147.1557162293152,1.2012542811135063e-05,567,608,1.8816512350239485,0.02200149628430401,28,0
1175,417,5,0.651785835179812,0.500425334042681,-728.1928669859059,1148.1440754115922,1.694303568910982e-05,568,608,1.8832514253522856,0.005232507955873555,28,0
1176,412,1,0.6520816842684023,0.5004249806841766,-598.2656830081173,1149.1324444903717,1.1981715260844794e-05,568,609,1.8828084158656972,0.01858533036362099,18,0
1177,419,4,0.6519524617996604,0.5004246113578291,-680.0951314306371,1150.120813570499,1.6899756928978604e-05,569,609,1.8783266093143958,0.004293579556113192,24,0
1178,420,8,0.6518236996203338,0.5004242591850206,-766.4993421780601,1151.109192523937,1.1950981843256159e-05,569,610,1.880561601933322,0.005326410624674362,29,0
1179,415,6,0.6521187644607518,0.5004238911255625,-725.9810771964285,1152.0975714765143,1.6857086620802875e-05,570,610,1.8801179279316453,0.043593034380635644,20,0
1180,422,3,0.6519898391194212,0.500423540132499,-695.9374804431079,1153.0859602781752,1.1920515817109845e-05,570,611,1.8796782310288602,0.047284663740275484,24,0
1181,416,3,0.6518613718565632,0.5004231733334327,-757.1225190107693,1154.0743490798986,1.6814435412015882e-05,571,611,1.8840294896387255,0.0073580292980373226,23,0
1182,415,2,0.6521556565889575,0.5004228235141838,-639.6736244809938,1155.0627477047385,1.1890246469192789e-05,571,612,1.8821924207448546,0.03474262705609736,24,0
1183,417,3,0.6520270270269001,0.5004224579690477,-679.0273378892,1156.0511463288387,1.6771879245425225e-05,572,612,1.8810595985103218,0.03213133364333416,22,0
1184,418,6,0.6518988533486734,0.500422109317744,-692.3411111388938,1157.0395547521484,1.1859784535772633e-05,572,613,1.8806160721393197,0.00023849571306066707,24,0
1185,418,6,0.6521923620803659,0.5004217450201123,-694.0469531385589,1158.0279631760277,1.6729589333408512e-05,573,613,1.8794910752686216,0.00018550488825419022,20,0
1186,417,2,0.6520640269585781,0.50042139753091,-695.7514271426702,1159.0163813730258,1.1829721188405529e-05,573,614,1.8804065130043366,0.05608976860240132,22,0
1187,416,3,0.6519361455412995,0.5004210344744052,-702.1953180873353,1160.0047995702055,1.668751451688877e-05,574,614,1.8799625107134834,0.03837198714659405,24,0
1188,415,3,0.6522288823476341,0.5004206881415034,-666.5217363340417,1160.9932275160857,1.1799863386841025e-05,574,615,1.8795150347319998,0.021450779727755862,16,0
1189,420,1,0.652100840336291,0.5004203263197934,-656.7609587729419,1161.9816554615759,1.6645692085148767e-05,575,615,1.8804402127752957,0.045206195610607645,18,0
1190,419,6,0.6519732498652498,0.500419981137429,-796.1364335563258,1162.9700931328416,1.1770048331527505e-05,575,616,1.877273042755608,0.011265976155752425,15,0
1191,427,9,0.6518459515216244,0.5004196205442173,-777.7449138918978,1163.958530802772,1.6603873973508598e-05,576,616,1.8761614841478416,0.019902704242976355,32,0
1192,425,5,0.6521374685668232,0.5004192765066612,-700.4974942340319,1164.9469781728644,1.1740250556613319e-05,576,617,1.8777350292734467,0.021830406709886688,26,0
1193,419,2,0.6520101677363763,0.5004189171357086,-803.1163880491425,1165.9354255435428,1.6562308246648172e-05,577,617,1.8793348685623377,0.008562038968280151,24,0
1194,421,4,0.6518831576437909,0.5004185742372764,-672.3103781650047,1166.9238825890961,1.1710589888025424e-05,577,618,1.878203256370501,0.0034651456149543884,14,0
1195,419,1,0.6521739130433578,0.5004182160823816,-589.4327271095144,1167.912339634766,1.6521127918167622e-05,578,618,1.881207381198138,0.011704760978977572,18,0
1196,425,6,0.6520469005567685,0.5004178743174211,-691.1298618990995,1168.900806332406,1.1681401019814075e-05,578,619,1.8746215626314058,0.0011476632658066364,22,0
1197,425,8,0.6519201774278968,0.500417517372404,-1640.540192254432,1169.8892730291964,1.647977251195698e-05,579,619,1.8748462008961078,0.00015565478266173043,24,0
1198,421,4,0.6522101751462067,0.5004171767353022,-705.1907737285663,1170.8777493535335,1.1651773547782796e-05,579,620,1.8764197076918583,0.02892729709037918,16,0
1199,425,4,0.6520834497140376,0.5004168209940523,-762.6938913711124,1171.8662256775422,1.6438643797300756e-05,580,620,1.8766523990487114,0.03457364726916005,38,0
1200,421,2,0.6519570122701267,0.5004164814792431,-708.5544312561525,1172.8547116058994,1.1622714509940124e-05,580,621,1.8768866264546804,0.008164373342548688,16,0
1201,425,9,0.6522462562396182,0.5004161269356875,-1711.668842691117,1173.8431975331378,1.6397964145653532e-05,581,621,1.8758478594188919,0.0006946963203337959,20,0
1202,424,2,0.6521198165825609,0.5004157885376176,-696.2036551266515,1174.831693038773,1.1593831004574895e-05,581,622,1.8768136516932041,0.043871889982551565,26,0
1203,425,3,0.6519936635529945,0.5004154351856995,-697.9585878164563,1175.8201885457481,1.6357055983462487e-05,582,622,1.8766051266735757,0.059332375274610105,24,0
1204,427,6,0.6522821576764243,0.5004150978988793,-812.2450699558062,1176.8086936077502,1.1564753776838188e-05,582,623,1.8767608824644268,0.009061442603054672,25,0
1205,431,6,0.6521560025224047,0.5004147457326059,-791.5404058145476,1177.797198668425,1.63165491358086e-05,583,623,1.8771210898256183,0.01762373991605242,29,0
1206,430,4,0.6520301326451773,0.5004144095515681,-779.1651870983338,1178.78571326193,1.1536136980794254e-05,583,624,1.8774283024482903,0.025282676790467546,27,1
1207,426,4,0.6523178807945418,0.5004140585649813,-714.8449950604476,1179.7742278543744,1.6276367659884272e-05,584,624,1.877755118758051,0.010283677950095218,22,0
1208,424,1,0.6521920088803623,0.500413723484285,-602.8537578616489,1180.7627519568855,1.1507559520396171e-05,584,625,1.8780828714341695,0.013704383853829005,14,0
1209,429,5,0.6520664209017972,0.5004133736714684,-762.3193544510509,1181.7512760578343,1.6236125702562276e-05,585,625,1.8783019786073063,0.0391291332776076,23,0
1210,428,7,0.652353426919864,0.5004130396857277,-704.710237268139,1182.7398096424306,1.147883131125127e-05,585,626,1.8785759035124232,0.021648498263927948,26,0
1211,429,5,0.6522278369902701,0.5004126910407979,-728.5662178008898,1183.728343227306,1.6196172055060742e-05,586,626,1.878941672124159,0.030473708777839732,40,0
1212,432,7,0.6516901382772533,0.5004123581446553,-824.785540722161,1184.7168862725907,1.1450577176219667e-05,586,627,1.8791433035437395,0.007037294831194146,14,0
1213,424,0,0.6523887973642056,0.5004120106617831,20.54231485245691,1185.7054293193294,1.6156422589119757e-05,587,627,1.8796696516255509,0.10582298452386268,20,0
1214,431,5,0.6518518518519025,0.5004116788498959,-832.7403183509105,1186.6939818024975,1.1422277566452976e-05,587,628,1.8798176721452524,0.005261165522899084,33,0
1215,431,8,0.651727086702924,0.5004113325232684,-786.8464316528273,1187.6825342850416,1.6116718370540184e-05,588,628,1.8800471684337448,0.01552355600468449,18,0
1216,432,7,0.6520132601722404,0.5004110017903719,-761.0002759337223,1188.6710961820472,1.1393999784559128e-05,588,629,1.880475143134548,0.01182956009210615,21,0
1217,431,4,0.6518883415437138,0.5004106717617443,-711.3858446879482,1189.6596580804662,1.607704371053842e-05,588,630,1.8807682868992108,0.04626802756066569,14,0
1218,427,2,0.6517638532670954,0.5004103269550418,-717.9846312863255,1190.6482293690958,1.1366129228917998e-05,589,630,1.8810377777232594,0.05386427966704662,16,0
1219,431,5,0.6520492928936445,0.5004099979967347,-737.2649368411938,1191.6368006563096,1.6037419527492602e-05,589,631,1.8813534198439474,0.034101163885076745,22,0
1220,429,1,0.651924651924669,0.5004096543329809,-683.4655777202848,1192.6253813117796,1.1338080412315321e-05,590,631,1.8816700091482526,0.050372671183362416,34,0
1221,429,4,0.6518004393089831,0.5004093264397831,-765.0065893972308,1193.613961968907,1.5997685977708898e-05,590,632,1.8818523635059736,0.04345882765314545,24,0
1222,438,8,0.6520851488408486,0.5004089839132999,-714.5461424639224,1194.6025519692096,1.1310291483823676e-05,591,632,1.882017909943504,0.014649168592872028,28,0
1223,435,7,0.6519607843136539,0.500408657080065,-758.9085388771742,1195.5911419699917,1.595807930243609e-05,591,633,1.8823677765781606,0.006221368111406098,13,0
1224,430,4,0.651836846154939,0.5004083156852099,-670.0261321038854,1196.5797412927557,1.1282702416792745e-05,592,633,1.88268833283457,0.006912412619208682,22,0
1225,433,3,0.6521208293111899,0.5004079899067936,-729.7787979665122,1197.5683406156038,1.5919085171844927e-05,592,634,1.8829526610967042,0.0512395693052215,18,0
1226,435,3,0.6519967400161878,0.5004076496379634,-726.0089699403727,1198.5569492367597,1.1255161325607332e-05,593,634,1.883222093978414,0.017858478712436628,30,0
1227,434,7,0.6518730751184065,0.500407324909266,-756.2048013042346,1199.5455578587118,1.587985411788395e-05,593,635,1.8832133474477795,0.008544443508646169,19,0
1228,440,10,0.652156335590147,0.5004069857609096,-758.1019668048903,1200.5341757573078,1.1227716186112957e-05,594,635,1.8813600983332897,0.0057860319375080144,24,0
1229,434,7,0.6520325203251512,0.5004066620768636,-721.0957010647273,1201.5227936555846,1.5840989362914115e-05,594,636,1.882722891949225,0.0012936932761431488,18,0
1230,433,2,0.6519091274996683,0.500406324043451,-722.8049878459495,1202.5114208069588,1.1200393146282295e-05,595,636,1.884375032376886,0.02788090058880223,14,0
1231,435,3,0.6521916689496439,0.5004060013990159,-1743.316028514899,1203.5000479590062,1.580229877617967e-05,595,637,1.88463321610212,0.0005534503433998469,14,0
1232,429,2,0.6520681265205857,0.500405664475059,-730.6063060770146,1204.488684342156,1.1173267012054566e-05,596,637,1.8849167931355308,0.035830709559416404,18,0
1233,441,8,0.6519450045868319,0.5004053428652506,-732.2726119783597,1205.477320724838,1.5763698002047022e-05,596,638,1.881737500668815,0.001666327248414847,20,0
1234,436,5,0.6522268306501701,0.5004050070452771,-719.2370869965438,1206.4659663182101,1.1146143833684619e-05,597,638,1.8848937252662412,0.042160513633202334,24,0
1235,433,3,0.6521035598704211,0.5004046864651165,-720.9773457252147,1207.4546119091594,1.5725389630460995e-05,597,639,1.8845319130540132,0.004435173317623503,26,0
1236,439,5,0.6519807076552168,0.500404351743724,-727.5718683335252,1208.4432666878915,1.1119004511783714e-05,598,639,1.8823304564252972,0.015635261521684967,34,0
1237,437,7,0.6518581262875487,0.5004040321882652,-740.2187341584716,1209.4319214663763,1.5686988717789063e-05,598,640,1.8825311320130926,0.0026518091618622226,10,0
1238,431,1,0.6521388216303791,0.5004036985600706,-693.1507075139472,1210.420585409112,1.1092316981375916e-05,599,640,1.8863964445697765,0.049703619569075305,32,0
1239,436,0,0.652016237967669,0.5004033800244192,21.50809863827908,1211.4092493502196,1.5648910448362585e-05,599,641,1.8823374681111305,0.20898920391816783,28,0
1240,437,4,0.6518939239120005,0.5004030474840769,-809.0920345350154,1212.397922435056,1.1065467106163851e-05,600,641,1.8831421462660938,0.022481823218018684,36,0
1241,439,3,0.6521739130436673,0.5004027299633519,-725.9050238547879,1213.3865955194954,1.5610879700034275e-05,600,642,1.8833487938364288,0.046594929501970604,24,0
1242,443,4,0.6520515967752897,0.5004023985055251,-727.6337091115457,1214.3752777240081,1.103899876397918e-05,601,642,1.8811442250880588,0.020900045399179865,30,0
1243,436,4,0.6519295488818184,0.5004020819948859,-733.9755932044256,1215.3639599284404,1.557339055580087e-05,601,643,1.8819467342041958,0.003778481896244951,24,0
1244,436,1,0.652208835341502,0.500401751614322,-735.6622853245157,1216.3526512307676,1.101245447898691e-05,602,643,1.8858375306435196,0.07709888090003217,26,0
1245,439,1,0.652086785316614,0.5004014361089487,-737.3477021011461,1217.3413425328315,1.5535540569544537e-05,602,644,1.8817496741928923,0.077276780899542,24,0
1246,443,8,0.6519650024428241,0.500401106800402,-723.9335572757171,1218.330042910943,1.098593816095672e-05,603,644,1.8772133031954288,0.007772190628494259,20,0
1247,441,4,0.6522435897436281,0.5004007922955227,-725.6934381372876,1219.3187432900083,1.549801163491793e-05,603,645,1.8809510871599904,0.0298093964242314,22,0
1248,444,5,0.6521218048189585,0.5004004640537636,-732.4993512419762,1220.3074527215506,1.095961647479271e-05,604,645,1.8793592072083798,0.0005839677448018928,26,1
1249,439,2,0.6520002858294254,0.5004001505446142,-734.2166185077351,1221.2961621533466,1.546098633298243e-05,604,646,1.8789606462523334,0.051538149469111165,26,0
1250,438,1,0.6522781774580158,0.5003998233644827,-740.3078029841058,1222.284880619161,1.0933815929092816e-05,605,646,1.8821764772827778,0.07845609454817315,12,0
1251,443,4,0.6521566564968272,0.500399510846346,-741.9834204410621,1223.2735990839747,1.542373843221867e-05,605,647,1.8793558656128042,0.03028001061182553,26,0
1252,445,7,0.6520354002636239,0.5003991847226993,-743.6577864864182,1224.2623265595828,1.0907560181294684e-05,606,647,1.877182387360421,0.02001384322493603,30,0
1253,444,5,0.6523125996808646,0.5003988731908869,-730.7200832759734,1225.251054034367,1.538695505587384e-05,606,648,1.8779668864359031,0.00975452593888103,22,0
1254,442,4,0.6521913415541855,0.5003985481185972,-747.0027822861412,1226.2397904990758,1.0881578191401786e-05,607,648,1.8805673405728571,0.015512859532864232,24,0
1255,448,6,0.6520703469563962,0.5003982375684383,-739.0210193907545,1227.2285269646507,1.5349956356658367e-05,607,649,1.8771728482037608,0.01858684087561304,32,0
1256,444,3,0.6523468575974347,0.5003979135424522,-740.7270202852486,1228.2172723968793,1.0855870641535148e-05,608,649,1.8797638078458965,0.028467244898564562,20,0
1257,437,2,0.6518282988872239,0.5003976039693122,-746.5694040877092,1229.2060178302784,1.531354268990981e-05,608,650,1.8805765363084153,0.04234616846762655,30,0
1258,446,5,0.652104616041893,0.5003972809845594,-748.2340905166286,1230.194772210003,1.0829968914549681e-05,609,650,1.878960966971999,0.045842267759823786,16,0
1259,447,6,0.652380952381225,0.5003969723838428,-735.6946397326828,1231.1835265876255,1.5277045577022363e-05,609,651,1.8761732698338094,0.024422664797368192,20,0
1260,441,5,0.6518636003173622,0.5003966504353303,-814.8639552139472,1232.172289892723,1.0804347084558685e-05,610,651,1.8787605304450026,0.026647699821268005,31,0
1261,448,5,0.6517433696026314,0.5003963428024588,-796.8811480803113,1233.1610531972979,1.5240515040204627e-05,610,652,1.876344318036484,0.01338190213491626,22,0
1262,444,3,0.6520191073815561,0.5003960218852068,-745.4709568770622,1234.1498254051826,1.077910746971611e-05,611,652,1.8785633123364742,0.04308194373427415,18,0
1263,440,2,0.6518987341770618,0.5003957152156211,-747.1658393066501,1235.1385976131612,1.5204235751298256e-05,611,653,1.8787677019973188,0.024820093960971668,26,0
1264,449,7,0.6517787606019513,0.5003953953246753,-733.7691819647455,1236.1273787034245,1.075367640623881e-05,612,653,1.8770355849105498,0.00937434955042276,14,0
1265,448,5,0.6520538170183254,0.5003950896138749,-735.538570617933,1237.1161597951818,1.5168036270551966e-05,612,654,1.8779614951560064,0.01779611191419774,28,0
1266,448,3,0.6519337016575304,0.5003947707443248,-742.3457866990213,1238.1049497470012,1.07283426586946e-05,613,654,1.877594662146921,0.01948991238728935,30,0
1267,448,5,0.6518139841370291,0.5003944659877898,-744.0725850738968,1239.0937396991742,1.5132220823943499e-05,613,655,1.877820088719258,0.004806242158091155,24,0
1268,447,4,0.6520883625440765,0.5003941481347444,-794.9089053532184,1240.0825384926877,1.0703399311751127e-05,614,655,1.879191293276714,0.01382058185603649,20,0
1269,455,9,0.6519685039369648,0.5003938443280513,-1776.391932044848,1241.07133728659,1.5096324887053925e-05,614,656,1.878326435540542,0.00030020093947208436,28,0
1270,455,9,0.651849041393245,0.5003935274866503,-836.565518535752,1242.060144899426,1.0677970976757933e-05,615,656,1.8786241525500187,0.004887183801311186,22,0
1271,448,6,0.6521227451201234,0.5003932246253535,-790.3363020295551,1243.0489525125538,1.5060904161146027e-05,615,657,1.8789714704266145,0.021679685796050892,28,0
1272,451,5,0.652003142183754,0.5003929087907732,-776.2469759183159,1244.0377689244017,1.0653075378286303e-05,616,657,1.8792971092097968,0.044574157437890484,21,0
1273,452,6,0.6518839335457532,0.50039260687045,-798.861783317474,1245.026585337055,1.5025289030745625e-05,616,658,1.8794813378678596,0.004969090752103566,18,0
1274,448,3,0.6521569658966415,0.5003922920379238,-750.6404423953052,1246.0154105266881,1.0628354857544764e-05,617,658,1.8798442649910534,0.028135838164693474,22,0
1275,453,5,0.6520376175548334,0.5003919910542023,-787.1617478052538,1247.004235717533,1.498997494309151e-05,617,659,1.8800584638067015,0.013042574502944581,30,0
1276,457,9,0.6519186617577855,0.500391677218935,-794.1251236285427,1247.9930696652777,1.060351132764481e-05,618,659,1.880327806966116,0.005051968921325591,27,0
1277,453,10,0.6521910260132392,0.5003913771674616,-779.5962085312777,1248.9819036135025,1.495496553616249e-05,618,660,1.8805756685215709,0.003379441855078844,22,0
1278,455,5,0.6520719311962052,0.5003910777248615,-761.5041779152955,1249.9707462988504,1.0578584578979644e-05,618,661,1.880869217258338,0.00622576496333561,24,0
1279,455,5,0.6519532271824081,0.5003907652011977,-753.7268492128683,1250.9595889855373,1.4919765817467123e-05,619,661,1.8811785421397513,0.005135824200932178,18,0
1280,447,1,0.6522249265985506,0.5003904666837178,-755.4326882588877,1251.9484403870115,1.0553478432484553e-05,619,662,1.8815445677312361,0.07473689358183028,20,0
1281,454,4,0.6521060842434592,0.5003901551463997,-792.6639984925483,1252.9372917880723,1.4884940583215212e-05,620,662,1.8816918356180947,0.02454335181022671,26,0
1282,459,8,0.6519876309611866,0.5003898575497584,-743.751516291789,1253.9261518862877,1.0528713346502627e-05,620,663,1.8819666000627482,0.005220662463550743,22,0
1283,453,6,0.6522584556030013,0.5003895469941109,-873.9452934331703,1254.9150119841242,1.4850308843961102e-05,621,663,1.8822459769878703,0.008373941941079191,30,0
1284,452,3,0.6521400778208485,0.5003892503140521,-752.3421873763772,1255.903880758733,1.0503901876290911e-05,621,664,1.8825206759196849,0.04310097754756343,26,0
1285,456,5,0.6520218742254281,0.5003889407354688,-754.07873111621,1256.8927495342907,1.4815495205766638e-05,622,664,1.8822212577689001,0.0009636771677000947,20,0
1286,453,5,0.651903921328944,0.5003886449677581,-825.7156383603659,1257.881626962247,1.0479238881089259e-05,622,665,1.883070908699647,0.03189766600807045,26,0
1287,454,4,0.6521739130436673,0.5003883363616061,-761.8702477580135,1258.8705043935024,1.4781030586163979e-05,623,665,1.8820745303173205,0.0104868767277368,28,0
1288,457,5,0.652055958096186,0.5003880415020511,-763.5639155925772,1259.8593904581226,1.0454566336193238e-05,623,666,1.8797611068130389,0.04050459915913036,14,0
1289,456,7,0.6519382527426196,0.5003877338637714,-750.6511103422067,1260.8482765234678,1.4746700117029832e-05,624,666,1.8825723306390536,0.01519255295468686,34,0
1290,454,1,0.652207591014644,0.5003874399081901,-726.9976328145912,1261.8371712048863,1.0430306701891823e-05,624,667,1.884209807370174,0.050900133091664274,12,0
1291,456,5,0.652089883683336,0.5003871332332275,-830.2954125304346,1262.826065884876,1.4712494930790854e-05,625,667,1.8797952505109687,0.019876657765847048,26,0
1292,454,3,0.6519724248481197,0.5003868401774693,-760.7045233858556,1263.8149691610183,1.0405888588138623e-05,625,668,1.8846765970363861,0.004080851262445738,34,0
1293,456,4,0.6522411128285884,0.5003865344613121,-766.5542516413204,1264.8038724370658,1.4678545085189398e-05,626,668,1.8849667283796137,0.016875630584946014,16,0
1294,460,7,0.6521236520872306,0.5003862423012455,-768.2383830229139,1265.7927842894217,1.0381557331129443e-05,626,669,1.8791844986124047,0.002459269872670151,26,0
1295,462,8,0.6520064387515817,0.5003859375393961,-769.921289392203,1266.7816961408223,1.4644646626038593e-05,627,669,1.8781249167866496,0.030466636537547404,22,0
1296,459,6,0.6522744795683726,0.5003856462709156,-861.0778262505287,1267.7706165482196,1.0357425480833626e-05,627,670,1.8857264536957623,0.013120677111587034,16,0
1297,457,5,0.6517722214584186,0.5003853424589259,-763.8295992359991,1268.7595369561818,1.4610892094424344e-05,628,670,1.8859465480684727,0.010995681876896169,22,0
1298,457,2,0.6520402955490525,0.5003850520779718,-782.0630712079263,1269.7484658994551,1.0333282943975064e-05,628,671,1.8839898751049204,0.07276937376155733,20,0
1299,458,5,0.652307692307514,0.5003847492113939,-776.6407497225856,1270.7373948435256,1.4577286265193834e-05,629,671,1.8857675292636809,0.033451843000091984,26,0
1300,461,7,0.6518065662985442,0.5003844597138953,-864.2782161148494,1271.7263323034285,1.0309270464858855e-05,629,672,1.878603858053569,0.017170608786677248,22,0
1301,465,5,0.6520739963267336,0.5003841577883196,-829.5875738349852,1272.715269762386,1.4543699990099412e-05,630,672,1.8775393584682543,0.03676256533291321,36,0
1302,458,5,0.6523407521103856,0.5003838691702736,-776.2102279010852,1273.7042157183594,1.028559563565068e-05,630,673,1.877122181296542,0.009362962917332126,15,0
1303,457,4,0.6518404907975114,0.5003835681813281,-785.1165856052567,1274.6931616742954,1.4510518667520955e-05,631,673,1.8859481963510394,0.012382693972624252,22,0
1304,465,5,0.6521072796936449,0.500383280438712,-770.336901665798,1275.68211610784,1.0261698889735271e-05,631,674,1.883968223486581,0.029096914351411898,36,0
1305,460,4,0.6523736600305701,0.5003829803820392,-772.0417814234993,1276.671070539758,1.4477232070930768e-05,632,674,1.8801129566659844,0.019344667452475123,16,0
1306,461,5,0.6518745218055594,0.5003826935108853,-773.74541536823,1277.660033431477,1.0238031109111034e-05,632,675,1.8832497819032885,0.05353324187210315,32,0
1307,463,4,0.6517585074894892,0.5003823943821591,-760.8356400945001,1278.6489963221727,1.4444140333580435e-05,633,675,1.8845012774750522,0.011520724573139504,26,0
1308,460,4,0.6524064171122049,0.5003821083785126,-767.4450616983311,1279.6379676521776,1.0214551366516389e-05,633,676,1.879532938066136,0.03195500890380013,18,0
1309,463,3,0.6519083969464717,0.5003818101734454,-769.1818055015208,1280.626938980408,1.4411130905500613e-05,634,676,1.8767594643654897,0.03742144106097943,22,0
1310,464,4,0.6517926220734027,0.5003815250333663,-793.0607455778462,1281.6159187272267,1.0191210321863764e-05,634,677,1.8845020310754004,0.015256240219511472,26,0
1311,458,3,0.6520580241686361,0.5003812277476669,-776.7751367429706,1282.6048984761094,1.4378263585967943e-05,635,677,1.8846844471349895,0.058301563054993163,28,0
1312,466,6,0.6519421172885379,0.5003809434672664,-830.0143571279991,1283.593886621642,1.0167691016249591e-05,635,678,1.875498755322077,0.04142161835223758,22,0
1313,461,3,0.6518265808838578,0.500380647096711,-780.1622438976739,1284.5828747698354,1.4345565659823478e-05,636,678,1.8834123942325198,0.05094610150556181,24,0
1314,460,2,0.6520913516741903,0.5003803636720853,-767.7203347393815,1285.5718712973332,1.0144472753381706e-05,636,679,1.8841397181796806,0.021826332103028638,22,0
1315,467,4,0.6519756838905875,0.5003800682124276,-774.081048666777,1286.5608678248448,1.431293026143976e-05,637,679,1.8816124713818794,0.018519764160782517,34,0
1316,462,2,0.6518603849852046,0.5003797856397435,-775.8068715137243,1287.549872714566,1.0121276091012987e-05,637,680,1.877589238868491,0.009127550845842864,20,0
1317,469,12,0.6521245274619502,0.5003794910868099,-834.1196078298692,1288.5388776026175,1.4280731420512893e-05,638,680,1.8746820400880748,0.0008543892369952779,20,0
1318,474,8,0.6520090978011688,0.5003792093621983,-853.6032075692427,1289.5278908346095,1.0098118536916445e-05,638,681,1.8750041337624652,0.02217411281893706,28,0
1319,466,4,0.6518940354321264,0.5003789157118187,-827.4796275546206,1290.5169040656003,1.4248295656216214e-05,639,681,1.8777295896723492,0.04592548209448212,24,0
1320,466,6,0.6521575525655005,0.5003786348314943,-807.0951497842505,1291.5059256209904,1.007517266771174e-05,639,682,1.877968397166189,0.020567908134557243,16,0
1321,468,2,0.6520423600602036,0.50037834207952,-778.9313120169426,1292.494947174765,1.4216064982974785e-05,640,682,1.8810537835272783,0.030976052626803093,24,0
1322,467,4,0.6519275332702119,0.5003780620396814,-870.1876553750095,1293.48397703413,1.0052357083623065e-05,640,683,1.8761603562938904,0.02056197581134387,24,0
1323,465,5,0.6521904280094473,0.5003777701819886,-824.3245443775055,1294.473006892135,1.418382112206018e-05,641,683,1.8797923288168774,0.03925834609323669,19,0
1324,476,9,0.6520754716982691,0.5003774909788676,-1881.137713636789,1295.4620450384632,1.0029583791038021e-05,641,684,1.876702002886749,0.000481255685638056,32,0
1325,468,4,0.6519608795352873,0.5003772000113744,-810.438092276763,1296.4510831815403,1.4152009725876269e-05,642,684,1.8780475698938532,0.010440635800338022,25,0
1326,472,6,0.6522231548084408,0.500376921641227,-791.1208933530786,1297.440129593681,1.0006825050368207e-05,642,685,1.8773051574785249,0.01937841448247938,30,0
1327,469,3,0.652108433734951,0.5003766315598658,-792.7928485173829,1298.429176004744,1.4119978004600853e-05,643,685,1.8783474248326169,0.04611507091352325,14,0
1328,473,9,0.6519940752534212,0.5003763540189683,-828.072627996662,1299.4182306638534,9.984151574826683e-06,643,686,1.877795022918498,0.0030050706792910846,38,0
1329,474,7,0.6522557339685208,0.5003760648196912,-818.3334244738926,1300.4072853244668,1.408842217642814e-05,644,686,1.8784378586066224,0.00970916564047732,27,0
1330,473,8,0.6521412471825618,0.5003757881043525,-924.3619306438871,1301.3963482128472,9.961704790839576e-06,644,687,1.8783121990057274,0.0036613992026875933,14,0
1331,472,7,0.6520271214422699,0.5003754997831363,-776.3288281446257,1302.3854111035334,1.4056952522878419e-05,645,687,1.8786625252545945,0.00223890091276693,24,0
1332,471,3,0.6519132294142047,0.500375223889665,-782.7419473084899,1303.3744822025867,9.939387382473797e-06,645,688,1.8802987667965245,0.025408830035257218,24,0
1333,466,1,0.652173913043461,0.500374936442522,-784.479319486763,1304.3635533018153,1.4025515838511637e-05,646,688,1.8799340663479431,0.07100303615587297,24,0
1334,471,4,0.6520600191093778,0.5003746613672598,-786.2154229356996,1305.3526325970017,9.916908311424777e-06,646,689,1.8794791381203622,0.03245387988625044,22,0
1335,478,9,0.651946357892935,0.500374374790231,-802.8473049799011,1306.3417118879804,1.3993902484799037e-05,647,689,1.8797373119136802,0.01093277137721539,28,0
1336,469,4,0.6522064323111952,0.5003741005295568,-793.5757712722502,1307.3307993555711,9.89474892776343e-06,647,690,1.8799788013406384,0.05095337670141613,32,0
1337,472,4,0.6517192324704714,0.5003738268011807,-795.26964966989,1308.3198868228194,1.3962917591925361e-05,647,691,1.8802485920921719,0.04114454580068027,34,0
1338,471,2,0.6519793379263453,0.5003735413689681,-751.9374831144036,1309.3089824450535,9.872562486634706e-06,648,691,1.880604144128345,0.004300339591144613,26,0
1339,474,7,0.6522388059701915,0.50037326844921,-1889.3631588494,1310.2980780698229,1.393137313243642e-05,648,692,1.8807226877412757,0.0003476175975348312,24,0
1340,476,5,0.6517526714306507,0.500372983877985,-791.1055335011611,1311.2871818293304,9.850388551058131e-06,649,692,1.8810695971537115,0.018851162936031365,26,0
1341,469,4,0.6520119225036559,0.5003727117632717,-778.0337298894398,1312.2762855895992,1.3900134717914625e-05,649,693,1.8812968339070688,0.05175155249298964,24,0
1342,470,3,0.6522710349960702,0.5003724280491492,-798.2543550006437,1313.2653974698026,9.828435395320412e-06,650,693,1.881531716219122,0.041820794183189555,20,0
1343,476,5,0.6517859611116517,0.500372156735914,-799.9390307876837,1314.2545093492424,1.38690345465875e-05,650,694,1.8818436359389676,0.031000696842099495,24,0
1344,472,5,0.6520446096655216,0.5003718738750235,-801.6225233763105,1315.2436293292872,9.806846946958103e-06,651,694,1.882034500221807,0.008669583349350064,16,0
1345,473,4,0.6523031203567838,0.5003716033597421,-740.2969462826895,1316.2327493110242,1.3837992810294963e-05,651,695,1.8822786886639273,0.002431861448845106,16,0
1346,477,5,0.651819102510962,0.5003713213482367,-795.947593792988,1317.2218773775226,9.78472735368996e-06,652,695,1.8825946663305264,0.017758229458687165,22,0
1347,479,9,0.6520771513350528,0.5003710516273844,-917.3365873320646,1318.2110054407883,1.3806888773615356e-05,652,696,1.8819994656710546,0.009450156838718079,32,0
1348,473,5,0.652335063009629,0.5003707704614496,-808.344740880028,1319.2001415694815,9.763169600773836e-06,653,696,1.88305341017053,0.012672440579960077,22,0
1349,477,3,0.6518520966168722,0.5003705015315365,-791.5257160808326,1320.1892776991529,1.3776088053418789e-05,653,697,1.8833346421965995,0.016511202707570987,28,0
1350,472,3,0.6521095484826628,0.5003702212073623,-806.2361381068812,1321.1784218760124,9.741334679347347e-06,654,697,1.8835661316300802,0.03986924893654633,28,0
1351,478,5,0.6523668639054783,0.5003699530649021,-861.867317336586,1322.1675660538426,1.3745417390964576e-05,654,698,1.8833064438730527,0.0034203830434099292,27,0
1352,480,8,0.6518847006652498,0.5003696735787305,-781.4696856529622,1323.1567182595993,9.719725767354248e-06,655,698,1.8824142113479496,0.004198958918260525,22,0
1353,476,4,0.6521418020678971,0.5003694062202773,-802.4488505195422,1324.1458704676008,1.3714813121623592e-05,655,699,1.8826144114087937,0.03738336662605854,30,0
1354,482,4,0.652398523985175,0.5003691275683446,-804.1544079711504,1325.1350306849886,9.698470421426464e-06,656,699,1.8839844054529729,0.040416545239188195,18,0
1355,477,5,0.6519174041297325,0.5003688609904687,-792.010994804837,1326.1241909020023,1.3684494660992641e-05,656,700,1.882435082287357,0.014256925881495977,24,0
1356,475,5,0.651805544014494,0.5003685831690448,-866.1605348219973,1327.113359113281,9.676974968897412e-06,657,700,1.882636998536194,0.006317773720443709,22,0
1357,484,4,0.6524300441824226,0.5003683173683222,-799.9717622200301,1328.1025273268674,1.3653794667334296e-05,657,701,1.8822585143230866,0.018568660073229,22,0
1358,480,6,0.6519499632081704,0.500368040373698,-823.8819716687409,1329.0917035144828,9.655570238464861e-06,658,701,1.8824609196008468,0.038003654244433874,22,0
1359,476,5,0.6518383257262553,0.5003677753467426,-889.4760194818444,1330.0808797019604,1.3623988706967793e-05,658,702,1.8814992169309337,0.023942068629254253,22,0
1360,483,3,0.6520941389763042,0.500367499175229,-808.8834711902894,1331.0700638491487,9.634369234845508e-06,659,702,1.8846428357851783,0.04760313511961496,30,0
1361,483,4,0.6519823788546821,0.5003672349186656,-810.5786834844623,1332.0592479957932,1.3593631820185692e-05,659,703,1.8790175413949775,0.02827860041718227,26,0
1362,478,5,0.6518709631318711,0.5003669595666214,-861.7735324666135,1333.0484400858143,9.61325781645428e-06,660,703,1.8821057231354978,0.014686608545085425,12,0
1363,479,4,0.6521261898143645,0.5003666960770895,-804.8730564809399,1334.0376321715964,1.356367465632502e-05,660,704,1.884084123730413,0.024304216942386582,26,0
1364,482,5,0.6520146520145841,0.5003664215408393,-806.6009009201414,1335.0268321835704,9.592120704837725e-06,661,704,1.8790298196822555,0.04173946191988776,24,0
1365,483,4,0.6519034571819665,0.5003661588149989,-793.904772280607,1336.0160321973378,1.3533932133213966e-05,661,705,1.8833143511334827,0.02869178238509815,14,1
1366,478,2,0.6521580999767304,0.500365885090935,-800.4301850368334,1337.0052401152013,9.571348755343934e-06,662,705,1.8829311370814033,0.016269374096399843,28,0
1367,486,8,0.6520467836259431,0.5003656231254903,-865.8531015759014,1337.9944480338022,1.3504041817213874e-05,662,706,1.876199485648077,0.0073247762139114735,22,0
1368,487,3,0.6519358088193976,0.5003653502100184,-822.412291011811,1338.9836638383717,9.55011933001515e-06,663,706,1.8827538858565114,0.022855092516433622,26,0
1369,484,8,0.652189870387063,0.5003650890016569,-915.7498223187215,1339.9728796454112,1.347431179965497e-05,663,707,1.8765760094223953,0.014901283158303014,14,0
1370,488,10,0.6520787746168963,0.5003648168911996,-860.7410424579152,1340.9621033254869,9.529459248369676e-06,664,707,1.8745182045458166,0.009783000560483167,28,0
1371,489,5,0.6519680189775509,0.500364556436639,-887.9729645388061,1341.951327005326,1.3445029935610364e-05,664,708,1.8798373720947397,0.008975028967444508,34,0
1372,481,4,0.6522215019616293,0.5003642851276283,-769.1941791972224,1342.9405585380316,9.508752327747061e-06,665,708,1.881215047665379,0.019705770989054367,22,0
1373,483,4,0.6521106259096785,0.5003640254236127,-919.1168286967231,1343.9297900707804,1.3415614603218273e-05,665,709,1.8779166719188147,0.015144254897306452,21,0
1374,493,8,0.6520000885832876,0.5003637549125176,-857.0796361177215,1344.9190294412692,9.488053819950437e-06,666,709,1.8781134236582229,0.021553300928682045,20,0
1375,488,8,0.6522529956085305,0.5003634959558241,-823.2308226412083,1345.9082688100661,1.3386057844400057e-05,666,710,1.8754487323107023,0.004297788755635641,20,0
1376,489,7,0.6521423384167043,0.5003632262391338,-892.7278603531299,1346.897516002597,9.467487871006597e-06,667,710,1.8773528686955894,0.02355142540686202,22,0
1377,486,5,0.6520320185541105,0.5003629680265138,-922.4608803516784,1347.8867631947642,1.3356899899008567e-05,667,711,1.8792969539102788,0.015389768595688537,20,0
1378,482,4,0.6522843522278603,0.5003626991007214,-845.3698272763661,1348.8760181849807,9.447262300454895e-06,668,711,1.8783296704128516,0.027799429555817372,18,0
1379,493,6,0.6521739130433578,0.50036244162899,-812.1787030622014,1349.8652731806442,1.3327874739843537e-05,668,712,1.877946005871109,0.012165812971214706,32,0
1380,483,6,0.651701899081268,0.5003621734906314,-862.722439352079,1350.8545359620305,9.426601536688395e-06,669,712,1.8793186377290634,0.023904379437778782,20,0
1381,489,8,0.6523154360556468,0.5003619167565968,-851.9519197256774,1351.8437987391565,1.3299044439918362e-05,669,713,1.8752243447715025,0.04097922983214025,21,0
1382,496,6,0.652205350686654,0.5003616494022171,-802.8682804867685,1352.8330692915458,9.406459184901905e-06,670,713,1.876801582926078,0.01886361433211076,36,0
1383,484,4,0.6517343367157782,0.500361393402717,-822.6944479345217,1353.8223398391142,1.3270114777697017e-05,670,714,1.878166826652416,0.026164684093134202,20,0
1384,484,7,0.6519855595669085,0.5003611268288763,-835.3811299700387,1354.8116181411012,9.386066722072428e-06,671,714,1.8763558133283271,0.006004334697103327,28,0
1385,491,1,0.6522366522365827,0.5003608715607596,-826.0894628327234,1355.8008964434212,1.3241331771496334e-05,671,715,1.8779835689749298,0.07633687316368253,24,0
1386,488,7,0.6517666340306346,0.500360605764058,-818.8332613459236,1356.7901824828275,9.365921414428158e-06,672,715,1.8768235425489537,0.004128453346108285,26,0
1387,487,6,0.6520172910664294,0.50036035122419,-820.5639060819793,1357.7794685201327,1.3212391195338569e-05,672,716,1.8769232961346523,0.01628299730206747,12,0
1388,493,4,0.652267818574565,0.5003600862012052,-822.2933389423143,1358.7687622746348,9.345989155917778e-06,673,716,1.8774165730014123,0.008862825088815656,26,0
1389,486,3,0.6517987919341475,0.500359832386479,-814.5394401880102,1359.7580560323024,1.3183981536712963e-05,673,717,1.8775376495851965,0.03906982616831798,22,0
1390,489,3,0.6520488856936246,0.5003595681338721,-829.0804038467338,1360.7473574920145,9.325834525952814e-06,674,717,1.8790114412710652,0.0023127942910212713,24,0
1391,498,8,0.6522988505748998,0.5003593150411956,-918.2553990145428,1361.7366589519547,1.3155426358935074e-05,674,718,1.8778380917747046,0.021203399699967915,26,0
1392,490,6,0.6518308113272477,0.5003590515555866,-832.4552764041962,1362.7259680950126,9.30593637349375e-06,675,718,1.8781677476629373,0.024982459650529382,26,0
1393,493,4,0.6520803443328324,0.5003587991818725,-825.421646459444,1363.7152772410489,1.3127242254995508e-05,675,719,1.8785603789333771,0.014078441304725336,18,0
1394,493,4,0.6519714122067576,0.5003585364599317,-896.7301511449033,1364.704594053353,9.285910891776439e-06,676,719,1.8786748382953111,0.03442504536545047,39,0
1395,486,3,0.6518626931027676,0.5003582848021227,-760.0796908655298,1365.693910869023,1.3099029047225486e-05,676,720,1.8789365038197559,0.005766179768037242,22,0
1396,494,4,0.6521116678595106,0.500358022840544,-821.3324487065289,1366.6832353331517,9.266239203498117e-06,677,720,1.8793435216954886,0.013083213535044772,20,0
1397,495,7,0.6520029469246024,0.5003577718956029,-835.402184964664,1367.672559801911,1.3070821069049998e-05,677,721,1.8794154187660528,0.010097332419143958,26,0
1398,493,6,0.651894438146063,0.5003575106910726,-837.0802333066254,1368.661891905109,9.246529998563346e-06,678,721,1.8796637858191567,0.007053716106890935,22,0
1399,498,6,0.6521428571431297,0.5003572604559752,-901.1848040464263,1369.6512240068641,1.3042923910688842e-05,678,722,1.8800463590725978,0.018563746834492592,30,1
1400,494,6,0.6520343465911244,0.5003570000052359,-848.487326727047,1370.6405637285918,9.22699223337986e-06,679,722,1.8802139451353277,0.014491953625872557,28,0
1401,493,5,0.6519259376902189,0.5003567504769713,-842.1076176074512,1371.6299034527785,1.3015131571592065e-05,679,723,1.8805001690390726,0.03774554308089418,26,0
1402,497,2,0.6521739130431515,0.500356501410853,-826.3147417536746,1372.6192507790042,9.207013818013365e-06,679,724,1.8808134196435864,0.0539777490136207,20,0
1403,496,8,0.6520656120711572,0.5003562419523045,-828.0587873073513,1373.6085981062588,1.2987052286916878e-05,680,724,1.8809663816868674,0.012356442940237715,22,0
1404,500,7,0.6519572953738201,0.5003559935880947,-829.8016147330943,1374.5979530178636,9.187096338791889e-06,680,725,1.881301166814323,0.016031731844525242,18,0
1405,493,2,0.6522047215892578,0.5003557348758026,-896.9916543505833,1375.5873079338226,1.2959352488906006e-05,681,725,1.8815531277166329,0.0386324044056488,32,0
1406,493,4,0.6520967442238066,0.5003554872105168,-823.7385387138096,1376.5766704197456,9.167465350401471e-06,681,726,1.8817517780278379,0.0003191585890244716,32,0
1407,499,5,0.6519886363634534,0.5003552292412593,-951.6612979379386,1377.5660329020232,1.2932077879668213e-05,682,726,1.8820561929175958,0.010550885502502692,26,0
1408,500,7,0.651880850781114,0.5003549822719704,-840.1031049429474,1378.5554029426733,9.147888704319485e-06,682,727,1.882186383751457,0.026464939808880122,26,0
1409,494,6,0.6521277438997716,0.5003547250425507,-832.9854611996512,1379.5447729852076,1.2904397408419754e-05,683,727,1.8824389339903735,0.0012433086082496122,26,0
1410,502,5,0.6520198440823435,0.5003544787663062,-901.2338086460722,1380.5341505629065,9.12827954380191e-06,683,728,1.8827378117135949,0.013867580919218372,22,0
1411,496,6,0.6519122652463627,0.5003542222735406,-955.1478570230416,1381.5235281431674,1.2877172594016884e-05,684,728,1.8829357892825425,0.013650727790482691,23,0
1412,498,6,0.6521586119427911,0.5003539766874482,-2034.033977067953,1382.5129132449397,9.108724270845414e-06,684,729,1.8831776466048185,0.0006616453808449935,24,0
1413,500,2,0.6520509193775821,0.5003537209281854,-830.6032873855364,1383.5022983465394,1.2849734503106447e-05,685,729,1.883494031854307,0.042145354515125855,38,0
1414,500,9,0.6519435465057919,0.5003534760293383,-983.2015939299603,1384.4916909529445,9.089246532312245e-06,685,730,1.8826746431806445,0.003928832097776296,28,0
1415,496,4,0.6521893491895444,0.5003532210004312,-846.487599618009,1385.481083565138,1.282253197132377e-05,686,730,1.8839353693977028,0.039471654173898155,26,0
1416,506,7,0.6520818630908992,0.5003529767859409,-848.1766833442887,1386.4704836629194,9.069661700777942e-06,686,731,1.8838388211164383,0.021481468471952054,20,0
1417,496,6,0.6519746954052547,0.5003527224842556,-898.2866367646408,1387.4598837642407,1.2795660268238862e-05,687,731,1.8843982305143796,0.01101789688109043,23,0
1418,503,5,0.6522199564699108,0.5003524789512738,-791.5148244485887,1388.4492913401666,9.05055139810429e-06,687,732,1.884649191499751,0.005871189990862995,26,0
1419,503,3,0.6521126760563973,0.5003522253737153,-835.6452636584698,1389.4386989148004,1.2768521628458984e-05,688,732,1.8830129443114307,0.05292764646556283,20,0
1420,499,9,0.6520057127828702,0.5003519825193693,-930.2840872834647,1390.428113949489,9.031434046846698e-06,688,733,1.8821600519217125,0.007815125598342732,22,0
1421,502,4,0.6522504346060445,0.5003517296628498,-856.6052450269788,1391.4175289829313,1.2741648561132024e-05,689,733,1.885372884053412,0.04635687080377987,28,0
1422,508,7,0.6521433591003474,0.5003514874843337,-902.3130737395476,1392.4069514633723,9.012137752506533e-06,689,734,1.8789677863614138,0.017215357988057765,29,0
1423,496,5,0.6520365994696449,0.5003512353457681,-947.2743717621701,1393.3963739415963,1.2714876675090636e-05,690,734,1.8842329755181857,0.020073291196876404,18,0
1424,502,3,0.6522807844138213,0.5003509938402398,-874.1795296827431,1394.3858038483822,8.992994708023616e-06,690,735,1.886037673105201,0.014682003742667083,24,0
1425,509,8,0.652173913043461,0.5003507424165868,-875.978963131838,1395.3752337545318,1.2688104106928222e-05,691,735,1.8789496694286283,0.0003254124658872998,20,0
1426,500,7,0.6520673562900429,0.5003505015812572,-972.8068633619679,1396.3646710739586,8.973991498351097e-06,691,736,1.8826795839840105,0.011201290872302773,28,0
1427,513,7,0.6523110067018613,0.500350250869477,-881.0798287072497,1397.3541083932896,1.2661629398280638e-05,692,736,1.8813045648712388,0.0010070519764370396,24,0
1428,504,3,0.6518545255872621,0.5003500107015648,-925.3970870507227,1398.3435531098721,8.955299790613935e-06,692,737,1.8809637656695606,0.030638118667318262,24,0
1429,505,7,0.6520977803347133,0.5003497606986329,-859.0680828378828,1399.3329978241743,1.2635229722945951e-05,693,737,1.884789272946498,0.020807904478955593,18,0
1430,515,8,0.6523411022723054,0.5003495211953446,-1004.962526071305,1400.3224499225685,8.936528502090368e-06,693,738,1.879769631253519,0.0037837387340874285,34,0
1431,508,8,0.6518855564578527,0.5003492718982667,-902.4018939539395,1401.3119020195948,1.2608703173100366e-05,694,738,1.8784205007421042,0.015100605674840745,24,0
1432,509,7,0.6517797007086676,0.5003490330568766,-884.4976571548165,1402.3013614807555,8.917475497582927e-06,694,739,1.883218685004754,0.0057192775021472795,22,0
1433,507,6,0.6520223152022689,0.5003487844626555,-930.0746028586168,1403.2908209452082,1.2582299859786872e-05,695,739,1.881306517257885,0.01796267367081838,27,0
1434,502,3,0.6519164575832209,0.5003485462803935,-782.6902966755885,1404.280287758504,8.898731039153063e-06,695,740,1.8799336801956814,0.014049171779086635,18,0
1435,506,5,0.6518108012131618,0.5003482983860683,-843.3210558777204,1405.2697545717544,1.2556345609482378e-05,696,740,1.88429647354346,0.005802233525376155,24,0
1436,507,6,0.6520528879611344,0.5003480608602308,-868.3192856942337,1406.2592287185992,8.880332870830898e-06,696,741,1.8787373996376853,0.04846602643330762,22,0
1437,509,7,0.6519472297754532,0.500347813662844,-859.0232091581671,1407.2487028676574,1.2530098729257588e-05,697,741,1.8789046158710225,0.013066039601187063,20,0
1438,506,6,0.6518417720435787,0.5003475767907118,-934.7165928697076,1408.2381843379887,8.861599326337455e-06,697,742,1.883781843532308,0.015526863036205481,26,0
1439,508,4,0.6520833333332082,0.5003473302873398,-853.9527668062186,1409.2276658053763,1.2504214737418806e-05,698,742,1.8797585532982635,0.0036794688130857888,24,0
1440,506,3,0.6519778738394273,0.5003470940662181,-855.6799594006347,1410.2171545779624,8.843258456181502e-06,698,743,1.8809715251488741,0.03692151516735764,26,0
1441,510,5,0.6518726140092962,0.5003468482539333,-848.385660605233,1411.2066433496884,1.2478082680900116e-05,699,743,1.8822023767688902,0.010252254920278345,32,0
1442,509,7,0.6521136521137646,0.500346612681141,-950.3718588800444,1412.196139413957,8.824574933896656e-06,699,744,1.8777016812109864,0.023413039669437127,32,0
1443,508,2,0.6520083905744667,0.5003463675570355,-837.6566826323786,1413.1856354750673,1.2452410601326847e-05,700,744,1.882566239657456,0.046136757726161506,24,0
1444,511,5,0.6519033279129998,0.5003461326299098,-865.3749944490094,1414.1751388108605,8.806454388832208e-06,700,745,1.8801063299904666,0.013442867121505,28,0
1445,504,2,0.6521438450899484,0.5003458881911073,-867.0591835864324,1415.1646421464834,1.2426676676113857e-05,701,745,1.8797608710192377,0.06485559219939876,16,0
1446,514,7,0.652038780771866,0.5003456539069919,-860.5128787834084,1416.1541527430936,8.788035302131902e-06,701,746,1.8799363377871559,0.02045060295252494,34,0
1447,511,7,0.651933914550478,0.5003454101506137,-930.9743716208135,1417.1436633387498,1.2401059166222694e-05,702,746,1.8785478100721913,0.02404153661053541,16,0
1448,512,5,0.652173913043461,0.5003451765068696,-855.1566087728822,1418.1331811767313,8.769905662120436e-06,702,747,1.8771745710297998,0.009679063974980483,18,0
1449,508,5,0.6520690452171638,0.5003449334300618,-873.7849575204152,1419.1226990184039,1.2375311143841827e-05,703,747,1.882602397928621,0.037985362174914813,20,0
1450,508,4,0.6519643747111764,0.5003447004240758,-785.0281369463241,1420.1122240879715,8.751710538490443e-06,703,748,1.8775126847839139,0.020750265797044122,20,0
1451,513,6,0.6522038567493244,0.5003444580240051,-958.3140901415322,1421.1017491547652,1.2349813687251299e-05,704,748,1.8771662704745768,0.02414812716214195,26,0
1452,515,8,0.6520991846895261,0.5003442256531687,-935.3879009484956,1422.0912814379797,8.73357726050017e-06,704,749,1.8783739842715557,0.009016689788370417,21,0
1453,514,6,0.6519944979367348,0.5003439839270173,-875.0132608181433,1423.080813719623,1.2324340104896692e-05,705,749,1.8774614505651397,0.0035874782599702244,26,0
1454,517,9,0.6522336769758832,0.5003437521887218,-868.7175670646501,1424.070353202643,8.715529929759214e-06,705,750,1.877679814264869,0.011809700865228761,28,0
1455,515,5,0.6521291999611811,0.5003435111336624,-861.8633173023899,1425.0598926847028,1.2299304216867313e-05,706,750,1.8799584258112194,0.006984123077770048,26,0
1456,514,6,0.6520247083047176,0.5003432800253488,-863.6042625881681,1426.0494393530562,8.69763471200713e-06,706,751,1.8781298384292624,0.00839727116285351,16,0
1457,510,2,0.6519205176925605,0.5003430396386048,-939.7675634394454,1427.0389860176224,1.2274180562599213e-05,707,751,1.8819376765065665,0.0364062628723716,26,0
1458,513,5,0.6521590917985561,0.5003428091576861,-857.9925709276495,1428.0285398550195,8.679692427904229e-06,707,752,1.87871939955681,0.03906632278811702,16,0
1459,513,5,0.6520547945207901,0.5003425694364858,-859.7663030880133,1429.018093689846,1.2249077144588227e-05,708,752,1.8788799712748199,0.019804981785503273,22,0
1460,514,5,0.6519507971167707,0.5003423395804286,-873.4450188891913,1430.0076546829293,8.661789706820855e-06,708,753,1.8795318308971323,0.0022750389306595547,18,0
1461,518,7,0.6521888609609918,0.5003421005220084,-875.1428473782405,1430.9972156706724,1.222390051225375e-05,709,753,1.8793639995109286,0.005980236372936384,26,0
1462,513,1,0.651743071936094,0.5003418712882606,-868.506508868708,1431.9867838027624,8.64410458234488e-06,709,754,1.8796389760811687,0.07212197488544458,14,0
1463,516,8,0.6519809524452876,0.500341632889858,-892.4324760855542,1432.9763519353294,1.2199236607557395e-05,710,754,1.8799599909050124,0.02009436173228476,14,0
1464,520,5,0.6522185082028058,0.5003414042759046,-863.0715622905248,1433.9659271912726,8.626434464531485e-06,710,755,1.8800915988126836,0.023609518379964604,28,0
1465,519,5,0.6517736112118029,0.5003411760673953,-864.8363979312795,1434.9555024483234,1.217418162013928e-05,710,756,1.8803359628595644,0.00953730680847775,36,0
1466,515,3,0.6520109844398742,0.500340938538141,-852.6103596794006,1435.9450848153363,8.608715688751545e-06,711,756,1.880739591009505,0.015936129844495706,20,0
1467,519,6,0.6522480342709239,0.5003407109452764,-959.2210532809934,1436.9346671836606,1.2148953373980476e-05,711,757,1.8807899314579184,0.017362186018914785,28,0
1468,525,7,0.6518040257529034,0.5003404740697377,-881.5066942583785,1437.9242566473974,8.591023515691631e-06,712,757,1.8810278621667949,0.01360397060880891,24,0
1469,522,8,0.6520408938552559,0.5003402470900381,-899.8365384777392,1438.9138461109997,1.2124345403208281e-05,712,758,1.8813215880750143,0.022225492005034347,20,0
1470,517,3,0.652277439906996,0.5003400108655258,-868.1053635632069,1439.903442657275,8.573611921747215e-06,713,758,1.8815114237251374,0.03772891664172423,18,0
1471,526,9,0.6518343163222866,0.500339784496505,-933.425430019527,1440.8930392056843,1.2099012792532449e-05,713,759,1.881259791354017,0.01067110046585866,23,0
1472,518,5,0.6520706814405172,0.5003395489203339,-871.61622622872,1441.8826428173486,8.556355396649451e-06,714,759,1.882011800953578,0.0068903329872802895,30,0
1473,524,6,0.6523067258462134,0.5003393231595439,-864.1347539742014,1442.8722464331913,1.207457762575359e-05,714,760,1.8816910906844915,0.008277749956855844,26,0
1474,522,6,0.651864483676113,0.5003390882290512,-903.0269470354275,1443.8618570986712,8.53904180075915e-06,715,760,1.8824669562826228,0.002008522950559413,24,0
1475,527,9,0.652100347938639,0.5003388630740315,-887.8097778325078,1444.85146776586,1.204994600811915e-05,715,761,1.8793426699762006,0.013985206162133924,26,0
1476,525,8,0.6523358928179798,0.5003386287865691,-937.4146289094072,1445.8410854725537,8.521310292053386e-06,716,761,1.8806294659322234,0.01945755822223276,24,1
1477,521,5,0.6518945285650022,0.5003384042348816,-874.841685062122,1446.830703177979,1.2025412843286176e-05,716,762,1.883185827184016,0.007708559434378981,22,0
1478,521,4,0.6521298940862428,0.5003381705878073,-876.5878084372171,1447.8203279072463,8.504169727530098e-06,717,762,1.8834108883734901,0.018091238942959803,30,0
1479,525,5,0.652364941545863,0.5003379466370451,-869.2917818610459,1448.8099526404171,1.200087081087986e-05,717,763,1.880103679951016,0.01543345615828971,38,0
1480,527,10,0.651924451733003,0.5003377136277332,-933.136101415223,1449.7995843794772,8.487138757118373e-06,718,763,1.8838799380230395,0.01973951555833589,27,0
1481,521,8,0.6521590551440787,0.5003374902754751,-921.4813492117779,1450.7892161204063,1.1976388577750186e-05,718,764,1.8804902353936084,0.005985673435191058,36,0
1482,532,6,0.6523938727471845,0.5003372579013268,-986.4245895711214,1451.778854857398,8.469809927191818e-06,719,764,1.8790278976963255,0.014373339930056857,33,0
1483,523,4,0.6519542539181631,0.500337035145177,-2205.923186173045,1452.76849359556,1.195177515000978e-05,719,765,1.884602642919146,0.00010697736995993063,22,1
1484,524,8,0.6518520541368795,0.5003368034035962,-919.640859191015,1453.7581393127498,8.452988140561501e-06,720,765,1.8805203641109847,0.017062962411524656,15,0
1485,533,9,0.6520861372811848,0.5003365812411782,-963.3402419916562,1454.747785034185,1.1927781088161282e-05,720,766,1.8790496737708677,0.009516614106285116,28,0
1486,523,5,0.6519839358530476,0.5003363501295796,-932.1194919984929,1455.737437718578,8.43564816932485e-06,721,766,1.885286702358933,0.04552455374169161,22,0
1487,525,5,0.6518819219480476,0.5003361285585061,-926.870687634032,1456.7270904049835,1.190365651382308e-05,721,767,1.879435302238259,0.03698911099319887,24,0
1488,524,4,0.6521155137676672,0.5003358980743224,-902.0717288406838,1457.7167500468074,8.419108553425758e-06,722,767,1.8857303804612933,0.010505509562835295,26,0
1489,525,6,0.6520134982637606,0.5003356770922597,-892.7643749708741,1458.7064096873637,1.188008218377945e-05,722,768,1.8798248924753744,0.008869987732668276,36,0
1490,530,7,0.6519116695680321,0.5003354472329417,-1021.295044449842,1459.696076267476,8.401912964473013e-06,723,768,1.8794639026207367,0.00949945744592512,34,0
1491,524,4,0.6521447721180466,0.5003352268375235,-888.126592704981,1460.6857428484752,1.1855907814606326e-05,723,769,1.886415058415186,0.03745707968326961,18,0
1492,527,7,0.6520429418710311,0.5003349976005436,-889.8532580478474,1461.6754163554876,8.385225328311208e-06,724,769,1.879295748934551,0.025994860804954396,24,0
1493,526,3,0.6519412977208707,0.500334777789441,-882.9945698782769,1462.6650898608398,1.18318612294388e-05,724,770,1.8789344845205285,0.03260985670694717,24,0
1494,525,4,0.652173913043461,0.5003345491722546,-1019.2060811117,1463.6547702802316,8.368115459234104e-06,725,770,1.8870836920491818,0.007598029161414738,20,0
1495,526,8,0.6520722673892346,0.5003343299431509,-972.525647060605,1464.644450697466,1.1807783039330388e-05,725,771,1.8771033629118814,0.004847394445185534,22,0
1496,538,11,0.65197080712483,0.5003341019432673,-899.1096970147133,1465.6341380132965,8.351519454663503e-06,726,771,1.875102856973294,0.004039264648279237,24,0
1497,530,7,0.6522029372497322,0.5003338832938512,-900.7940262498611,1466.623825330964,1.1784239859480294e-05,726,772,1.8842816918208574,0.004458101134204425,14,0
1498,527,6,0.6521014755276855,0.5003336559087537,-902.4772900035294,1467.6135195298227,8.33507920106058e-06,727,772,1.883037748966136,0.0049163925421071425,26,0
1499,532,4,0.6520001984924423,0.5003334378367347,-896.3936501090924,1468.6032137309014,1.1760526604120969e-05,727,773,1.880809661207889,0.021127176856041225,34,0
1500,529,4,0.6522318454364383,0.5003332110639617,-889.7515609848975,1469.5929148014511,8.3185709627287e-06,728,773,1.8842764809684303,8.512633708068374e-05,24,0
1501,531,7,0.6521305669896582,0.5003329935670343,-907.5207203872644,1470.5826158743798,1.1737267186617828e-05,728,774,1.8777036632444362,0.004986086498548994,18,0
1502,533,4,0.6520294725304728,0.5003327674040937,-884.3278255501776,1471.5723238021978,8.301941079480457e-06,729,774,1.882714391666462,0.009370495303057492,28,0
1503,532,5,0.6522606382979474,0.500332550480012,-914.3136405434941,1472.5620317299984,1.1713829735526815e-05,729,775,1.8764231563978102,0.03616840024342191,30,0
1504,534,6,0.6521595424726997,0.5003323249244557,-907.070518167002,1473.5517464993204,8.285813692054944e-06,730,775,1.876615665518313,0.005056479918377805,24,0
1505,535,7,0.6520583886837416,0.5003321085709475,-908.7445389373376,1474.541461270536,1.1690804967656732e-05,730,776,1.8762517897412547,0.001590016692428737,28,0
1506,537,8,0.6522893165228014,0.5003318836203386,-993.7034607769938,1475.5311828737415,8.268886404039222e-06,731,776,1.8743403567834875,0.018502339873376728,30,0
1507,533,4,0.6521884026691463,0.5003316678351448,-896.4465378165136,1476.5209044731698,1.1666847285596305e-05,731,777,1.8766384963146554,0.005127576395711573,28,0
1508,533,7,0.6517562032947037,0.5003314434870357,-889.4555080864828,1477.5106328909596,8.252655334217707e-06,732,777,1.882697930345363,0.002926352096977069,20,0
1509,532,5,0.6519868284111711,0.5003312282679454,-891.2310362356814,1478.5003613073663,1.1644085589068709e-05,732,778,1.8755095657576693,0.0011959853252120622,28,0
1510,533,3,0.6522171482658172,0.5003310045199415,-883.7026009372524,1479.4900965253385,8.236655503424117e-06,733,778,1.881135791555645,0.006236273099743685,32,0
1511,529,3,0.6517857874191523,0.5003307898646957,-905.8954339420067,1480.4798317436414,1.1620902569120517e-05,733,779,1.8831658711638444,0.04886282836691667,20,0
1512,536,7,0.65201593569485,0.5003305667143645,-907.5947972534576,1481.4695737522197,8.220031304517761e-06,734,779,1.8781894752256236,0.013683181031043221,14,0
1513,540,8,0.6522457799437062,0.5003303526207812,-909.2930855894925,1482.4593157617333,1.1597691809583921e-05,734,780,1.876083698791226,0.008247381452053913,28,0
1514,531,3,0.6518152543792991,0.5003301300657547,-925.2999244611188,1483.4490645436993,8.203629704439663e-06,735,780,1.8826894740486249,0.059963126580316814,21,0
1515,536,6,0.6520449277788135,0.5003299165316175,-896.3059043953698,1484.4388133274495,1.1574600648600608e-05,735,781,1.8783289788547766,0.006972935089533739,28,0
1516,537,2,0.6522742983786549,0.5003296945695039,-888.9617394185834,1485.4285688745078,8.18756916487473e-06,736,781,1.8801798446262892,0.049545690923242784,22,0
1517,539,11,0.6518446048696586,0.5003294815926226,-1066.087985049498,1486.4183244159974,1.155208155978471e-05,736,782,1.8770483131896931,0.004772449366888168,16,0
1518,537,7,0.6520738053453995,0.5003292602210496,-2190.108563624125,1487.408086711054,8.171673016477143e-06,737,782,1.879551152949016,0.0005438784022892124,28,0
1519,537,3,0.6523027042413535,0.5003290477992342,-913.9643815466533,1488.3978490067316,1.1528982440722757e-05,737,783,1.879700662705266,0.01405497203243444,30,0
1520,535,5,0.6518738395792744,0.5003288270158697,-921.1512728695584,1489.387618035305,8.155760951922275e-06,738,783,1.8807883137934123,0.04081190763517198,26,0
1521,536,7,0.6521025690716875,0.5003286151469838,-901.337062459629,1490.3773870623645,1.1506447435749578e-05,738,784,1.8795369859814381,0.016657918404075975,30,0
1522,539,6,0.6523309981970348,0.5003283949494569,-975.3922179517282,1491.3671628148277,8.139912324622856e-06,739,784,1.8792206877234892,0.022882890120127702,24,0
1523,539,6,0.6519029591923402,0.5003281836313139,-2215.820286786617,1492.3569385661515,1.1483431535452837e-05,739,785,1.8785657672719924,0.0007409209073454492,28,0
1524,536,3,0.6521312196298102,0.5003279640173246,-897.7594341376022,1493.3467210270182,8.123944780891179e-06,740,785,1.8799930458386385,0.03588891597525095,12,0
1525,537,7,0.6520314547835506,0.5003277532477912,-936.2998502998532,1494.3365034862234,1.1461014537417213e-05,740,786,1.8790433738631085,0.012189942549727105,16,0
1526,543,7,0.6519319643867059,0.5003275342150009,-920.2751148221926,1495.3262926436241,8.10825576991192e-06,741,786,1.8792622748127386,0.01443328502223931,28,0
1527,545,9,0.6521597576863883,0.500327323991947,-2129.349471374129,1496.316081798679,1.143817689808202e-05,741,787,1.879450598270774,0.00011143313304758018,28,0
1528,540,5,0.6520601700459536,0.5003271055380597,-908.0736605482332,1497.3058776374771,8.091848940239288e-06,742,787,1.8797968918206296,0.011346282521364956,8,0
1529,544,10,0.6519608558356841,0.5003268958593475,-971.2045512141719,1498.2956734755548,1.1416327197366627e-05,742,788,1.8799098217216441,0.025281532364050067,30,0
1530,545,7,0.6521881839019645,0.5003266779820699,-973.2046513090062,1499.2854759819745,8.076706535575795e-06,743,788,1.880172828747968,0.0026965166926880757,43,0
1531,537,3,0.652088772845858,0.5003264688456085,-944.050422807126,1500.2752784897139,1.1393994100217242e-05,743,789,1.880459775375606,0.0341382364751959,30,0
1532,541,6,0.6519896342069191,0.5003262600640315,-1003.559460415764,1501.2650876533737,8.060685331656714e-06,743,790,1.8806746603377373,0.017337394322816575,18,0
1533,549,10,0.652216371631129,0.5003260429463307,-926.527613905199,1502.2548968176495,1.1371595519449329e-05,744,790,1.8808124379267466,0.006313979286614436,26,0
1534,544,7,0.6521172638437809,0.5003258347035254,-968.4107280853779,1503.2447126253705,8.04478054305946e-06,744,791,1.8810662132296319,0.016124871885306827,17,0
1535,540,5,0.6520183001632119,0.5003256181571594,-977.1324562119382,1504.2345284334249,1.1348890211593243e-05,745,791,1.8813102290485957,0.009852083858055638,20,0
1536,543,5,0.6519195122872561,0.5003254104510491,-957.6522888481812,1505.2243508701533,8.028833690332249e-06,745,792,1.8815406232972016,0.008330453604718378,22,0
1537,544,3,0.6521456436930795,0.5003251944737696,-1008.306154942668,1506.214173308711,1.1327165111651993e-05,746,792,1.8817716403863165,0.0076667183265715574,18,0
1538,546,7,0.6520468543616984,0.5003249873022677,-953.4617555335275,1507.2040023627073,8.013313617993845e-06,746,793,1.8819425660861326,0.02414469118258164,30,0
1539,545,6,0.6519482401856467,0.5003247718918363,-955.2827324600765,1508.1938314191198,1.1305149200779852e-05,747,793,1.882170990617107,0.013972342025433163,30,0
1540,548,6,0.6521739130435641,0.5003245652529,-966.8795221002026,1509.1836670774865,7.997301509021781e-06,747,794,1.8824000395151352,0.03507865867317325,16,0
1541,545,5,0.6520752974549854,0.5003243504070789,-927.319318698955,1510.1735027385114,1.1283236517556361e-05,748,794,1.8826271330830353,0.007144278991457085,28,0
1542,547,9,0.6519768563758643,0.5003241442986309,-963.0076976429933,1511.163344989469,7.982046099641593e-06,748,795,1.8828509866324428,0.005490943148299345,18,0
1543,546,6,0.6522020725389212,0.500323930015202,-914.8516749673418,1512.153187239179,1.126154188568762e-05,749,795,1.8830780447856834,0.01803424161041521,16,0
1544,545,3,0.6521036300897081,0.5003237244352271,-907.7707865578598,1513.1430360709576,7.966186331032077e-06,749,796,1.8833108753330026,0.04371295502729354,30,0
1545,546,7,0.6520053615079752,0.5003235107119993,-1028.836947727119,1514.1328849011798,1.1239233344895183e-05,750,796,1.88352889051715,0.005565315012777822,34,0
1546,546,6,0.6522301228184683,0.5003233056584557,-1004.201033831893,1515.1227402960392,7.950663757583243e-06,750,797,1.8834288040711296,0.014343881334947909,20,0
1547,547,4,0.6521318529087501,0.5003230924932148,-931.9779801091722,1516.1125956935127,1.1217543260499951e-05,751,797,1.883974533582207,0.0384184819737194,36,0
1548,548,6,0.6520337562277759,0.5003228879640789,-933.6649892175477,1517.1024576437617,7.934922223284957e-06,751,798,1.8838266154037555,0.047291286079078704,32,0
1549,549,8,0.652258064515918,0.5003226753546621,-935.3509631772771,1518.0923195914127,1.1195915249118116e-05,752,798,1.881622202208979,0.013368560076152029,16,0
1550,548,4,0.6521599665487177,0.5003224713479313,-921.6209686716498,1519.0821880826234,7.920076541267917e-06,752,799,1.8833006677693862,0.02511819973739764,28,0
1551,548,3,0.6520620411750417,0.5003222592921494,-1008.727388985928,1520.072056571712,1.1174173096151208e-05,753,799,1.8848656677268496,0.03376743526792917,33,0
1552,547,5,0.6522858982613403,0.5003220558058187,-916.5443752761212,1521.0619315922568,7.904281119408552e-06,753,800,1.8831454780329215,0.0024843057600452403,16,0
1553,546,4,0.6518663366074974,0.5003218443015247,-909.1418436246267,1522.0518066093762,1.1152783827128587e-05,754,800,1.8838318791705873,0.004392906799170885,22,0
1554,556,13,0.6520902169854882,0.5003216413336192,-947.5880124506515,1523.0416881421909,7.889009111750056e-06,754,801,1.8780289218218902,0.01874858524145193,18,0
1555,551,9,0.6523136246784814,0.5003214303786558,-949.3056662885074,1524.0315696755908,1.1131323162771878e-05,755,801,1.8806523938266506,0.01160003725254165,21,0
1556,547,6,0.6518946692355198,0.5003212279271726,-1013.221455721893,1525.0214577111117,7.873580216255505e-06,755,802,1.883857091504739,0.0007575916938448903,28,0
1557,550,4,0.6521182683377656,0.5003210175194056,-943.3060056731916,1526.0113457488017,1.1109920251328731e-05,756,802,1.8825071848131498,0.03953019906430589,20,0
1558,548,7,0.6523412443872415,0.5003208155823956,-1061.997625265265,1527.0012402758389,7.858758181100711e-06,756,803,1.882683897084321,0.013514285553061733,22,0
1559,549,6,0.6519230769228215,0.5003206057197009,-914.4595173897371,1527.9911348013059,1.1088672181358561e-05,757,803,1.8823514187769175,0.022252137768840295,16,0
1560,551,5,0.6518258213584348,0.5003204042951956,-916.273299765826,1528.9810358062084,7.843257662898395e-06,757,804,1.881513914845581,0.020684225476789747,34,0
1561,551,6,0.6523687365755366,0.5003201949754491,-1029.658823480754,1529.9709368105514,1.1067414561694022e-05,758,804,1.8816889855938883,0.025810785121731634,34,0
1562,553,8,0.6519513755598026,0.5003199940615041,-1065.482667253291,1530.9608442825272,7.828694833733607e-06,758,805,1.8808530774293262,0.012940148544544991,16,0
1563,555,8,0.651854288337219,0.5003197852826119,-1047.025560007977,1531.9507517524128,1.1046643294321257e-05,759,805,1.8800207593713043,0.01789462922526887,30,0
1564,551,4,0.6520767457377119,0.5003195848772815,-1072.192536166634,1532.9406656731726,7.813055390215595e-06,759,806,1.8812019569178093,0.01079239517289193,27,0
1565,554,6,0.6519795657727259,0.5003193766371361,-958.9741241725095,1533.930579600207,1.1025090998373344e-05,760,806,1.8818880800129263,0.003519350486010005,34,0
1566,553,8,0.6518826463168879,0.5003191767385077,-1068.946972375627,1534.9204999638562,7.798125807312317e-06,760,807,1.8795329113993167,0.013909559364266005,30,0
1567,549,2,0.6521046600115589,0.5003189690350377,-854.9797308529085,1535.9104203282484,1.1003808594978182e-05,761,807,1.8827585353330627,0.022849308382864433,30,0
1568,556,5,0.6520076481834873,0.5003187696411674,-943.8510344043559,1536.9003471196104,7.783175533404574e-06,761,808,1.8793755247581898,0.03309172543639049,40,0
1569,552,6,0.6519108959225856,0.500318562472303,-945.5453724676366,1537.8902739109706,1.0983089396177093e-05,762,808,1.880558726025106,0.019746622509917544,12,0
1570,559,11,0.6521324676751894,0.5003183635812936,-1037.308667081408,1538.8802071211842,7.768022896925686e-06,762,809,1.8782147590119145,0.024880322199503143,33,0
1571,558,6,0.6520356234096194,0.5003181569449581,-933.5845552745,1539.870140327158,1.096254004551156e-05,763,809,1.8778865860892973,0.03108974798278972,18,0
1572,551,3,0.651939037774109,0.5003179585549193,-926.7605740546873,1540.8600799394746,7.753667432552902e-06,763,810,1.8805774630014656,0.03852943765032811,26,0
1573,549,0,0.6521601693376524,0.5003177524490732,23.53583969214799,1541.850019552786,1.0941182836177177e-05,764,810,1.8828167066264987,0.0929933051745098,26,0
1574,561,7,0.6520634920635688,0.5003175545580923,-1008.316186170125,1542.8399655575593,7.738543672530795e-06,764,811,1.8759110302052746,0.00228841683808694,33,0
1575,556,6,0.6519670724872525,0.5003173489806939,-968.6084575432554,1543.829911558677,1.0920707154582487e-05,765,811,1.8785686201374494,0.04450529802746889,26,0
1576,557,7,0.6521877656044112,0.5003171515869133,-957.3770217306792,1544.8198639415075,7.723718454144546e-06,765,812,1.880264915181861,0.017316314862943133,20,0
1577,563,7,0.6520912547528029,0.5003169465359255,-953.5628668098852,1545.8098163252328,1.0899892231464037e-05,766,812,1.8764078158622652,0.0003655378043991392,26,0
1578,558,7,0.6519950006722087,0.5003167496374442,-955.246261098253,1546.7997750781085,7.708827524766093e-06,766,813,1.8770747585144951,0.016118361681550373,22,0
1579,556,5,0.6522152570755396,0.500316545110863,-1012.410122513025,1547.789733826438,1.0879637102334527e-05,767,813,1.8802879198318445,0.008372481881670502,19,0
1580,560,7,0.6521189120810482,0.5003163487058538,-1061.637625923317,1548.7796989312576,7.694424311921466e-06,767,814,1.8761794607888014,0.02013660713403502,16,0
1581,557,5,0.6520228229352223,0.5003161447016459,-1127.163710078608,1549.7696640373133,1.0859014764719177e-05,768,814,1.8791064621991662,0.0030670486568050445,30,0
1582,560,4,0.6522426443466526,0.500315948788233,-949.448007195931,1550.7596354858879,7.679827149331686e-06,768,815,1.8769758744332043,0.025856911158044133,18,1
1583,563,8,0.6521464646464353,0.5003157453044187,-1088.043331496639,1551.749606932914,1.0838651860467508e-05,769,815,1.87688338303359,0.007810299490194754,26,0
1584,562,9,0.652050363440882,0.5003155498807553,-1016.474148178553,1552.7395847148932,7.665647672183695e-06,769,816,1.877148759913787,0.015209857756606547,22,0
1585,563,6,0.6522699280097838,0.5003153469153411,-938.8548901907092,1553.7295624941169,1.0818053169714403e-05,770,816,1.8773498601914023,0.0018082568012685513,22,0
1586,563,8,0.6521739130436673,0.5003151519796084,-979.9970921743095,1554.7195465932573,7.6503117725224e-06,770,817,1.8775683493502329,0.002937356382381696,20,0
1587,563,8,0.6517634009522474,0.5003149495306115,-1038.81618201552,1555.7095306932295,1.0797543609442073e-05,771,817,1.8778809053559657,0.017992759197597134,28,0
1588,564,6,0.6519825557098957,0.5003147550809707,-1011.614113374591,1556.6995210997688,7.636206191818928e-06,771,818,1.878112472779172,0.006705651080928295,28,0
1589,563,5,0.6522012578616478,0.5003145531464243,-955.8923024712965,1557.68951150625,1.0777157058328157e-05,772,818,1.8783062923344922,0.013193608744991214,36,0
1590,567,10,0.6517915023539519,0.5003143591810734,-968.6340521288037,1558.6795082071,7.622079920110991e-06,772,819,1.878491147986054,0.007375724914678867,20,0
1591,564,8,0.6520100502514501,0.5003141577590128,-959.2949991891337,1559.6695049080568,1.0757246172943269e-05,773,819,1.8787495599212107,0.015596792072203956,32,0
1592,560,3,0.6522284996863722,0.5003139642761286,-1043.52233784396,1560.6595078923565,7.607530505993054e-06,773,820,1.878994161404012,0.021333389790660368,32,0
1593,565,7,0.6518194979798522,0.5003137633646254,-1008.159179614232,1561.6495108815382,1.0737165894170175e-05,774,820,1.879190341629601,0.03320348591037081,28,0
1594,558,3,0.6520376175546271,0.5003135703624163,-1076.330568244665,1562.6395201364876,7.593596365040867e-06,774,821,1.8793918998739132,0.01672033426922402,18,0
1595,564,7,0.6522556390976264,0.5003133699595055,-2322.660322861836,1563.6295293910214,1.0717432587625808e-05,775,821,1.879631033371986,0.0006693558238208021,14,0
1596,569,11,0.6518473884257492,0.5003131774361919,-998.0430108782552,1564.619544910947,7.5793059295392595e-06,775,822,1.8797896531109628,0.0021076378228016457,22,0
1597,562,5,0.6520650813517007,0.5003129852264293,-1048.196237041475,1565.6095604253449,1.0696942126742215e-05,775,823,1.880058530489588,0.03114528717422379,16,0
1598,562,5,0.6522826766728068,0.5003127854937351,-965.6647939939091,1566.5995821905465,7.564715588159743e-06,776,823,1.8803207800675428,0.038701051694326354,16,0
1599,565,4,0.6518751742835323,0.5003125937599262,-1005.971730763117,1567.5896039564982,1.0676499869077816e-05,776,824,1.8805181015698618,0.02931863961180375,16,0
1600,564,4,0.6520924422237419,0.500312394531384,-945.933556202385,1568.5796319568317,7.550678219558904e-06,777,824,1.8807683532964081,0.031587041090923335,24,0
1601,562,3,0.6523096129840323,0.500312203271759,-938.7898694113163,1569.5696599595497,1.0656638323780498e-05,777,825,1.881039349185255,0.04177729354716802,22,0
1602,568,6,0.6519028561403212,0.5003120045454374,-940.6184796922768,1570.5596941868362,7.536603789048968e-06,778,825,1.8812134478620577,0.012767299885308826,22,0
1603,563,4,0.652119700747985,0.500311813758233,-1066.402080113104,1571.5497284103765,1.0636504612193676e-05,778,826,1.881465342061409,0.023531649851113542,27,0
1604,566,6,0.6520249871450889,0.5003116155322673,-970.2952666048484,1572.5397688491264,7.522647592850262e-06,779,826,1.881656073446782,0.0035100578631383416,22,0
1605,570,8,0.6519304345787421,0.5003114252157388,-971.9785261883353,1573.5298092870676,1.061670536728343e-05,779,827,1.8818201408716781,0.011902479055672693,20,0
1606,563,3,0.6521468574985516,0.5003112274882116,-951.0975259668407,1574.5198559294272,7.5085558819409925e-06,780,827,1.8822242296369032,0.04234812119949618,36,0
1607,565,5,0.6520523036044249,0.5003110376406146,-944.1333735948576,1575.5099025690363,1.0596408628771314e-05,780,828,1.882288756314381,0.0178364921575644,20,0
1608,567,6,0.6519579101776182,0.500310840409661,-945.9535700963197,1576.4999553990237,7.494748160752351e-06,781,828,1.8824629407245692,0.00939843468324057,20,0
1609,564,4,0.6521739130436673,0.5003106510292745,-982.9886724228688,1577.4900082308202,1.057707686413778e-05,781,829,1.8827998073075811,0.00796976914787263,16,0
1610,568,8,0.6520795183266437,0.5003104542930261,-984.704296679442,1578.4800672386377,7.480388376279734e-06,782,829,1.8829053956285495,0.004737724219733758,24,0
1611,575,13,0.6519851116622998,0.5003102653781185,-1152.44443366616,1579.4701262497847,1.0556870392974815e-05,782,830,1.8762173276811926,0.0022172274150768297,18,0
1612,572,8,0.6522008679481376,0.500310069134727,-1074.336555436589,1580.4601914240402,7.466898750863038e-06,783,830,1.883354848652987,0.0009401523729081696,26,0
1613,573,8,0.6521066318793627,0.5003098806835844,-957.9969053970651,1581.4502565991143,1.0537560683587799e-05,783,831,1.8835414815069333,0.0048005186391754506,26,0
1614,566,2,0.6520123839008395,0.5003096849311691,-1098.112083282694,1582.4403279317937,7.452829322573962e-06,784,831,1.8837853304773151,0.014127104845621252,30,0
1615,567,5,0.6519183809220611,0.5003094969420864,-877.7159175672795,1583.430399260989,1.0517990176595049e-05,784,832,1.8839825770053913,0.006308454033228106,26,0
1616,573,6,0.6521336448253352,0.5003093016788356,-945.7676247978384,1584.420476735978,7.4393981321918545e-06,785,832,1.8841804205806607,0.004863903729694682,18,0
1617,574,6,0.6520395550061043,0.500309114150119,-974.5333327678229,1585.4105542107852,1.0498354868104798e-05,785,833,1.88392130446874,0.019913105794235584,18,0
1618,572,9,0.651945709327169,0.5003089193741901,-1101.550194624619,1586.4006378190963,7.425267540384084e-06,786,833,1.8831741687205457,0.011517462185600538,22,0
1619,573,7,0.6521605577238968,0.5003087323041486,-977.9339017185275,1587.3907214286735,1.0478360536581022e-05,786,834,1.882875236041608,0.004927882360723014,18,0
1620,576,5,0.6520666255396196,0.5003085380137153,-994.8176757632098,1588.3808111551787,7.41175335861044e-06,787,834,1.8843794970089938,0.007023097202315985,26,0
1621,569,3,0.6519729366409122,0.5003083514006649,-930.0280907941851,1589.3709008837832,1.045967178470164e-05,787,835,1.8840784541349198,0.04408591306698856,22,0
1622,570,6,0.6521873711296247,0.5003081575939283,-951.1891951454868,1590.3609967228026,7.3975284067273606e-06,788,835,1.8837794299513275,0.004992457394699987,26,0
1623,575,4,0.6520935960591829,0.500307971436196,-953.0254888619859,1591.3510925619582,1.0439777724968735e-05,788,836,1.8834785562686118,0.023588572827015618,28,0
1624,575,6,0.6520000634235344,0.5003077781113314,-1071.467645608678,1592.3411944977336,7.3845574206643505e-06,789,836,1.8836315797271457,0.014967384795866616,25,0
1625,572,8,0.6522140855931141,0.5003075924072553,-997.8987107431196,1593.3312964355027,1.0420486205475754e-05,789,837,1.8824296006127768,0.005057631686968629,22,0
1626,579,7,0.6521204671173185,0.5003073995624848,-984.2941239413842,1594.321404462889,7.3707790306798415e-06,790,837,1.8830310451998873,0.04181508899417179,28,0
1627,571,4,0.6520270902305723,0.5003072143104039,-935.976277760717,1595.3115124835667,1.0401336339782574e-05,790,838,1.8850154883846573,0.02388787110687131,20,0
1628,572,5,0.6522407016612882,0.5003070219439346,-1052.694483331023,1596.301626585435,7.356963806159911e-06,791,838,1.8837950648583988,0.005123408085669439,25,0
1629,572,5,0.6518405537529818,0.5003068371422124,-1076.377261222407,1597.291740685842,1.0382123036833946e-05,791,839,1.8830376131400115,0.0016907714969139522,28,0
1630,573,4,0.6520540176136289,0.5003066452522603,-1111.74568067012,1598.281860854458,7.34374884814315e-06,792,839,1.8845679424684327,0.014925565601188078,29,0
1631,586,14,0.6522672198764197,0.500306460899246,-992.7348030593741,1599.2719810216986,1.0362751481807209e-05,792,840,1.875483739449042,0.005189789431642633,14,0
1632,577,9,0.6518677908455665,0.5003062694840563,-988.9167547254995,1600.2621072400023,7.329865638894262e-06,793,840,1.8812314784911508,0.00802561724375388,26,0
1633,574,4,0.6520808461206341,0.5003060855781089,-1095.088581131053,1601.2522334590008,1.0343934263801202e-05,793,841,1.8827429264898439,0.01946409475629949,32,0
1634,580,6,0.6522936407774217,0.5003058946359022,-1115.104950015265,1602.2423657215945,7.317017434615991e-06,794,841,1.8819862857568932,0.005256778558260001,28,0
1635,576,6,0.6518949280471253,0.5003057111754137,-2418.332859474292,1603.232497983893,1.0324659115212853e-05,794,842,1.8803337964391875,0.00045561157554681005,23,0
1636,578,8,0.6521075762949173,0.5003055207044649,-1050.0910108496,1604.2226362788838,7.30319425201742e-06,795,842,1.879588340947916,0.01687096282626687,29,0
1637,581,4,0.6523199648989205,0.5003053376878164,-985.2421794965887,1605.212774572619,1.0306059948561597e-05,795,843,1.8829060523173107,0.04027670354216069,30,0
1638,581,6,0.6519219659058184,0.5003051476863579,-986.9519290518754,1606.2029188853676,7.289983386726817e-06,796,843,1.880330598086212,0.011434861593615522,24,0
1639,579,9,0.6521339870816152,0.5003049651119348,-995.1758588924047,1607.1930632018375,1.0286882570653688e-05,796,844,1.878691458062397,0.004112766374892193,22,0
1640,581,4,0.6523461927715666,0.5003047755782433,-1014.940193325227,1608.1832135237364,7.276492624441744e-06,797,844,1.8815397016285997,0.03545655736754276,19,0
1641,583,8,0.6519489049663382,0.500304593444434,-1054.118121355861,1609.1733638479461,1.0268164942317526e-05,797,845,1.878983082209231,0.009041022025950647,18,0
1642,581,8,0.6518565255723939,0.5003044043767877,-1126.281216370525,1610.1635201702802,7.263617817443446e-06,798,845,1.8800288867763473,0.0031735349157708324,25,1
1643,580,6,0.6520681265207919,0.5003042226820267,-963.7429501745244,1611.1536764946889,1.0249113074678462e-05,798,846,1.8797288272760402,0.023338345870473176,30,0
1644,580,5,0.6519757457692921,0.5003040340787016,-991.6752131087824,1612.1438388051,7.250158205351909e-06,799,846,1.8807867586130054,0.000399438019424276,16,0
1645,581,8,0.6518835182737848,0.5003038528213731,-1048.715035183647,1613.1340011145965,1.0230485486317775e-05,799,847,1.8804832928456212,0.031301796267262094,27,0
1646,586,10,0.6520947176686501,0.5003036646806663,-1129.895048880432,1614.1241694026394,7.237274530780269e-06,800,847,1.87660486079133,0.007162833564521634,31,0
1647,582,8,0.6520024888511519,0.5003034838592096,-1025.239985658018,1615.1143376904354,1.021189973471337e-05,800,848,1.8785257085848532,0.017508579657534242,21,0
1648,588,8,0.6519104127611942,0.5003032961794066,-967.3204794158489,1616.1045119431255,7.2239904511661734e-06,801,848,1.8786739694873904,0.006082587188696071,22,0
1649,584,4,0.6521212121215103,0.5003031157922583,-1031.993939968659,1617.094686194286,1.0193679145231727e-05,801,849,1.877924692096448,0.016319140067812727,30,0
1650,576,3,0.6520291347448745,0.500302928571691,-1052.564947993103,1618.0848664016428,7.2111492954718415e-06,802,849,1.8807976231048644,0.0030029132831912424,22,0
1651,595,12,0.6519372095696022,0.5003027486172602,-1081.793671203014,1619.0750466107318,1.0175140232604463e-05,802,850,1.8768896119203538,0.02573206581382834,28,0
1652,589,9,0.6521476104051436,0.5003025618542248,-1040.32605485523,1620.0652327637226,7.19789545655658e-06,803,850,1.8770975898856275,0.013037360843036607,30,0
1653,582,5,0.6520556839786134,0.5003023823309846,-1001.437415412182,1621.0554189147076,1.0157008318856242e-05,803,851,1.8785190724346483,0.019270191260275453,26,0
1654,587,6,0.6519639092302669,0.5003021960238153,-1003.127999853498,1622.0456109998204,7.185113645391539e-06,804,851,1.8782158976128556,0.001434116922019194,26,0
1655,585,4,0.652173913043461,0.5003020169301959,-974.5300440535111,1623.0358030872776,1.0138102425116813e-05,804,852,1.8783661322757101,0.002802398196595163,16,0
1656,587,7,0.6520821370780927,0.5003018310772211,-1086.411432161506,1624.0260010950885,7.172296363933128e-06,805,852,1.878058176270368,0.01671274670151949,25,0
1657,586,6,0.651990512270726,0.500301652411702,-1043.883430716769,1625.0161991034831,1.0119291800947394e-05,805,853,1.8782423258372836,0.01951981206488021,14,0
1658,591,8,0.652200120554697,0.5003014670112688,-997.8160321629905,1626.006403020741,7.159402002798743e-06,806,853,1.8784292356964665,0.004882096239340837,24,0
1659,589,7,0.6521084945644943,0.5003012887722955,-1006.061079492527,1626.9966069435739,1.0101292218678282e-05,806,854,1.878700260061572,0.02279851959540125,32,0
1660,583,6,0.6520170192142141,0.5003011038227362,-1007.744180887953,1627.98681676257,7.14650400368555e-06,807,854,1.878868455186458,0.03501318034727419,20,0
1661,591,9,0.6522262334536811,0.5003009260088029,-1104.496830942003,1628.9770265851805,1.0083461575050023e-05,807,855,1.879046014362907,0.004944641381242968,22,0
1662,588,4,0.6521347569547666,0.5003007415084983,-972.742150009268,1629.9672422989372,7.133993904062663e-06,808,855,1.8794292000401418,0.032873069792234456,24,0
1663,587,5,0.6520434305805571,0.5003005641180693,-974.5966415587156,1630.9574580103172,1.006538172987348e-05,808,856,1.8795081349825455,0.02308337561052308,24,0
1664,583,4,0.6522522522520446,0.500300380065372,-1019.202574711892,1631.9476796024892,7.120827831386123e-06,809,856,1.8797728423750821,0.005007754331396419,22,0
1665,595,8,0.6521609247626604,0.5003002030969494,-1004.296207460044,1632.9379011940425,1.004685555017204e-05,809,857,1.8799153003610476,0.01261121367498418,34,0
1666,590,8,0.6520693073317124,0.5003000264049586,-1186.104283665705,1633.9281286539278,7.10824519956077e-06,809,858,1.8800923121047184,0.003759539516416329,18,0
1667,589,9,0.6522781774580158,0.5002998429422884,-1126.804622179641,1634.918356116874,1.0028928045358043e-05,810,858,1.8803464966503047,0.00507143773578204,24,0
1668,586,3,0.6521869984990366,0.5002996666698226,-978.2091936675374,1635.9085894361824,7.095486580510624e-06,810,859,1.8805617838180813,0.02907714247682039,22,0
1669,587,4,0.6517964671405011,0.5002994836510072,-980.055439634896,1636.8988227586767,1.001058922156517e-05,811,859,1.8808016421641174,0.01882923445092232,24,0
1670,584,3,0.6520048475343216,0.500299307796553,-1112.332831811651,1637.8890619258395,7.08292145645828e-06,811,860,1.8810813268735491,0.005135694233844232,30,0
1671,593,9,0.6522129786691874,0.5002991252199604,-1002.233350788849,1638.8793010935838,9.993172170652542e-06,812,860,1.881136527245574,0.011898844317850273,24,0
1672,597,11,0.6518231320775855,0.5002989497820591,-1010.721847349041,1639.869546098958,7.069759021760547e-06,812,861,1.8813506663746051,0.003973700282581722,10,0
1673,587,4,0.6520311231009392,0.5002987676461167,-1012.422623604481,1640.8597911057273,9.974955673897057e-06,813,861,1.881683115523308,0.005200526458387245,18,0
1674,594,8,0.6522388657766015,0.5002985926232599,-2381.162357078674,1641.8500419394825,7.0571384185313946e-06,813,862,1.8809010332507459,0.0001992719688193432,22,1
1675,589,4,0.6518497015561007,0.5002984109263399,-985.4724919133996,1642.8402927731124,9.957313523045741e-06,814,862,1.8819962153526109,0.022268391626352677,26,0
1676,589,4,0.6520573046587872,0.5002982363170836,-978.1678163035215,1643.8305494231754,7.044248604870518e-06,814,863,1.88227123091129,0.04181485281271032,24,0
1677,593,5,0.6522646603201807,0.5002980550576223,-980.0398993072224,1644.8208060753695,9.938830544342636e-06,815,863,1.8818788843659546,0.010352992885340924,24,0
1678,594,6,0.6518761760874313,0.5002978808604861,-1008.824371430862,1645.8110685309493,7.031815584923606e-06,815,864,1.8826170832920472,0.017977390152157567,26,0
1679,595,9,0.6520833927112015,0.5002977000369082,-1032.80853249509,1646.801330990563,9.921591981765232e-06,816,864,1.8828468344387945,0.02254521818585642,26,0
1680,595,4,0.6522903627954272,0.5002975262504327,-1018.785838645959,1647.7915992408712,7.019051736278925e-06,816,865,1.880461342450739,0.034565885942351784,20,0
1681,592,5,0.6519025561794015,0.5002973458611522,-1025.9938737651,1648.7818674958357,9.903624231810682e-06,817,865,1.8832709353139887,0.042360390228285555,30,0
1682,585,4,0.6521093877585806,0.5002971724838978,-983.7211810790739,1649.7721415352992,7.006858822933282e-06,817,866,1.8834620710887517,0.004533296232885032,14,0
1683,601,7,0.6523159736942898,0.5002969925273649,-1087.461878982521,1650.7624155727196,9.8864613846672e-06,818,866,1.8809622812895022,0.01694196981676985,28,0
1684,597,7,0.6519288423365849,0.5002968195578793,-1013.641030560406,1651.7526953896904,6.994081559241749e-06,818,867,1.8838568194236691,0.005931892396994612,26,0
1685,590,7,0.6521352902968381,0.5002966400325244,-1175.112032465956,1652.742975202086,9.868366987575428e-06,819,867,1.8840625835956388,0.008790844052283094,12,0
1686,603,10,0.652341493505578,0.500296467469375,-1028.919847827108,1653.7332607821443,6.981479828027659e-06,819,868,1.8785907129726347,0.040190152268488794,28,0
1687,599,8,0.6519550350600485,0.5002962883736651,-1113.705823465292,1654.7235463607071,9.851411959971301e-06,820,868,1.8816410927841385,0.010737624923706777,24,0
1688,593,8,0.652161100819829,0.5002961162154196,-1091.641541805121,1655.7138376987114,6.9689656356786145e-06,820,869,1.880840522742041,0.01263872011485058,14,0
1689,601,7,0.6523669227143956,0.5002959375478078,-2547.763393746549,1656.704129032747,9.833609965426149e-06,821,869,1.8790831612861558,8.876362435277429e-05,33,0
1690,595,1,0.6519811348466829,0.5002957657930341,-852.7105106062021,1657.6944261130654,6.956113566047861e-06,821,870,1.885112284125269,0.009231634193751097,40,0
1691,599,11,0.6521868198158947,0.5002955875519774,-1020.131529990461,1658.6847231899528,9.816919146032888e-06,822,870,1.8784577537928175,0.021747948043493687,24,0
1692,604,9,0.6520968694624703,0.5002954161992766,-1086.426356969934,1659.6750260047381,6.943929975022911e-06,822,871,1.8781461452065498,0.016172416497661657,35,0
1693,598,4,0.6520071421905443,0.5002952383832704,-1023.552800933908,1660.6653288204336,9.79910441856191e-06,823,871,1.8856910237515696,0.052899956610539534,42,0
1694,596,6,0.6522123435716334,0.5002950674312191,-1050.675674645152,1661.6556373602882,6.9315158270910615e-06,823,872,1.8804055824469024,0.01756366140124971,26,0
1695,602,3,0.6521226415091624,0.500294890038726,-921.2911961002567,1662.6459458988554,9.781794688024092e-06,824,872,1.8833127559960827,0.02201696503988494,22,0
1696,597,5,0.6520330575816187,0.5002947194859196,-989.2355345243236,1663.6362601507565,6.919512543390738e-06,824,873,1.8802592668596374,0.03373420045150281,22,0
1697,603,6,0.6519436177278888,0.500294542515431,-1090.429499633021,1664.6265744026905,9.764409469426027e-06,825,873,1.8804303419712636,0.011131709096291043,22,0
1698,603,7,0.65214832254262,0.5002943723604826,-1026.568234655615,1665.6168943587572,6.907258693900076e-06,825,874,1.8796272806355496,0.03168040448716938,28,0
1699,601,8,0.6520588815072146,0.5002941958105007,-1028.270970031035,1666.6072143191273,9.747217745825765e-06,826,874,1.878827371894348,0.022288013470649678,20,0
1700,605,8,0.6519695840638072,0.5002940260520079,-1059.575247893529,1667.5975399683298,6.895024171171826e-06,826,875,1.8770726776647204,0.008828965026148033,28,0
1701,600,7,0.6521739130435641,0.5002938499210314,-1125.836618177531,1668.5878656190084,9.729927569424035e-06,827,875,1.885976444949653,0.012223338836060681,24,0
1702,597,4,0.6520846144501595,0.500293680557614,-1078.309668594237,1669.5781969553698,6.882812158437446e-06,827,876,1.8783648410866616,0.03204251002534047,20,0
1703,607,6,0.651995458969463,0.500293504844157,-996.706533886831,1670.5685282912868,9.713009148981655e-06,828,876,1.8775678189331053,0.01676775075265687,18,0
1704,601,6,0.6521994134897335,0.5002933358744469,-1073.555063344547,1671.5588652984986,6.870830475236289e-06,828,877,1.8859789583213409,0.0075996345887853175,28,0
1705,604,9,0.652110256890709,0.5002931605770167,-1062.906918847142,1672.549202309633,9.69584198173834e-06,829,877,1.8755089013177086,0.01819965639239037,15,0
1706,610,8,0.6520212429272513,0.50029299199963,-1064.71708480372,1673.539544981469,6.858313099655788e-06,829,878,1.8766253875251282,0.042316167124931206,28,0
1707,605,11,0.6522248243558849,0.5002928171167587,-1146.074465810558,1674.5298876567917,9.679129334472236e-06,830,878,1.883902704637734,0.011535335798499378,32,0
1708,604,5,0.6521358093052593,0.500292648930323,-1083.932381552077,1675.5202359840962,6.846517862868495e-06,830,879,1.87792310301112,0.015801151037025528,36,0
1709,608,5,0.6520469364157232,0.5002924744605407,-1077.117983292187,1676.5105843126112,9.662306865720893e-06,831,879,1.880964673546025,0.030498454107445026,34,0
1710,596,5,0.6522501461134842,0.5002923066637236,-1120.652888811512,1677.5009382855533,6.834391797383432e-06,831,880,1.8847313633452225,0.01076600890835998,27,0
1711,610,10,0.6518693110974182,0.5002921326055682,-1031.38566937912,1678.4912922572998,9.645396175983478e-06,832,880,1.8764921689901788,0.026671225458458455,26,0
1712,611,7,0.6520725399103089,0.5002919651969963,-1033.106312136249,1679.4816518622079,6.8222771005821414e-06,832,881,1.877141421256455,0.028692563323355857,30,0
1713,596,4,0.6522753792301927,0.5002917915490082,-1040.968507624288,1680.4720114700947,9.628563248043065e-06,833,881,1.8834832665143804,0.00853996409190316,14,0
1714,607,5,0.6518951954497147,0.5002916245273431,-1042.653768897989,1681.46237670244,6.809992100897944e-06,833,882,1.8774791152558228,0.007266700897806991,24,0
1715,606,5,0.6520980538827685,0.5002914512880756,-1125.221510574829,1682.4527419300593,9.611725545255467e-06,834,882,1.882929165668531,0.0004891688364709047,25,0
1716,602,6,0.6523005241701769,0.5002912846519706,-1000.434694442396,1683.4431127751209,6.79862500874151e-06,834,883,1.8763677288163145,0.01885004679381059,22,0
1717,608,5,0.6519209068328998,0.500291111819985,-1047.703941267792,1684.4334836199164,9.5951857019827e-06,835,883,1.8794884207455436,0.03817822634806399,36,0
1718,609,7,0.65212347880195,0.5002909455681132,-1054.518833149744,1685.4238600748006,6.786538506275974e-06,835,884,1.8820976362266986,0.03126858371726718,36,0
1719,602,6,0.6523255813955542,0.5002907731419747,-1056.235825561404,1686.414236524679,9.578050139680272e-06,836,884,1.876541928953316,0.020483868677133286,10,0
1720,614,8,0.6519465427079167,0.5002906072730099,-1129.760633515459,1687.4046185666236,6.7752102950180415e-06,836,885,1.8767165146623372,0.011155569597495415,24,0
1721,609,6,0.6521485790199519,0.5002904352512878,-1048.915856212458,1688.3950006138173,9.561519618728198e-06,837,885,1.8825058795584846,0.03859348232338544,26,0
1722,604,3,0.6523505513638141,0.5002902697638951,-1006.07696289877,1689.385388245739,6.762893008271931e-06,837,886,1.8822286951448282,0.03162274073795744,26,0
1723,609,3,0.6519721577726412,0.5002900981451723,-993.828925220296,1690.3757758766185,9.544760587232304e-06,838,886,1.8819498749299364,0.020735998310122995,34,0
1724,601,5,0.6518841142025775,0.5002899330380589,-1036.17665419302,1691.3661690811807,6.751441333108232e-06,838,887,1.881258955676271,0.034037166628973915,22,0
1725,611,9,0.6520858036491164,0.500289761820909,-1044.319894700739,1692.356562290256,9.528841928840848e-06,839,887,1.8778782298232353,0.003201729473844213,18,0
1726,618,10,0.6519976838449854,0.5002895970927449,-1123.47509104263,1693.346961063553,6.739262971677817e-06,839,888,1.8780263570129674,0.009714382121280344,40,0
1727,604,8,0.6519097782701192,0.5002894262757696,-1148.549288606636,1694.3373598342646,9.512055385130225e-06,840,888,1.8791599820104485,0.003857577986359637,22,0
1728,611,4,0.6521111029201404,0.5002892619252571,-1011.677809617921,1695.3277641633654,6.728220569129917e-06,840,889,1.8785329045579162,0.0020567020832032525,30,0
1729,612,4,0.6520231213870263,0.5002890915070634,-1194.283482594491,1696.3181684928336,9.49576542552677e-06,841,889,1.8806965794473574,0.005988622690145233,30,0
1730,606,7,0.6519353533808613,0.500288927532909,-1041.049374345601,1697.3085783663548,6.716080179103301e-06,841,890,1.878935951611577,0.005523597059646753,20,0
1731,620,11,0.6521363145499761,0.5002887575120855,-1127.82795727047,1698.2989882424438,9.479043228566297e-06,842,890,1.879095735104971,0.019756241591056767,28,0
1732,618,9,0.6520484708600283,0.5002885939129952,-1153.564718722543,1699.28940365299,6.704781071675825e-06,842,891,1.8793207348814223,0.013596260430874342,33,0
1733,606,6,0.6519608399970301,0.5002884242881549,-1068.532023522607,1700.2798190676863,9.463097740081139e-06,843,891,1.879798983424271,0.03044243442390432,12,0
1734,616,3,0.6521614389927504,0.500288261062852,-1054.098740800575,1701.2702400048388,6.69265909891692e-06,843,892,1.8797377937271382,0.0230532393199546,28,0
1735,616,6,0.6520737327187692,0.5002880980824913,-1055.792700597344,1702.2606609466459,9.446668173040962e-06,843,893,1.8799985024362331,0.01599882017354398,16,0
1736,610,7,0.6519862385763245,0.5002879289798068,-1132.152428383883,1703.2510874031445,6.681390459561953e-06,844,893,1.8802253454289943,0.018636902892982376,30,0
1737,620,7,0.6521864766998205,0.5002877663711072,-1047.608475955566,1704.2415138611875,9.430186537429108e-06,844,894,1.8802913821597422,0.017358976119798218,20,0
1738,610,6,0.6520989074177328,0.5002875976612238,-1049.331435814536,1705.2319458253169,6.669787126156734e-06,845,894,1.8805353463238057,0.0233281539274934,22,0
1739,609,4,0.6520115495748582,0.5002874354229293,-1051.053427512147,1706.2223777928205,9.413915449840715e-06,845,895,1.880843180401429,0.0269508508505779,26,0
1740,618,6,0.652211428120342,0.5002872671044536,-1177.1839497553,1707.2128152567905,6.658516440438689e-06,846,895,1.880919947212211,0.01988919292796826,33,0
1741,609,6,0.6521239954077033,0.5002871052352843,-1161.181880308752,1708.2032527237313,9.397651638209936e-06,846,896,1.8811019298856557,0.01297454746197111,20,0
1742,616,7,0.6520367734445287,0.5002869373068835,-1077.745912875134,1709.1936956786913,6.6466677708376665e-06,847,896,1.881354776285198,0.021972139906234006,24,0
1743,619,6,0.6522362936986397,0.5002867758055933,-1127.091000373422,1710.1841386315236,9.381119298268459e-06,847,897,1.88150960678169,0.007467968753667571,26,0
1744,612,7,0.6521489971345303,0.5002866082658964,-1054.114771505605,1711.174587064654,6.635568070123554e-06,848,897,1.8816950941693356,0.033573449385894544,18,0
1745,619,6,0.6520619106345157,0.5002864471312145,-1055.829488026331,1712.1650355001038,9.365407095174305e-06,848,898,1.881915200263626,0.04104139970564936,26,0
1746,618,6,0.65226107387756,0.5002862799788663,-1057.54324959924,1713.155489403214,6.624060006288346e-06,849,898,1.8821177195244316,0.022235404355231678,20,0
1747,617,8,0.6521739130433578,0.5002861192095693,-1080.887219976545,1714.1459433080606,9.348922276330995e-06,849,899,1.882276621722045,0.012251415515351423,22,0
1748,614,5,0.6520868210613037,0.5002859524432545,-1131.226917869606,1715.1364026762578,6.61258127365727e-06,850,899,1.882520201370752,0.01797313146400921,27,0
1749,616,2,0.6522857690961529,0.500285792038075,-1043.894355126221,1716.1268620411324,9.332945637652301e-06,850,900,1.882731180093651,0.0533272748692583,18,0
1750,624,12,0.6521987435749128,0.5002856256564301,-1226.113043448407,1717.117326858944,6.601292170671513e-06,851,900,1.8819643582968983,0.007435715560024447,22,0
1751,623,11,0.6518266293167296,0.5002854656141575,-1060.568755027356,1718.1077916783022,9.317032890976407e-06,851,901,1.8830715519493646,0.0035803158845522137,34,0
1752,618,9,0.6520250998288036,0.5002852996158734,-1213.592333652938,1719.0982619364645,6.589570602955064e-06,852,901,1.8829806121604233,0.0030110222560109836,11,0
1753,621,7,0.6522234891675684,0.5002851399352521,-1090.443023707451,1720.0887321939817,9.301354339186219e-06,852,902,1.883468939772342,0.01695039347140532,31,0
1754,614,2,0.6518519966831013,0.500284974318986,-1158.915316006889,1721.0792078898712,6.579105729542789e-06,853,902,1.883697316808584,0.021191546152019434,36,0
1755,614,5,0.6520501138952398,0.5002848149988213,-1048.959509747377,1722.0696835819867,9.284976158596692e-06,853,903,1.8827055626618834,0.03944745380122558,14,0
1756,622,6,0.6522481502561073,0.5002846497632759,-1050.728265125412,1723.0601646995576,6.567244327015942e-06,854,903,1.8840616857713868,0.007222513077598535,16,0
1757,622,6,0.6518772774721334,0.5002844908023186,-1195.580289141236,1724.0506458192476,9.26923939914559e-06,854,904,1.88385209054749,0.01677105799354702,31,0
1758,620,9,0.6520750426379758,0.5002843259461632,-1131.409325893755,1725.0411323490473,6.556877679031459e-06,855,904,1.8822813376817393,0.00478229785011438,24,0
1759,626,7,0.6519886904257761,0.50028416734322,-1261.259906786918,1726.0316188814024,9.253548569176928e-06,855,905,1.883311750645611,0.003586474576919319,27,0
1760,628,6,0.6519024721261716,0.5002840028651654,-1070.366915163927,1727.0221108177625,6.5450665260868846e-06,856,905,1.884354183922879,0.014915659410020828,24,0
1761,617,5,0.652099886492482,0.5002838446190154,-1227.426587326534,1728.0126027551287,9.237396398020792e-06,856,906,1.8831751967167598,0.004840230674263185,30,0
1762,625,7,0.6520136670483241,0.5002836805177487,-1244.134508660486,1729.0031000885365,6.5343604092049645e-06,857,906,1.8815682224627284,0.00606435499240634,28,0
1763,631,9,0.6519275810847239,0.5002835226271946,-1126.885723586982,1729.9935974236123,9.221820619131904e-06,857,907,1.8799793538618879,0.0068277580821579495,34,0
1764,626,9,0.6521246458921856,0.5002833589014355,-1120.032368405766,1730.9841001422662,6.523004685732303e-06,858,907,1.8814310638560885,0.004898661525651868,27,0
1765,629,9,0.6520385588128117,0.5002832013652883,-1109.092210680247,1731.9746028630102,9.206131835526321e-06,858,908,1.880271938650222,0.009517136733055615,27,0
1766,626,8,0.651952604784325,0.5002830380137339,-1114.662468438116,1732.9651109617953,6.5119447754113935e-06,859,908,1.8782667947135985,0.020437647632730576,36,0
1767,619,5,0.6521493212669238,0.5002828808307818,-1076.701717015852,1733.955619059772,9.190418950311141e-06,859,909,1.8850097216744015,0.004957592612924126,20,0
1768,628,7,0.6520633661509038,0.5002827178521703,-1186.297910559335,1734.946132525294,6.501240022771526e-06,860,909,1.8802808432863223,0.00888110262642326,17,0
1769,625,8,0.6519775436584329,0.500282561021242,-1249.923916445454,1735.9366459942264,9.17474949346797e-06,860,910,1.8782661722780887,0.006224836157035553,16,0
1770,630,11,0.6521739130432547,0.5002823984142718,-1070.548567063093,1736.9271648189992,6.49001276542549e-06,861,910,1.8814571214289624,0.005017026139761889,28,0
1771,631,9,0.6520880894915522,0.5002822419341771,-1118.183854230713,1737.9176836439467,9.159132332570152e-06,861,911,1.8802894126093652,0.013280197682060114,28,0
1772,622,5,0.65200239813774,0.5002820796976069,-1073.982429785789,1738.9082078232937,6.479040393969626e-06,862,911,1.8817621038788341,0.029561607038853015,34,0
1773,624,4,0.6521984216462109,0.500281923567177,-1162.462548937928,1739.89873199793,9.143851912085665e-06,862,912,1.8837065757431328,0.005076964304798568,20,0
1774,633,6,0.652112729260893,0.5002817616997159,-1082.985790909393,1740.8892615193447,6.468594392572413e-06,863,912,1.881624386826712,0.01947508864063416,32,0
1775,628,9,0.6520270270271065,0.5002816059177859,-1084.666505272796,1741.8797910360893,9.128071724262554e-06,863,913,1.8787041591408815,0.01066889237341129,20,0
1776,632,11,0.652222847495691,0.5002814444181909,-1255.658800360842,1742.8703258900046,6.457123390646302e-06,864,913,1.8797233969639464,0.005137409301557854,27,0
1777,631,10,0.6521372858812683,0.5002812889835755,-1194.267764676119,1743.8608607407953,9.112480711337412e-06,864,914,1.8785623772893618,0.003067392740843639,30,0
1778,626,6,0.6517707104950712,0.5002811278505955,-1166.96742855633,1744.851400913587,6.446379074986908e-06,865,914,1.882694094062411,0.007835972366191296,41,0
1779,627,7,0.6519663449794967,0.5002809727621401,-1080.434694772202,1745.8419410870472,9.097752808884252e-06,865,915,1.880615715026176,0.005198363318344487,28,0
1780,624,5,0.6521617597732376,0.5002808119945169,-1036.756631975601,1746.8324865777824,6.43560747448646e-06,866,915,1.8785694654399439,0.006170368979163843,28,0
1781,631,6,0.6517957877838868,0.5002806572510834,-1065.706464373576,1747.8230320678113,9.081610642169835e-06,866,916,1.8809221742094686,0.0093016451328985,26,0
1782,627,6,0.6519910790373964,0.5002804968475838,-1074.059136064541,1748.813582862524,6.425023912015604e-06,867,916,1.8801870814200718,0.02648418282613282,24,0
1783,630,9,0.6521861513541872,0.5002803424480042,-1261.339690677501,1749.8041336583103,9.06659761312767e-06,867,917,1.8764091644254908,0.006554657088479458,36,0
1784,629,5,0.6518207807796603,0.500280182407388,-1077.531181337903,1750.7946897494373,6.414218660211191e-06,868,917,1.881387130472708,0.039772206410095864,26,0
1785,633,8,0.6520157300022631,0.5002800283505197,-1085.13550288166,1751.7852458401862,9.05113870430796e-06,868,918,1.8797578775763348,0.01104118149824285,30,0
1786,630,7,0.6522104610387427,0.5002798686715583,-1086.835935894647,1752.7758072180181,6.403766747098416e-06,869,918,1.877710390904165,0.011970535762757114,24,0
1787,627,4,0.6518456899067105,0.5002797149562696,-1225.489727986105,1753.7663685947966,9.036528354045004e-06,869,919,1.8818583617963414,0.014698102735212866,30,0
1788,633,6,0.6520402982924185,0.5002795556377467,-1072.507551102262,1754.7569352538471,6.392551767930854e-06,870,919,1.8811140501974637,0.0074933232302988005,28,0
1789,640,13,0.6522346892385125,0.5002794022628938,-1080.645378035695,1755.747501915022,9.020724974106997e-06,870,920,1.8762792980724288,0.0041893417628039095,32,0
1790,636,8,0.651870515586179,0.5002792433035728,-1166.624457461274,1756.7380738414918,6.38218716630945e-06,871,920,1.8791899500198164,0.005899066759782995,33,0
1791,630,5,0.6520647843228038,0.5002790902680277,-1228.877410015885,1757.7286457693338,9.006603249872569e-06,871,921,1.8802358313368748,0.014881793950053155,25,0
1792,636,5,0.6522588363623465,0.500278931666707,-1091.4940844056,1758.7192229554867,6.371649305947358e-06,872,921,1.8777249960285174,0.016516917189356183,20,0
1793,630,5,0.6518952582367541,0.5002787789693477,-1192.984615959391,1759.7098001477711,8.990573860501172e-06,872,922,1.8773147104793078,0.020615787467524124,38,0
1794,635,11,0.6520891885060125,0.5002786207248201,-1094.878243613377,1760.700382588342,6.361433861457044e-06,873,922,1.8773574955826091,0.008992962732199605,18,0
1795,642,9,0.6522829028171622,0.5002784683645253,-1232.247207915991,1761.6909650294897,8.975772288977169e-06,873,923,1.8775631827157264,0.01142205219693188,36,0
1796,633,6,0.6519199182747225,0.5002783104755779,-1087.180142779677,1762.6815527173774,6.350152716549928e-06,874,923,1.8778840838983673,0.02947412015895783,36,0
1797,630,4,0.6521135112515173,0.500278158451232,-1088.90048558892,1763.6721404002974,8.960613513409044e-06,874,924,1.8780253176980484,0.015578084666711473,18,0
1798,632,4,0.6523068890056238,0.5002780009166788,-1197.912747099569,1764.662733318177,6.340026857287739e-06,875,924,1.8795293365423147,0.018109544754573152,24,0
1799,637,6,0.6519444961122164,0.5002778492271763,-1235.599218055284,1765.6533262420276,8.946106390794739e-06,875,925,1.8784220742366002,0.01525361269208711,21,0
1800,636,9,0.6521377529667026,0.5002776920458214,-1216.298962027117,1766.643924385938,6.329455118248006e-06,876,925,1.8785468146493205,0.0033791972080435637,28,0
1801,637,7,0.6523307953293422,0.5002775406900479,-1101.171003409112,1767.6345225327364,8.930810736273997e-06,876,926,1.878797149492162,0.019647857164876298,28,0
1802,637,4,0.6519689921605678,0.5002773838606948,-1085.952196350507,1768.6251258937768,6.319174190139165e-06,877,926,1.879080528755895,0.0320402746029082,18,0
1803,637,7,0.6521619140552662,0.5002772328375592,-1238.933536050909,1769.6157292602231,8.916599881558795e-06,877,927,1.8791740490815592,0.012665206771779184,29,0
1804,642,5,0.6523546221862445,0.500277076359039,-1219.256264308207,1770.6063378331644,6.308184538283967e-06,878,927,1.8793752960892922,0.020864031065662363,24,0
1805,640,8,0.6519934068268528,0.5002769256674323,-1315.212510024855,1771.5969464059726,8.901263299776474e-06,878,928,1.8795639447277703,0.0005882743975594833,24,0
1806,637,5,0.6521858205380282,0.5002767695385758,-1247.301424031665,1772.5875601760556,6.298488415268366e-06,879,928,1.8798470719727784,0.012429547871517399,36,0
1807,642,7,0.6523783699718638,0.5002766191774296,-1082.644635219455,1773.5781739484494,8.886729574442143e-06,879,929,1.8799035282878047,0.008026889257179757,30,0
1808,637,6,0.6520177405158524,0.5002764690329171,-1171.470569847273,1774.5687929123947,6.287663381954189e-06,879,930,1.88011122743122,0.021547549054050166,32,0
1809,639,6,0.6519338379088547,0.5002763133652457,-1125.649718969497,1775.5594118786923,8.87160558704636e-06,880,930,1.8803491020755398,0.018723390998053778,20,0
1810,644,7,0.6521258972944004,0.5002761635493888,-1127.431737734619,1776.5500360247236,6.276974545471603e-06,880,931,1.8805139931201353,0.008787653364454997,19,0
1811,635,4,0.6520419936301057,0.5002760082286658,-1101.801594034738,1777.5406601714778,8.857263082973077e-06,881,931,1.8807257848580494,0.014023079227874602,28,0
1812,641,9,0.6519582163565889,0.5002758587403929,-1165.127015242678,1778.53128949304,6.266622904149699e-06,881,932,1.8809315101277986,0.00144551579865035,16,0
1813,648,10,0.6521499448730457,0.5002757037654526,-1227.578684564792,1779.5219188137598,8.84270616552385e-06,882,932,1.8810987176281981,0.015205794148939931,26,1
1814,642,8,0.6520661665688264,0.5002755546036739,-1095.726132541761,1780.5125533002922,6.256225788092706e-06,882,933,1.8812895751356642,0.01767220597931111,18,0
1815,640,6,0.6519825142593482,0.5002753999733689,-1130.636682479149,1781.5031877854378,8.828426189211314e-06,883,933,1.8815401776763259,0.016476427942841813,30,0
1816,640,6,0.6521739130436673,0.5002752511370201,-1199.849055968179,1782.4938274338942,6.245463737286627e-06,883,934,1.8817467204299687,0.022048612078913475,16,0
1817,640,2,0.6520902597292978,0.5002750968501952,-1169.057711687682,1783.4844670767409,8.8131830580096e-06,884,934,1.881953696992678,0.046397189828170114,26,1
1818,648,9,0.6520067320157654,0.5002749483382248,-1171.056422606353,1784.475111868328,6.2352251006814186e-06,884,935,1.8820797055351144,0.014339237697534493,27,0
1819,645,8,0.6521978021977922,0.5002747943937355,-1136.953613745431,1785.4657566612616,8.799171382634086e-06,885,935,1.8822875903753011,0.03574489113674734,28,0
1820,650,9,0.6521142735054273,0.5002746462050678,-1138.759581994187,1786.4564065950565,6.225196557352319e-06,885,936,1.8824765611031795,0.009843363632500603,37,0
1821,647,8,0.652030870021442,0.5002744926017885,-1204.52659188916,1787.4470565294398,8.784319106780458e-06,886,936,1.882640008643625,0.0009415035250654415,28,0
1822,637,5,0.6522216127262568,0.5002743447353823,-1151.091098347001,1788.4377115918373,6.214692575667868e-06,886,937,1.8828741427571312,0.02760612696339953,26,0
1823,648,8,0.6521382082891934,0.5002741914721578,-1165.986455568325,1789.4283666565957,8.770431350058061e-06,887,937,1.8830219622798663,0.007844469678808483,18,0
1824,650,9,0.6520549286699797,0.5002740439269526,-1158.618634157536,1790.4190268459215,6.204593546499382e-06,887,938,1.88310022367452,0.019577576831130615,18,0
1825,642,8,0.6522453450163187,0.5002738910026745,-1160.530387803204,1791.409687034463,8.755967883189442e-06,888,938,1.8834093972337391,0.014659998181363158,16,0
1826,652,11,0.6521620644694076,0.5002737437776253,-1209.175867049695,1792.4003523378822,6.194510888235527e-06,888,939,1.8820803369999966,0.0044567725124687796,21,0
1827,650,8,0.652078908351916,0.5002735911911647,-1154.606911101224,1793.391017641453,8.74123907124158e-06,889,939,1.8837838854256068,0.006772430800693198,26,0
1828,646,8,0.6522689994533081,0.500273444285238,-1169.739811799176,1794.3816880506336,6.183978484841646e-06,889,940,1.883982848622689,0.011801805995487646,24,0
1829,649,8,0.6521858424331077,0.5002732920354729,-1121.249443874781,1795.3723584605912,8.727004797037807e-06,890,940,1.8841601818547629,0.004509274540127479,20,0
1830,642,4,0.6521028094554806,0.5002731454476331,-1164.152211913658,1796.3630339688286,6.173827387101483e-06,890,941,1.884371064261427,0.04727415916121929,18,0
1831,645,5,0.6522925764192877,0.5002729935334527,-1119.097968509383,1797.3537094769736,8.712801445653895e-06,891,941,1.884547466942147,0.05038854819796684,16,0
1832,652,10,0.6519367157665056,0.5002728472626526,-1120.779207412194,1798.3443900719521,6.1639188970730174e-06,891,942,1.8836403920876506,0.02473827066170668,26,0
1833,649,9,0.6521264775528126,0.5002726956829396,-1229.802709556289,1799.3350706697338,8.698510100657586e-06,892,942,1.8841704848182914,0.017407290546503168,22,0
1834,649,6,0.6523160762941881,0.5002725497281656,-2589.101768168761,1800.3257563528266,6.1536873090517474e-06,892,943,1.8843053583924807,8.92378627962931e-05,28,0
1835,647,4,0.6519607843135508,0.5002723984818327,-1115.250459265353,1801.3164420290138,8.68464121595025e-06,893,943,1.8844409170559486,0.032659671612904596,20,0
1836,644,6,0.6518781116391,0.5002722528420587,-1204.831150856845,1802.30713278112,6.143741074993159e-06,893,944,1.8833796583639741,0.0075832408254968625,24,0
1837,652,10,0.6520675142373072,0.5002721019280035,-1279.432676548982,1803.2978235353464,8.670336683280766e-06,894,944,1.8819325330977632,0.006475552554748874,28,0
1838,652,7,0.6519847743339452,0.5002719566022054,-1103.06181078559,1804.288519348467,6.133486067483318e-06,894,945,1.8820627012992457,0.01642848363565197,28,0
1839,646,7,0.6519022233424642,0.5002718060193196,-1288.54063745738,1805.2792151691067,8.656165391585091e-06,895,945,1.882985231627514,0.008695678839320754,16,0
1840,651,4,0.652091304202593,0.500271661006488,-1112.731882306588,1806.2699160420798,6.123360208221129e-06,895,946,1.881929702498005,0.02529072586708468,22,0
1841,654,7,0.6520086862105569,0.5002715107536981,-1254.972959941548,1807.2606169156418,8.641817203169921e-06,896,946,1.8824573263909532,0.014307573452250994,21,0
1842,647,6,0.6519262565485308,0.5002713660528243,-1237.637662209396,1808.2513228362575,6.113280505815055e-06,896,947,1.8854088577086934,0.024992367659287782,28,0
1843,654,7,0.6521150167600515,0.5002712161290335,-1123.359853141881,1809.242028759729,8.627439001429593e-06,897,947,1.8827238252427796,0.020691120457114555,20,0
1844,655,6,0.6520325203252543,0.5002710717391058,-1125.059975354367,1810.2327397194833,6.1037785599182826e-06,897,948,1.8816652036257309,0.017990201159281002,20,0
1845,648,6,0.6519502116408227,0.5002709221432521,-1258.049571239627,1811.2234506840737,8.613957334091538e-06,898,948,1.8854241007370223,0.012472288163771258,26,0
1846,652,6,0.6521386522874554,0.5002707780632725,-1213.700901949095,1812.21416667646,6.093672936913208e-06,898,949,1.883128660458381,0.03571012100859567,20,0
1847,656,6,0.6520562770561226,0.5002706287942577,-1119.306829867024,1813.2048826745488,8.600016144555411e-06,899,949,1.880875152970372,0.02245007494002517,28,0
1848,648,6,0.6519740889988194,0.5002704850232337,-1143.352560857874,1814.1956036920512,6.083744665374979e-06,899,950,1.8842125718220446,0.014623712460215032,28,0
1849,652,4,0.652162211159363,0.5002703360800128,-1104.826017183541,1815.1863247086212,8.586124749854207e-06,900,950,1.8827327936843181,0.010046649650753971,16,0
1850,653,7,0.6520799567800422,0.5002701926169428,-1297.665936095277,1816.1770507417596,6.073516487958841e-06,900,951,1.8793021098661593,0.00902127264880117,30,0
1851,655,12,0.6519978890007443,0.5002700439984258,-1136.936064834185,1817.1677767787205,8.572091473979526e-06,901,951,1.8802137527382605,0.004515044335366118,22,0
1852,656,6,0.6521856937480466,0.5002699008423314,-1133.095482392293,1818.1585078186192,6.0638196828222135e-06,901,952,1.881535255456673,0.007409534791263758,22,0
1853,654,5,0.6521035598705244,0.500269752547482,-1208.2381436415,1819.1492388579734,8.558309673389886e-06,902,952,1.8816692969225244,0.0063293312829323985,28,0
1854,646,2,0.652021612021399,0.5002696096973619,-1125.831915452594,1820.1399748998551,6.054271807443001e-06,902,953,1.8834205249265716,0.032106142413301564,24,0
1855,660,8,0.6522091004229779,0.5002694617250941,-1127.551974421887,1821.1307109407833,8.544344836991513e-06,903,953,1.881137962328475,0.014944354909401505,26,0
1856,660,9,0.6521270866988456,0.5002693191799834,-1111.746279965994,1822.1214519714426,6.044351266609738e-06,903,954,1.879682687236544,0.01734528994222812,32,0
1857,656,7,0.6520452584342259,0.5002691715292751,-1136.014384719716,1823.1121930048741,8.531134881195612e-06,904,954,1.8814065596608016,0.016180746936484528,26,0
1858,659,7,0.6522324315524783,0.5002690292881987,-1212.476916074988,1824.1029390177982,6.034984835423529e-06,904,955,1.8795478755908026,0.028406293997496362,20,0
1859,655,4,0.6521505376345649,0.5002688819579829,-1139.383263271094,1825.0936850336636,8.517181413481012e-06,905,955,1.8820811986697876,0.024877010646767946,36,0
1860,653,3,0.6520688286096089,0.5002687400199616,-1130.594347064002,1826.08443602414,6.024736194376601e-06,905,956,1.8822188558348758,0.005985335687534265,32,0
1861,656,5,0.6522556875010908,0.5002685930092077,-1132.307579556612,1827.0751870161034,8.503317530994536e-06,906,956,1.8803417533161604,0.042203877595855886,22,0
1862,657,9,0.6521739130432547,0.5002684513732745,-1156.563015386905,1828.0659429747434,6.014798600517679e-06,906,957,1.879279737105242,0.02184326638261104,32,0
1863,657,9,0.651824162694423,0.5002683046809393,-1360.705402066554,1829.056698930552,8.489556876156712e-06,907,957,1.8802084346008643,0.0017655933042678745,21,0
1864,655,5,0.6522787939321635,0.5002681633461312,-1142.269128637274,1830.0474598456594,6.005492650729138e-06,907,958,1.8795431574377717,0.030844868818439775,14,0
1865,658,6,0.6521972132906277,0.5002680169711725,-1327.32424803271,1831.0382207650114,8.476412631353014e-06,908,958,1.8792780800305287,0.005885105811899369,32,0
1866,660,9,0.6518480122782391,0.5002678759365344,-1208.300849770058,1832.0289866343853,5.995732635710738e-06,908,959,1.8810174149952368,0.020595023053470857,26,0
1867,660,6,0.6520342612420914,0.5002677298779428,-1137.028687448785,1833.019752499796,8.462726100333384e-06,909,959,1.8795434157237785,0.01791921580882227,20,0
1868,665,10,0.6522204387370709,0.5002675891425138,-1261.775425304289,1834.010523314164,5.986043106531724e-06,909,960,1.8776792934455415,0.0024297761528099654,27,0
1869,662,8,0.6518717853394865,0.5002674433992491,-1140.438939797919,1835.0012941249786,8.44926034915261e-06,910,960,1.8798113870208175,0.013459335440843993,18,0
1870,664,8,0.6520577231426625,0.5002673029620761,-1125.432902116981,1835.9920698728997,5.97653524891939e-06,910,961,1.8784232647224441,0.019413032183110798,24,0
1871,664,7,0.6522435897438343,0.5002671575331271,-1212.354382539697,1836.9828456205428,8.435603149337112e-06,911,961,1.8782680208628997,0.008567384668327519,37,0
1872,658,5,0.6518954822464501,0.5002670173932778,-1214.39278188214,1837.9736262931438,5.966881190033746e-06,911,962,1.8794112751464547,0.04355951739037912,20,0
1873,658,5,0.6520811099252011,0.5002668722776212,-1152.797119053075,1838.9644069686265,8.422376595262904e-06,912,962,1.8803551813111967,0.02763318480699836,24,0
1874,664,6,0.652266666666638,0.5002667324341304,-1143.414398333227,1839.955192563906,5.957149141977425e-06,912,963,1.8788379784835487,0.038399204368594494,28,0
1875,664,9,0.651919103364045,0.5002665876307489,-1145.11237109847,1840.9459781561668,8.40824418446573e-06,913,963,1.8790460230081107,0.010139870103350464,20,0
1876,658,7,0.6521044219500595,0.5002664480826945,-1207.4199070438,1841.9367686623575,5.9475494254002115e-06,913,964,1.879287192630655,0.003863814412656898,23,0
1877,663,6,0.6522896698616537,0.5002663035906002,-1209.412596936813,1842.9275591698647,8.395604254474165e-06,914,964,1.8794469341399216,0.02792739144359676,31,0
1878,660,2,0.6519426490556073,0.5002661643370353,-1139.618101897692,1843.9183545791204,5.937964488111902e-06,914,965,1.8796725148102351,0.0008479231697814997,26,0
1879,660,6,0.6521276595742248,0.5002660201552196,-1141.34367160948,1844.9091499912936,8.382429314224282e-06,915,965,1.879816765545061,0.0059141800411819,22,0
1880,672,12,0.6520468309778548,0.5002658811952266,-1143.068340869775,1845.8999502934644,5.928719701842056e-06,915,966,1.8799460026278596,0.0017917481175950128,22,0
1881,670,9,0.6519661196816553,0.5002657424277595,-1272.826070877949,1846.8907505996913,8.368914677703287e-06,915,967,1.880110078810411,0.0005318308476321271,24,0
1882,667,10,0.6521508231547226,0.500265598655307,-1243.768614146637,1847.8815557920464,5.919274599364144e-06,916,967,1.8803175262988017,0.01871750908474522,27,0
1883,669,8,0.6520701109046108,0.5002654601798752,-1300.065629463623,1848.8723609888575,8.355142426808015e-06,916,968,1.8804833124286318,0.005531526286743365,24,0
1884,669,6,0.6519895156006826,0.5002653167153905,-1197.939881067307,1849.8631710636296,5.909622359467903e-06,917,968,1.8806804146882445,0.007071522514638778,24,0
1885,667,9,0.652173913043461,0.5002651785310677,-1199.846017197644,1850.8539811373605,8.342386536241975e-06,917,969,1.8808779199786447,0.001273203949689356,26,0
1886,668,8,0.6520933168091909,0.50026503537356,-1158.195523739226,1851.8447960818728,5.900630185351474e-06,918,969,1.881039836443334,0.0055927282801851485,24,0
1887,672,10,0.652012837168676,0.500264897479435,-1303.549101037449,1852.8356110309255,8.328598369189422e-06,918,970,1.8812236038857004,0.007734546413786543,29,0
1888,666,8,0.6521969295923882,0.5002647546279119,-1209.536025292649,1853.8264308443236,5.890811507924809e-06,919,970,1.8814283327679362,0.013259345669546856,29,0
1889,671,8,0.6521164490445165,0.5002646170230618,-1157.724594174802,1854.8172506562967,8.315536433656234e-06,919,971,1.881603509548511,0.020491292693900053,32,0
1890,662,6,0.6520359598095239,0.5002644744765513,-1203.446496696346,1855.8080753242814,5.882044661120744e-06,920,971,1.8818030560738057,0.014360254471856605,26,0
1891,664,1,0.6522198731503991,0.5002643371600681,-1167.554733976163,1856.7988999967872,8.302046808239538e-06,920,972,1.8820585624770605,0.0753620234932939,29,0
1892,671,6,0.6521395079608149,0.5002641949175926,-1252.957427824162,1857.7897295158416,5.872264409845229e-06,921,972,1.882152088680004,0.03282683507789782,26,0
1893,667,11,0.6517951891668893,0.5002640578885822,-1154.298926941917,1858.7805590332687,8.289478273582063e-06,921,973,1.882340904087747,0.019319574859814274,22,0
1894,672,8,0.6519789384505621,0.5002639159491674,-1156.008370572418,1859.7713933968869,5.863271098860423e-06,922,973,1.8825352501513588,0.00031410112274926025,28,0
1895,672,7,0.6521624939060341,0.5002637792067111,-1146.989164097014,1860.7622277544306,8.27576741357916e-06,922,974,1.8818281259598773,0.0002855542497423906,24,0
1896,662,4,0.6518187075166589,0.5002636375693902,-1148.728091608468,1861.7530669530456,5.853796437804704e-06,923,974,1.8829319751234794,0.027452020001105106,22,0
1897,671,6,0.6520021539730257,0.5002635011126003,-1150.466111928524,1862.7439061451407,8.262743222076097e-06,923,975,1.883074696900679,0.006834495861611844,36,0
1898,675,9,0.6521854072259458,0.5002633597764105,-1134.582389378685,1863.7347501681252,5.844737870575045e-06,924,975,1.8818471769558074,0.01700413789959629,24,0
1899,669,8,0.6518421515977941,0.500263223604392,-1159.001430240352,1864.725594188281,8.249400934801088e-06,924,976,1.8834415275522414,0.011822511015731993,18,0
1900,671,7,0.6520252962215929,0.5002630825683694,-1160.704228917667,1865.7164430293979,5.835617230331991e-06,925,976,1.8829987807709352,0.0277411168587402,22,0
1901,672,5,0.652208248264352,0.500262946680232,-1162.406160774422,1866.707291869071,8.236537951233913e-06,925,977,1.882722143234466,0.022702313576787942,22,0
1902,667,5,0.6518655217621694,0.50026280594343,-1395.304483444547,1867.6981455246507,5.826243295814493e-06,926,977,1.8839906304921903,0.0013358336600928227,22,0
1903,674,7,0.6520483655433478,0.5002626703382794,-1250.036467242646,1868.6889991737619,8.223530130635481e-06,926,978,1.883382438794479,0.03613952077100103,32,0
1904,675,9,0.6522310173625191,0.5002625298997375,-1157.043289482133,1869.6798576281424,5.817220653625554e-06,927,978,1.8801944471801333,0.014982138250527056,34,0
1905,672,7,0.6518888183585008,0.5002623945767022,-1181.120319667399,1870.6707160862861,8.210319947465905e-06,927,979,1.884534125517967,0.005525322033910525,19,0
1906,674,5,0.6520713622822178,0.5002622544354866,-1165.366522770354,1871.6615793359897,5.808053401779034e-06,928,979,1.8817632732810279,0.007632087985675073,24,0
1907,675,5,0.6522537148600032,0.500262119393677,-1167.061864761782,1872.6524425872667,8.197491297323722e-06,928,980,1.881485285902457,0.004726568699954497,40,0
1908,678,11,0.6519120417336358,0.5002619795488223,-1299.373349936943,1873.6433106283146,5.7991285302705364e-06,929,980,1.8837815480102669,0.019678072995616858,20,0
1909,675,8,0.652094286780161,0.5002618447873672,-1373.347029037468,1874.634178670166,8.184036005332018e-06,929,981,1.8809310402411883,0.0035868902224600366,22,0
1910,674,6,0.6522763410940834,0.5002617052379571,-1161.849250323137,1875.625051493164,5.789923079646542e-06,930,981,1.8815084578641406,0.004779415087437669,14,0
1911,679,10,0.6519351922322452,0.5002615707559803,-1284.137040910007,1876.6159243130064,8.172050684152055e-06,930,982,1.8795301718195618,0.015299521041071417,28,0
1912,673,7,0.6521171393770636,0.5002614315010675,-1148.484079544217,1877.6068019096972,5.780241735919844e-06,931,982,1.8857824100220817,0.019005947296513837,20,0
1913,676,7,0.6522988963993499,0.500261297297706,-1331.253084495098,1878.5976795058673,8.158675655067782e-06,931,983,1.8802491304135547,0.004832681195493372,27,0
1914,677,4,0.6519582701966162,0.5002611583363522,-1173.372239998634,1879.5885618658908,5.771701125922846e-06,932,983,1.8816827479203604,0.044816671506750616,29,0
1915,671,5,0.6521399204107403,0.5002610244107383,-1175.059344916236,1880.5794442246354,8.146266509356792e-06,932,984,1.8855146162623808,0.02698041362562347,26,0
1916,683,10,0.6523213811095616,0.5002608857420325,-1176.745606400418,1881.5703313464182,5.763059789387626e-06,933,984,1.8794175069324042,0.004886368749318335,24,0
1917,685,9,0.6519812759677376,0.5002607520933062,-1168.337492986768,1882.5612184663657,8.133162282319972e-06,933,985,1.8787178482293578,0.016733254406315214,34,0
1918,672,5,0.652162630216677,0.5002606137163206,-1192.987533758538,1883.5521103381066,5.7538643432053505e-06,934,985,1.8855142009924124,0.03308682934468784,18,0
1919,679,5,0.6523437955549126,0.5002604803436173,-1194.741288531815,1884.5430022114729,8.12060807220405e-06,934,986,1.8807186600530454,0.027262686482791,26,0
1920,678,3,0.6520042098829784,0.5002603422574197,-1162.838801001222,1885.5338988239996,5.744712325395085e-06,935,986,1.882335795647345,0.0025293748228680454,32,0
1921,676,7,0.6521851671830413,0.5002602091598961,-1254.670353330072,1886.5247954413944,8.107489520625677e-06,935,987,1.8824710323736205,0.029273339737263756,26,0
1922,683,8,0.6523661400647668,0.5002600713635866,-1148.819718849616,1887.5156967947405,5.7361226026841905e-06,936,987,1.8803116541576317,0.033418477899513604,30,0
1923,680,8,0.6520270722792865,0.5002599385403849,-1173.069385525728,1888.506598144156,8.095334123936482e-06,936,988,1.8783272942842306,0.010178634396483541,20,0
1924,673,4,0.6519481724199643,0.5002598010330381,-1174.7780605493,1889.4975042210442,5.727386678699986e-06,937,988,1.8858849622388811,0.0458270993681035,26,0
1925,680,5,0.652128764278278,0.5002596684833083,-1176.485872860315,1890.4884103051002,8.082560952971107e-06,937,989,1.8818544680839304,0.011903041432850175,30,0
1926,679,5,0.6520498634900949,0.5002595312640264,-1167.721046123107,1891.4793211071226,5.718288321077125e-06,938,989,1.8791963358968633,0.03595688787253172,16,0
1927,684,10,0.6519710744760188,0.5002593989869306,-1203.454251779602,1892.470231909958,8.070108833635459e-06,938,990,1.8789184650089972,0.0198232803909055,28,0
1928,685,8,0.6521513737687328,0.5002592620548085,-1171.194418324689,1893.4611474254843,5.7095655847660964e-06,939,990,1.8786392742063907,0.005105367802491508,38,0
1929,680,5,0.652072583847488,0.5002591300495026,-1249.883274616665,1894.4520629424273,8.057616696532932e-06,939,991,1.8783616007294657,0.01613091816578169,22,0
1930,684,7,0.6519939053710676,0.5002589934036321,-1190.568541151373,1895.44298316597,5.700094106941833e-06,940,991,1.87851014537424,0.015058125918821457,34,1
1931,689,10,0.6521739130436673,0.5002588616692799,-1181.17135734772,1896.4339033899696,8.04458341008285e-06,940,992,1.8765338064449506,0.0015611556117075644,20,0
1932,678,5,0.6520952336817389,0.5002587253087631,-1182.871782310007,1897.4248283094512,5.691835895049735e-06,941,992,1.8807831452515964,0.006587778960522086,26,0
1933,684,5,0.6520166654367435,0.500258593844535,-1288.194520795852,1898.4157532363051,8.032028972593253e-06,941,993,1.880553560812416,0.01050873773974599,18,0
1934,684,7,0.6521963824287741,0.5002584577684938,-1363.550178850864,1899.4066828502275,5.682501523551764e-06,942,993,1.8773961627272842,0.005217440596431978,24,0
1935,685,12,0.6521178133200712,0.5002583265735585,-1255.925708051464,1900.3976124676487,8.020286259124987e-06,942,994,1.8763286445820413,0.009086764527671577,20,0
1936,682,6,0.6520393550016298,0.5002581907810899,-1357.551135284612,1901.388546766594,5.674309022651869e-06,943,994,1.8801638711491109,0.01025170850528957,30,0
1937,686,8,0.6522187822496891,0.5002580598546056,-1215.639956712585,1902.3794810687505,8.007503538465244e-06,943,995,1.8766754595664406,0.005274126275495027,25,0
1938,683,5,0.6521403230888778,0.5002579243448263,-1292.934737669201,1903.3704200466984,5.665311618940905e-06,944,995,1.8775609378925189,0.0029615337957871993,22,0
1939,688,7,0.6520619743932203,0.5002577936860017,-1189.210883044266,1904.3613590282173,7.994867701199837e-06,944,996,1.8774021842178765,0.017823024744345082,12,0
1940,693,13,0.6522411128283822,0.5002576584580353,-2870.075861106451,1905.352302674752,5.65673985875037e-06,945,996,1.8772090259883194,0.0007045740501088716,16,0
1941,691,10,0.6521627633114008,0.5002575280660194,-1242.473785575375,1906.3432463223776,7.982840315889916e-06,945,997,1.8774266139240519,0.0023164937194630995,26,1
1942,696,13,0.6520845239363388,0.5002573931189828,-1399.860096606423,1907.3341946361734,5.647743591907783e-06,946,997,1.8775813381660278,0.004054124503614727,25,0
1943,684,5,0.6522633744856331,0.5002572629929668,-1195.974911442021,1908.3251429518402,7.970637852849904e-06,946,998,1.8778676339017255,0.010845945161135677,22,0
1944,684,4,0.6519281385539468,0.5002571283259833,-1238.006361336967,1909.3160959199056,5.63978551326727e-06,947,998,1.8820717168881238,0.02905188792125931,32,0
1945,694,9,0.6521070039540672,0.5002569984651648,-1193.817725908177,1910.307048885679,7.95796995589626e-06,947,999,1.8781726030528414,0.0008770818786461606,28,0
1946,690,10,0.6522855675398975,0.5002568640773698,-1246.19552122872,1911.2980065032712,5.630444775306387e-06,948,999,1.8783704261203926,0.01949255196634711,20,0
1947,698,14,0.6519507186856541,0.5002567344809342,-1248.132070537811,1912.2889641217441,7.946015784909832e-06,948,1000,1.8785303012786643,0.0012774994826831691,33,0
1948,694,10,0.6521294147674375,0.5002566003714568,-1337.447548201123,1913.2799263815657,5.622294338536449e-06,949,1000,1.878767171582623,0.004665624052018618,22,0
1949,693,8,0.652307692307514,0.500256471038596,-1318.460811646308,1914.2708886423811,7.933710776342195e-06,949,1001,1.8789533335809616,0.0003433475072546955,20,0
1950,690,6,0.6519733470016272,0.5002563372065679,-1243.491560920165,1915.2618555382285,5.613633447865141e-06,950,1001,1.8797203552308934,0.01838437835878635,22,0
1951,690,7,0.6518955357208406,0.5002562081364668,-1183.777973369319,1916.2528224328266,7.921488304418745e-06,950,1002,1.87936503098407,0.004716781095663449,24,0
1952,694,10,0.6523297491039417,0.500256074581036,-1407.946228651327,1917.2437939550302,5.605005753750447e-06,951,1002,1.8795968998361126,0.0002589614797491322,26,0
1953,691,7,0.6519959058339899,0.5002559457729155,-1292.756453098651,1918.2347654744046,7.909531404948211e-06,951,1003,1.8798583874234394,0.011190316878148658,30,0
1954,692,11,0.6519182023584087,0.5002558124932157,-1193.751403213235,1919.2257416185664,5.596074515779037e-06,952,1003,1.8799057066574552,0.002896626178902622,18,0
1955,689,7,0.6520961583270205,0.5002556839462676,-1195.458783653928,1920.2167177617189,7.897456043792772e-06,952,1004,1.8801847679091486,0.0012087337616837586,22,0
1956,687,4,0.652018395503282,0.5002555555706785,-1197.165315894001,1921.20769851599,5.587778105109464e-06,952,1005,1.8803504610073853,0.04358196196948641,28,0
1957,689,7,0.651940799537768,0.5002554226548963,-1188.648995940925,1922.1986792734608,7.885031209298177e-06,953,1005,1.8804561775551254,0.00837671615445926,24,0
1958,694,10,0.6521184714505797,0.5002552945391647,-1297.276320741709,1923.1896646368564,5.578977607001434e-06,953,1006,1.880613960081429,0.017528421740380017,22,0
1959,692,6,0.6520408163265832,0.5002551618971403,-1175.461843650328,1924.18064999801,7.873153890614049e-06,954,1006,1.8807848441530481,0.024760247332279234,16,0
1960,686,3,0.6519633275775772,0.5002550340404817,-1352.694980715992,1925.1716399603047,5.5708792388031725e-06,954,1007,1.8810322667953354,0.014856729642837596,16,1
1961,694,8,0.6521407163384083,0.5002549016713683,-1200.141608519215,1926.1626299212346,7.860943469495396e-06,955,1007,1.881148398057292,0.014282651610658968,32,0
1962,690,5,0.6520631686193706,0.5002547740729948,-1201.841710942114,1927.1536244765418,5.561822263189242e-06,955,1008,1.8813410466909302,0.023335108420381712,32,0
1963,697,11,0.6519857867941705,0.5002546419759583,-1203.54097545439,1928.14461903081,7.849213034205604e-06,956,1008,1.8814802073695587,0.011541912070548872,26,0
1964,698,8,0.6521628933028041,0.5002545146351037,-1356.072034798808,1929.135618170225,5.553408982450492e-06,956,1009,1.8816451222650876,0.0150256106587542,24,0
1965,695,7,0.6520854526957268,0.5002543828093055,-1219.292650135179,1930.12661730739,7.837184966774657e-06,957,1009,1.8818246755656438,0.0205313621803903,22,0
1966,691,7,0.6520081775033111,0.500254255725174,-1399.204441731853,1931.1176210269148,5.544912255572854e-06,957,1010,1.8821003045315825,0.007123109169137133,28,0
1967,695,4,0.6521850026549795,0.500254124169779,-1189.824140108666,1932.108624742568,7.82486404204974e-06,958,1010,1.8821833463710589,0.025276972121948425,22,1
1968,700,9,0.652107668867513,0.5002539973415927,-1359.432747186082,1933.0996330325472,5.536845719689154e-06,958,1011,1.882013378146989,0.014578854750479053,30,0
1969,698,11,0.6520305000177158,0.5002538660557652,-1293.64272078039,1934.0906413199261,7.81321386966738e-06,959,1011,1.8825482816581833,0.018076770313495173,25,0
1970,697,7,0.6522070447033097,0.5002537394827639,-1321.174880166131,1935.081654178022,5.527205985345063e-06,959,1012,1.882700535122072,0.0064117318606762815,30,0
1971,699,8,0.652129817443959,0.5002536084656812,-1211.56181955682,1936.0726670295865,7.801216497682617e-06,960,1012,1.8828418018715247,0.010195825456262641,24,0
1972,690,5,0.6520527546478297,0.5002534821470872,-1362.777198547737,1937.0636844375156,5.519624437511084e-06,960,1013,1.8831079824416412,0.015367080663188093,20,0
1973,700,9,0.6522290197547244,0.5002533513979269,-1143.594315476521,1938.0547018464847,7.789771188981831e-06,961,1013,1.882720672369682,0.004708630157382136,14,0
1974,700,9,0.6521518987340349,0.500253225332984,-1297.967119265906,1939.0457238078607,5.5112102472776314e-06,961,1014,1.8820857166691491,0.00312980759338925,31,0
1975,697,10,0.6520749417034778,0.5002530948509104,-1344.17488671448,1940.0367457729815,7.77721743361326e-06,962,1014,1.8835702663093115,0.014879021140443226,28,0
1976,699,6,0.6522509281140902,0.5002529690388327,-1214.4696161611,1941.0277722748763,5.502376779986662e-06,962,1015,1.882729564688888,0.004759532243707656,22,0
1977,708,11,0.6521739130436673,0.500252838823049,-1216.154529403295,1942.018798780581,7.766222097416176e-06,963,1015,1.8824770395600683,0.004404888718547215,26,0
1978,695,8,0.6520970500247584,0.5002527132631103,-1217.838626655832,1943.0098298222424,5.4945155625318876e-06,963,1016,1.884109310328931,0.012996315820979371,24,0
1979,704,10,0.6522727700845206,0.5002525833127861,-1347.133845089134,1944.00086086338,7.754063062748173e-06,964,1016,1.8812061631136028,0.004810825357765398,30,0
1980,702,7,0.6521958606764613,0.5002524580041907,-1201.428765564392,1944.9918964344884,5.486221652972745e-06,964,1017,1.8836506248945906,0.012154036678123734,30,0
1981,697,8,0.651866914779997,0.5002523283185255,-1203.171585525283,1945.9829320053327,7.742281241007731e-06,965,1017,1.884617230496162,0.0052505490997233955,22,0
1982,700,8,0.6520423600604099,0.5002522032605555,-1293.36244168155,1946.9739720973298,5.4775612170487875e-06,965,1018,1.882365427208492,0.004862511055851459,30,0
1983,698,4,0.6522177419355581,0.5002520738387283,-1195.894379977171,1947.9650121907719,7.730850029474823e-06,966,1018,1.884964587880834,0.04355944517269977,24,0
1984,696,7,0.65188928201196,0.5002519490306087,-1212.928795828257,1948.9560568034053,5.46967771697382e-06,966,1019,1.8848623266136997,0.005306180829610999,32,0
1985,696,3,0.6520644511579915,0.5002518198718333,-1379.431987121674,1949.9471014119151,7.719084806012688e-06,967,1019,1.8835460284381111,0.012852304003901024,28,0
1986,702,10,0.6519879639046653,0.5002516953128229,-1216.342475547252,1950.9381505311226,5.461131422634935e-06,967,1020,1.8821221253544858,0.009198110779596412,20,0
1987,700,10,0.6519115817375349,0.500251566416284,-1218.048063068023,1951.9291996472443,7.707798658884712e-06,968,1020,1.8830345212512067,0.00536222889791348,32,0
1988,706,9,0.6520864756160352,0.5002514421056365,-1299.577462829858,1952.9202532708036,5.452835466712713e-06,968,1021,1.8808425795628385,0.02183185424426933,29,0
1989,697,5,0.6520100925459513,0.5002513134705411,-1382.993390465437,1953.9113068931015,7.695487511227839e-06,969,1021,1.8852855546565295,0.013000172956203537,26,0
1990,697,2,0.651933814261983,0.500251189407514,-1202.682617979122,1954.9023650102492,5.444282805910916e-06,969,1022,1.883836452896991,0.02508438092173852,18,0
1991,707,8,0.6521084337350542,0.5002510610330613,-1230.421039779141,1955.893423130211,7.683777084821486e-06,970,1022,1.8824016761676905,0.020567243269674036,24,0
1992,705,11,0.6520321545682416,0.5002509372169192,-1292.138069590824,1956.884485731025,5.436256060420419e-06,970,1023,1.881756355705342,0.011713081112376525,24,1
1993,708,9,0.6519559798883806,0.5002508091023271,-1326.990174188237,1957.8755483396085,7.673019581488916e-06,971,1023,1.8799580941438085,0.0015563702782718132,33,0
1994,711,8,0.6521303258144798,0.5002506855323378,-1224.415028138849,1958.8666154278467,5.4280012591334525e-06,971,1024,1.881245853349339,0.014634540787599178,32,0
1995,702,10,0.6520541502717664,0.500250557676817,-1216.33107554788,1959.857682514607,7.660956953259301e-06,972,1024,1.8825525549855984,0.006453622263585947,14,0
1996,706,5,0.6519780789184455,0.5002504343522297,-1218.058372358407,1960.8487540805363,5.420206662165583e-06,972,1025,1.8795802160430877,0.004349468044316988,36,0
1997,707,7,0.6521521521520419,0.5002503067549832,-1296.119048253979,1961.8398256462197,7.649685358046554e-06,973,1025,1.8816471650906086,0.0051268825621402945,19,0
1998,707,13,0.6520760799555706,0.5002501836750805,-2949.06840119909,1962.830901676343,5.411594884208171e-06,973,1026,1.8794552988628528,0.0005876305984386287,20,0
1999,708,7,0.6520001116517807,0.5002500563353431,-1227.353178298448,1963.821977710812,7.637785074621206e-06,974,1026,1.8784374242612525,0.009582853469489037,38,0
2000,708,8,0.6521739130433578,0.5002499334994016,-1229.045334717615,1964.8130582015335,5.403630439104745e-06,974,1027,1.880103061648755,0.0051809562736469675,28,0
